human	symbol	mouse	rat
ENSG00000000003	TSPAN6	ENSMUSG00000067377	ENSRNOG00000003786
ENSG00000000005	TNMD	ENSMUSG00000031250	ENSRNOG00000060970
ENSG00000000419	DPM1	ENSMUSG00000078919	ENSRNOG00000010993
ENSG00000000457	SCYL3	ENSMUSG00000026584	ENSRNOG00000025318
ENSG00000000460	FIRRM	ENSMUSG00000041406	ENSRNOG00000059276
ENSG00000000938	FGR	ENSMUSG00000028874	ENSRNOG00000009912
ENSG00000001036	FUCA2	ENSMUSG00000019810	ENSRNOG00000015551
ENSG00000001084	GCLC	ENSMUSG00000032350	ENSRNOG00000006302
ENSG00000001167	NFYA	ENSMUSG00000023994	ENSRNOG00000012702
ENSG00000001460	STPG1	ENSMUSG00000028801	ENSRNOG00000031448
ENSG00000001461	NIPAL3	ENSMUSG00000028803	ENSRNOG00000037165
ENSG00000001497	LAS1L	ENSMUSG00000057421	ENSRNOG00000021748
ENSG00000001561	ENPP4	ENSMUSG00000023961	ENSRNOG00000010174
ENSG00000001617	SEMA3F	ENSMUSG00000034684	ENSRNOG00000017704
ENSG00000001626	CFTR	ENSMUSG00000041301	ENSRNOG00000055103
ENSG00000001629	ANKIB1	ENSMUSG00000040351	ENSRNOG00000005502
ENSG00000001630	CYP51A1	ENSMUSG00000001467	ENSRNOG00000007234
ENSG00000001631	KRIT1	ENSMUSG00000000600	ENSRNOG00000007937
ENSG00000002016	RAD52	ENSMUSG00000030166	ENSRNOG00000009742
ENSG00000002330	BAD	ENSMUSG00000024959	ENSRNOG00000021147
ENSG00000002549	LAP3	ENSMUSG00000039682	ENSRNOG00000003289
ENSG00000002587	HS3ST1	ENSMUSG00000051022	ENSRNOG00000068537
ENSG00000002745	WNT16	ENSMUSG00000029671	ENSRNOG00000005781
ENSG00000002746	HECW1	ENSMUSG00000021301	ENSRNOG00000016046
ENSG00000002822	MAD1L1	ENSMUSG00000029554	ENSRNOG00000001265
ENSG00000002834	LASP1	ENSMUSG00000038366	ENSRNOG00000004132
ENSG00000002919	SNX11	ENSMUSG00000020876	ENSRNOG00000008642
ENSG00000002933	TMEM176A	ENSMUSG00000023367	ENSRNOG00000023708
ENSG00000003056	M6PR	ENSMUSG00000007458	ENSRNOG00000014992
ENSG00000003096	KLHL13	ENSMUSG00000036782	ENSRNOG00000014029
ENSG00000003137	CYP26B1	ENSMUSG00000063415	ENSRNOG00000015076
ENSG00000003147	ICA1	ENSMUSG00000062995	ENSRNOG00000008628
ENSG00000003249	DBNDD1	ENSMUSG00000031970	ENSRNOG00000026974
ENSG00000003393	ALS2	ENSMUSG00000026024	ENSRNOG00000023280
ENSG00000003402	CFLAR	ENSMUSG00000026031	ENSRNOG00000012473
ENSG00000003436	TFPI	ENSMUSG00000027082	ENSRNOG00000005039
ENSG00000003756	RBM5	ENSMUSG00000032580	ENSRNOG00000018153
ENSG00000003987	MTMR7	ENSMUSG00000039431	ENSRNOG00000011420
ENSG00000003989	SLC7A2	ENSMUSG00000031596	ENSRNOG00000011016
ENSG00000004139	SARM1	ENSMUSG00000050132	ENSRNOG00000010244
ENSG00000004142	POLDIP2	ENSMUSG00000001100	ENSRNOG00000009252
ENSG00000004399	PLXND1	ENSMUSG00000030123	ENSRNOG00000025209
ENSG00000004455	AK2	ENSMUSG00000028792	ENSRNOG00000000122
ENSG00000004468	CD38	ENSMUSG00000029084	ENSRNOG00000003069
ENSG00000004478	FKBP4	ENSMUSG00000030357	ENSRNOG00000006444
ENSG00000004487	KDM1A	ENSMUSG00000036940	ENSRNOG00000022372
ENSG00000004534	RBM6	ENSMUSG00000032582	ENSRNOG00000018333
ENSG00000004660	CAMKK1	ENSMUSG00000020785	ENSRNOG00000018242
ENSG00000004700	RECQL	ENSMUSG00000030243	ENSRNOG00000012602
ENSG00000004766	VPS50	ENSMUSG00000001376	ENSRNOG00000009894
ENSG00000004776	HSPB6	ENSMUSG00000036854	ENSRNOG00000020922
ENSG00000004777	ARHGAP33	ENSMUSG00000036882	ENSRNOG00000024677
ENSG00000004779	NDUFAB1	ENSMUSG00000030869	ENSRNOG00000018129
ENSG00000004799	PDK4	ENSMUSG00000019577	ENSRNOG00000009565
ENSG00000004809	SLC22A16	ENSMUSG00000019834	ENSRNOG00000063767
ENSG00000004838	ZMYND10	ENSMUSG00000010044	ENSRNOG00000021602
ENSG00000004846	ABCB5	ENSMUSG00000072791	ENSRNOG00000006398
ENSG00000004848	ARX	ENSMUSG00000035277	ENSRNOG00000053562
ENSG00000004864	SLC25A13	ENSMUSG00000015112	ENSRNOG00000009957
ENSG00000004866	ST7	ENSMUSG00000029534	ENSRNOG00000056243
ENSG00000004897	CDC27	ENSMUSG00000020687	ENSRNOG00000005904
ENSG00000004939	SLC4A1	ENSMUSG00000006574	ENSRNOG00000020951
ENSG00000004948	CALCR	ENSMUSG00000023964	ENSRNOG00000010053
ENSG00000004961	HCCS	ENSMUSG00000031352	ENSRNOG00000025910
ENSG00000004975	DVL2	ENSMUSG00000020888	ENSRNOG00000017915
ENSG00000005001	PRSS22	ENSMUSG00000045027	ENSRNOG00000039698
ENSG00000005007	UPF1	ENSMUSG00000058301	ENSRNOG00000020134
ENSG00000005020	SKAP2	ENSMUSG00000059182	ENSRNOG00000012228
ENSG00000005059	MCUB	ENSMUSG00000027994	ENSRNOG00000009433
ENSG00000005073	HOXA11	ENSMUSG00000038210	ENSRNOG00000059870
ENSG00000005100	DHX33	ENSMUSG00000040620	ENSRNOG00000007054
ENSG00000005102	MEOX1	ENSMUSG00000001493	ENSRNOG00000020803
ENSG00000005108	THSD7A	ENSMUSG00000032625	ENSRNOG00000030151
ENSG00000005156	LIG3	ENSMUSG00000020697	ENSRNOG00000021815
ENSG00000005175	RPAP3	ENSMUSG00000022466	ENSRNOG00000053405
ENSG00000005187	ACSM3	ENSMUSG00000030935	ENSRNOG00000032246
ENSG00000005189	REXO5	ENSMUSG00000030924	ENSRNOG00000014513
ENSG00000005194	CIAPIN1	ENSMUSG00000031781	ENSRNOG00000016234
ENSG00000005206	SPPL2B	ENSMUSG00000035206	ENSRNOG00000057881
ENSG00000005238	ATOSB	ENSMUSG00000036002	ENSRNOG00000009323
ENSG00000005243	COPZ2	ENSMUSG00000018672	ENSRNOG00000009225
ENSG00000005249	PRKAR2B	ENSMUSG00000002997	ENSRNOG00000009079
ENSG00000005339	CREBBP	ENSMUSG00000022521	ENSRNOG00000005330
ENSG00000005379	TSPOAP1	ENSMUSG00000034156	ENSRNOG00000007957
ENSG00000005381	MPO	ENSMUSG00000009350	ENSRNOG00000008310
ENSG00000005421	PON1	ENSMUSG00000002588	ENSRNOG00000008902
ENSG00000005436	GCFC2	ENSMUSG00000035125	ENSRNOG00000006888
ENSG00000005448	WDR54	ENSMUSG00000030032	ENSRNOG00000009324
ENSG00000005469	CROT	ENSMUSG00000003623	ENSRNOG00000006779
ENSG00000005471	ABCB4	ENSMUSG00000042476	ENSRNOG00000066042
ENSG00000005483	KMT2E	ENSMUSG00000029004	ENSRNOG00000021614
ENSG00000005486	RHBDD2	ENSMUSG00000039917	ENSRNOG00000001443
ENSG00000005513	SOX8	ENSMUSG00000024176	ENSRNOG00000018841
ENSG00000005700	IBTK	ENSMUSG00000035941	ENSRNOG00000027728
ENSG00000005810	MYCBP2	ENSMUSG00000033004	ENSRNOG00000010479
ENSG00000005812	FBXL3	ENSMUSG00000022124	ENSRNOG00000059334
ENSG00000005844	ITGAL	ENSMUSG00000030830	ENSRNOG00000017980
ENSG00000005882	PDK2	ENSMUSG00000038967	ENSRNOG00000004172
ENSG00000005884	ITGA3	ENSMUSG00000001507	ENSRNOG00000004276
ENSG00000005889	ZFX	ENSMUSG00000079509	ENSRNOG00000005624
ENSG00000005893	LAMP2	ENSMUSG00000016534	ENSRNOG00000000164
ENSG00000005961	ITGA2B	ENSMUSG00000034664	ENSRNOG00000022071
ENSG00000005981	ASB4	ENSMUSG00000042607	ENSRNOG00000009197
ENSG00000006007	GDE1	ENSMUSG00000033917	ENSRNOG00000050445
ENSG00000006015	REX1BD	ENSMUSG00000058833	ENSRNOG00000019990
ENSG00000006016	CRLF1	ENSMUSG00000007888	ENSRNOG00000020030
ENSG00000006025	OSBPL7	ENSMUSG00000038534	ENSRNOG00000009473
ENSG00000006042	TMEM98	ENSMUSG00000035413	ENSRNOG00000021316
ENSG00000006047	YBX2	ENSMUSG00000018554	ENSRNOG00000017117
ENSG00000006062	MAP3K14	ENSMUSG00000020941	ENSRNOG00000003278
ENSG00000006071	ABCC8	ENSMUSG00000040136	ENSRNOG00000021130
ENSG00000006116	CACNG3	ENSMUSG00000066189	ENSRNOG00000012362
ENSG00000006118	TMEM132A	ENSMUSG00000024736	ENSRNOG00000021338
ENSG00000006125	AP2B1	ENSMUSG00000035152	ENSRNOG00000061543
ENSG00000006128	TAC1	ENSMUSG00000061762	ENSRNOG00000078101
ENSG00000006194	ZNF263	ENSMUSG00000022529	ENSRNOG00000007678
ENSG00000006210	CX3CL1	ENSMUSG00000031778	ENSRNOG00000016326
ENSG00000006282	SPATA20	ENSMUSG00000020867	ENSRNOG00000003273
ENSG00000006283	CACNA1G	ENSMUSG00000020866	ENSRNOG00000060528
ENSG00000006377	DLX6	ENSMUSG00000029754	ENSRNOG00000063630
ENSG00000006432	MAP3K9	ENSMUSG00000042724	ENSRNOG00000007271
ENSG00000006451	RALA	ENSMUSG00000008859	ENSRNOG00000013454
ENSG00000006453	BAIAP2L1	ENSMUSG00000038859	ENSRNOG00000001007
ENSG00000006459	KDM7A	ENSMUSG00000042599	ENSRNOG00000052445
ENSG00000006468	ETV1	ENSMUSG00000004151	ENSRNOG00000006867
ENSG00000006530	AGK	ENSMUSG00000029916	ENSRNOG00000011509
ENSG00000006534	ALDH3B1	ENSMUSG00000024885	ENSRNOG00000017512
ENSG00000006555	TTC22	ENSMUSG00000034919	ENSRNOG00000007189
ENSG00000006576	PHTF2	ENSMUSG00000039987	ENSRNOG00000013517
ENSG00000006607	FARP2	ENSMUSG00000034066	ENSRNOG00000018051
ENSG00000006611	USH1C	ENSMUSG00000030838	ENSRNOG00000021149
ENSG00000006625	GGCT	ENSMUSG00000002797	ENSRNOG00000034084
ENSG00000006634	DBF4	ENSMUSG00000002297	ENSRNOG00000050482
ENSG00000006638	TBXA2R	ENSMUSG00000034881	ENSRNOG00000020585
ENSG00000006652	IFRD1	ENSMUSG00000001627	ENSRNOG00000050997
ENSG00000006695	COX10	ENSMUSG00000042148	ENSRNOG00000024972
ENSG00000006704	GTF2IRD1	ENSMUSG00000023079	ENSRNOG00000001478
ENSG00000006712	PAF1	ENSMUSG00000003437	ENSRNOG00000019746
ENSG00000006715	VPS41	ENSMUSG00000041236	ENSRNOG00000012940
ENSG00000006740	ARHGAP44	ENSMUSG00000033389	ENSRNOG00000003603
ENSG00000006744	ELAC2	ENSMUSG00000020549	ENSRNOG00000003424
ENSG00000006747	SCIN	ENSMUSG00000002565	ENSRNOG00000004498
ENSG00000006788	MYH13	ENSMUSG00000060180	ENSRNOG00000067378
ENSG00000006831	ADIPOR2	ENSMUSG00000030168	ENSRNOG00000007990
ENSG00000006837	CDKL3	ENSMUSG00000020389	ENSRNOG00000059485
ENSG00000007001	UPP2	ENSMUSG00000026839	ENSRNOG00000005341
ENSG00000007038	PRSS21	ENSMUSG00000024116	ENSRNOG00000047969
ENSG00000007047	MARK4	ENSMUSG00000030397	ENSRNOG00000017069
ENSG00000007062	PROM1	ENSMUSG00000029086	ENSRNOG00000003098
ENSG00000007080	CCDC124	ENSMUSG00000007721	ENSRNOG00000018932
ENSG00000007168	PAFAH1B1	ENSMUSG00000020745	ENSRNOG00000002755
ENSG00000007174	DNAH9	ENSMUSG00000056752	ENSRNOG00000004171
ENSG00000007202	BLTP2	ENSMUSG00000010277	ENSRNOG00000011887
ENSG00000007216	SLC13A2	ENSMUSG00000001095	ENSRNOG00000010337
ENSG00000007237	GAS7	ENSMUSG00000033066	ENSRNOG00000049361
ENSG00000007255	TRAPPC6A	ENSMUSG00000002043	ENSRNOG00000017468
ENSG00000007264	MATK	ENSMUSG00000004933	ENSRNOG00000020431
ENSG00000007312	CD79B	ENSMUSG00000040592	ENSRNOG00000011917
ENSG00000007314	SCN4A	ENSMUSG00000001027	ENSRNOG00000012134
ENSG00000007341	ST7L	ENSMUSG00000045576	ENSRNOG00000014002
ENSG00000007350	TKTL1	ENSMUSG00000031397	ENSRNOG00000055557
ENSG00000007372	PAX6	ENSMUSG00000027168	ENSRNOG00000004410
ENSG00000007376	RPUSD1	ENSMUSG00000041199	ENSRNOG00000023639
ENSG00000007384	RHBDF1	ENSMUSG00000020282	ENSRNOG00000020594
ENSG00000007392	LUC7L	ENSMUSG00000024188	ENSRNOG00000020488
ENSG00000007402	CACNA2D2	ENSMUSG00000010066	ENSRNOG00000015835
ENSG00000007516	BAIAP3	ENSMUSG00000047507	ENSRNOG00000017893
ENSG00000007520	TSR3	ENSMUSG00000015126	ENSRNOG00000017858
ENSG00000007541	PIGQ	ENSMUSG00000025728	ENSRNOG00000020140
ENSG00000007545	CRAMP1	ENSMUSG00000038002	ENSRNOG00000024635
ENSG00000007866	TEAD3	ENSMUSG00000002249	ENSRNOG00000000506
ENSG00000007908	SELE	ENSMUSG00000026582	ENSRNOG00000002723
ENSG00000007923	DNAJC11	ENSMUSG00000039768	ENSRNOG00000008802
ENSG00000007933	FMO3	ENSMUSG00000026691	ENSRNOG00000003620
ENSG00000007944	MYLIP	ENSMUSG00000038175	ENSRNOG00000017579
ENSG00000007952	NOX1	ENSMUSG00000031257	ENSRNOG00000048706
ENSG00000007968	E2F2	ENSMUSG00000018983	ENSRNOG00000047741
ENSG00000008018	PSMB1	ENSMUSG00000014769	ENSRNOG00000001488
ENSG00000008056	SYN1	ENSMUSG00000037217	ENSRNOG00000010365
ENSG00000008083	JARID2	ENSMUSG00000038518	ENSRNOG00000045918
ENSG00000008086	CDKL5	ENSMUSG00000031292	ENSRNOG00000003742
ENSG00000008118	CAMK1G	ENSMUSG00000016179	ENSRNOG00000006470
ENSG00000008130	NADK	ENSMUSG00000029063	ENSRNOG00000016936
ENSG00000008196	TFAP2B	ENSMUSG00000025927	ENSRNOG00000011823
ENSG00000008197	TFAP2D	ENSMUSG00000042596	ENSRNOG00000011642
ENSG00000008226	DLEC1	ENSMUSG00000038060	ENSRNOG00000032085
ENSG00000008256	CYTH3	ENSMUSG00000018001	ENSRNOG00000001065
ENSG00000008277	ADAM22	ENSMUSG00000040537	ENSRNOG00000042478
ENSG00000008282	SYPL1	ENSMUSG00000020570	ENSRNOG00000009856
ENSG00000008283	CYB561	ENSMUSG00000019590	ENSRNOG00000007433
ENSG00000008294	SPAG9	ENSMUSG00000020859	ENSRNOG00000002749
ENSG00000008300	CELSR3	ENSMUSG00000023473	ENSRNOG00000053889
ENSG00000008311	AASS	ENSMUSG00000029695	ENSRNOG00000039494
ENSG00000008323	PLEKHG6	ENSMUSG00000038167	ENSRNOG00000019528
ENSG00000008324	SS18L2	ENSMUSG00000032526	ENSRNOG00000076482
ENSG00000008382	MPND	ENSMUSG00000003199	ENSRNOG00000048282
ENSG00000008394	MGST1	ENSMUSG00000008540	ENSRNOG00000007743
ENSG00000008405	CRY1	ENSMUSG00000020038	ENSRNOG00000006622
ENSG00000008438	PGLYRP1	ENSMUSG00000030413	ENSRNOG00000013395
ENSG00000008441	NFIX	ENSMUSG00000001911	ENSRNOG00000002983
ENSG00000008513	ST3GAL1	ENSMUSG00000013846	ENSRNOG00000008209
ENSG00000008516	MMP25	ENSMUSG00000023903	ENSRNOG00000071032
ENSG00000008710	PKD1	ENSMUSG00000032855	ENSRNOG00000010771
ENSG00000008735	MAPK8IP2	ENSMUSG00000022619	ENSRNOG00000032828
ENSG00000008838	MED24	ENSMUSG00000017210	ENSRNOG00000008711
ENSG00000008853	RHOBTB2	ENSMUSG00000022075	ENSRNOG00000017373
ENSG00000008869	HEATR5B	ENSMUSG00000039414	ENSRNOG00000025926
ENSG00000008952	SEC62	ENSMUSG00000027706	ENSRNOG00000009057
ENSG00000009335	UBE3C	ENSMUSG00000039000	ENSRNOG00000010702
ENSG00000009413	REV3L	ENSMUSG00000019841	ENSRNOG00000000593
ENSG00000009694	TENM1	ENSMUSG00000016150	ENSRNOG00000062454
ENSG00000009709	PAX7	ENSMUSG00000028736	ENSRNOG00000018739
ENSG00000009724	MASP2	ENSMUSG00000028979	ENSRNOG00000011258
ENSG00000009765	IYD	ENSMUSG00000019762	ENSRNOG00000016286
ENSG00000009780	FAM76A	ENSMUSG00000028878	ENSRNOG00000011254
ENSG00000009790	TRAF3IP3	ENSMUSG00000037318	ENSRNOG00000005565
ENSG00000009830	POMT2	ENSMUSG00000034126	ENSRNOG00000012146
ENSG00000009844	VTA1	ENSMUSG00000019868	ENSRNOG00000011540
ENSG00000009950	MLXIPL	ENSMUSG00000005373	ENSRNOG00000046171
ENSG00000009954	BAZ1B	ENSMUSG00000002748	ENSRNOG00000001453
ENSG00000010017	RANBP9	ENSMUSG00000038546	ENSRNOG00000017951
ENSG00000010072	SPRTN	ENSMUSG00000031986	ENSRNOG00000021330
ENSG00000010165	METTL13	ENSMUSG00000026694	ENSRNOG00000003042
ENSG00000010219	DYRK4	ENSMUSG00000030345	ENSRNOG00000053178
ENSG00000010244	ZNF207	ENSMUSG00000017421	ENSRNOG00000000236
ENSG00000010256	UQCRC1	ENSMUSG00000025651	ENSRNOG00000032134
ENSG00000010270	STARD3NL	ENSMUSG00000003062	ENSRNOG00000052429
ENSG00000010278	CD9	ENSMUSG00000030342	ENSRNOG00000019556
ENSG00000010282	HHATL	ENSMUSG00000032523	ENSRNOG00000019404
ENSG00000010292	NCAPD2	ENSMUSG00000038252	ENSRNOG00000055300
ENSG00000010295	IFFO1	ENSMUSG00000038271	ENSRNOG00000018533
ENSG00000010310	GIPR	ENSMUSG00000030406	ENSRNOG00000015860
ENSG00000010318	PHF7	ENSMUSG00000021902	ENSRNOG00000018996
ENSG00000010319	SEMA3G	ENSMUSG00000021904	ENSRNOG00000018952
ENSG00000010322	NISCH	ENSMUSG00000021910	ENSRNOG00000018823
ENSG00000010327	STAB1	ENSMUSG00000042286	ENSRNOG00000018434
ENSG00000010361	FUZ	ENSMUSG00000011658	ENSRNOG00000053084
ENSG00000010379	SLC6A13	ENSMUSG00000030108	ENSRNOG00000012876
ENSG00000010404	IDS	ENSMUSG00000035847	ENSRNOG00000001465
ENSG00000010610	CD4	ENSMUSG00000023274	ENSRNOG00000071219
ENSG00000010626	LRRC23	ENSMUSG00000030125	ENSRNOG00000026309
ENSG00000010671	BTK	ENSMUSG00000031264	ENSRNOG00000052407
ENSG00000010704	HFE	ENSMUSG00000006611	ENSRNOG00000016967
ENSG00000010803	SCMH1	ENSMUSG00000000085	ENSRNOG00000071308
ENSG00000010810	FYN	ENSMUSG00000019843	ENSRNOG00000000596
ENSG00000010818	HIVEP2	ENSMUSG00000015501	ENSRNOG00000011015
ENSG00000010932	FMO1	ENSMUSG00000040181	ENSRNOG00000034191
ENSG00000011007	ELOA	ENSMUSG00000028668	ENSRNOG00000010902
ENSG00000011009	LYPLA2	ENSMUSG00000028670	ENSRNOG00000010067
ENSG00000011021	CLCN6	ENSMUSG00000029016	ENSRNOG00000008345
ENSG00000011028	MRC2	ENSMUSG00000020695	ENSRNOG00000006548
ENSG00000011083	SLC6A7	ENSMUSG00000052026	ENSRNOG00000018644
ENSG00000011105	TSPAN9	ENSMUSG00000030352	ENSRNOG00000051620
ENSG00000011114	BTBD7	ENSMUSG00000041702	ENSRNOG00000008598
ENSG00000011132	APBA3	ENSMUSG00000004931	ENSRNOG00000020466
ENSG00000011143	MKS1	ENSMUSG00000034121	ENSRNOG00000008635
ENSG00000011198	ABHD5	ENSMUSG00000032540	ENSRNOG00000000221
ENSG00000011243	AKAP8L	ENSMUSG00000002625	ENSRNOG00000006355
ENSG00000011258	MBTD1	ENSMUSG00000059474	ENSRNOG00000049988
ENSG00000011260	UTP18	ENSMUSG00000054079	ENSRNOG00000002644
ENSG00000011275	RNF216	ENSMUSG00000045078	ENSRNOG00000001101
ENSG00000011295	TTC19	ENSMUSG00000042298	ENSRNOG00000002977
ENSG00000011332	DPF1	ENSMUSG00000030584	ENSRNOG00000020687
ENSG00000011347	SYT7	ENSMUSG00000024743	ENSRNOG00000026432
ENSG00000011376	LARS2	ENSMUSG00000035202	ENSRNOG00000004760
ENSG00000011405	PIK3C2A	ENSMUSG00000030660	ENSRNOG00000020479
ENSG00000011422	PLAUR	ENSMUSG00000046223	ENSRNOG00000037931
ENSG00000011451	WIZ	ENSMUSG00000024050	ENSRNOG00000006217
ENSG00000011454	RABGAP1	ENSMUSG00000035437	ENSRNOG00000009402
ENSG00000011465	DCN	ENSMUSG00000019929	ENSRNOG00000004554
ENSG00000011478	QPCTL	ENSMUSG00000030407	ENSRNOG00000015413
ENSG00000011485	PPP5C	ENSMUSG00000003099	ENSRNOG00000016907
ENSG00000011523	CEP68	ENSMUSG00000044066	ENSRNOG00000027282
ENSG00000011566	MAP4K3	ENSMUSG00000024242	ENSRNOG00000007172
ENSG00000011590	ZBTB32	ENSMUSG00000006310	ENSRNOG00000042465
ENSG00000011600	TYROBP	ENSMUSG00000030579	ENSRNOG00000020845
ENSG00000011638	LDAF1	ENSMUSG00000030917	ENSRNOG00000048250
ENSG00000011677	GABRA3	ENSMUSG00000031343	ENSRNOG00000056558
ENSG00000012048	BRCA1	ENSMUSG00000017146	ENSRNOG00000020701
ENSG00000012061	ERCC1	ENSMUSG00000003549	ENSRNOG00000017839
ENSG00000012124	CD22	ENSMUSG00000030577	ENSRNOG00000024000
ENSG00000012171	SEMA3B	ENSMUSG00000057969	ENSRNOG00000016512
ENSG00000012174	MBTPS2	ENSMUSG00000046873	ENSRNOG00000007644
ENSG00000012211	PRICKLE3	ENSMUSG00000031145	ENSRNOG00000022417
ENSG00000012223	LTF	ENSMUSG00000032496	ENSRNOG00000031779
ENSG00000012232	EXTL3	ENSMUSG00000021978	ENSRNOG00000013581
ENSG00000012504	NR1H4	ENSMUSG00000047638	ENSRNOG00000007197
ENSG00000012660	ELOVL5	ENSMUSG00000032349	ENSRNOG00000006331
ENSG00000012779	ALOX5	ENSMUSG00000025701	ENSRNOG00000012972
ENSG00000012817	KDM5D	ENSMUSG00000056673	ENSRNOG00000060496
ENSG00000012822	CALCOCO1	ENSMUSG00000023055	ENSRNOG00000015447
ENSG00000012963	UBR7	ENSMUSG00000041712	ENSRNOG00000008108
ENSG00000012983	MAP4K5	ENSMUSG00000034761	ENSRNOG00000004923
ENSG00000013016	EHD3	ENSMUSG00000024065	ENSRNOG00000007744
ENSG00000013275	PSMC4	ENSMUSG00000030603	ENSRNOG00000018994
ENSG00000013288	MAN2B2	ENSMUSG00000029119	ENSRNOG00000056162
ENSG00000013293	SLC7A14	ENSMUSG00000069072	ENSRNOG00000028097
ENSG00000013297	CLDN11	ENSMUSG00000037625	ENSRNOG00000010263
ENSG00000013306	SLC25A39	ENSMUSG00000018677	ENSRNOG00000020994
ENSG00000013364	MVP	ENSMUSG00000030681	ENSRNOG00000020182
ENSG00000013374	NUB1	ENSMUSG00000028954	ENSRNOG00000009282
ENSG00000013375	PGM3	ENSMUSG00000056131	ENSRNOG00000009515
ENSG00000013392	RWDD2A	ENSMUSG00000032417	ENSRNOG00000009599
ENSG00000013441	CLK1	ENSMUSG00000026034	ENSRNOG00000025768
ENSG00000013503	POLR3B	ENSMUSG00000034453	ENSRNOG00000007432
ENSG00000013523	ANGEL1	ENSMUSG00000021257	ENSRNOG00000010567
ENSG00000013561	RNF14	ENSMUSG00000060450	ENSRNOG00000045637
ENSG00000013563	DNASE1L1	ENSMUSG00000019088	ENSRNOG00000055641
ENSG00000013573	DDX11	ENSMUSG00000035842	ENSRNOG00000051528
ENSG00000013583	HEBP1	ENSMUSG00000042770	ENSRNOG00000000024
ENSG00000013588	GPRC5A	ENSMUSG00000046733	ENSRNOG00000008412
ENSG00000013725	CD6	ENSMUSG00000024670	ENSRNOG00000020884
ENSG00000013810	TACC3	ENSMUSG00000037313	ENSRNOG00000017259
ENSG00000014123	UFL1	ENSMUSG00000040359	ENSRNOG00000007831
ENSG00000014138	POLA2	ENSMUSG00000024833	ENSRNOG00000020906
ENSG00000014164	ZC3H3	ENSMUSG00000075600	ENSRNOG00000007684
ENSG00000014216	CAPN1	ENSMUSG00000024942	ENSRNOG00000020935
ENSG00000014257	ACP3	ENSMUSG00000032561	ENSRNOG00000011820
ENSG00000014641	MDH1	ENSMUSG00000020321	ENSRNOG00000008103
ENSG00000014824	SLC30A9	ENSMUSG00000029221	ENSRNOG00000002246
ENSG00000014914	MTMR11	ENSMUSG00000045934	ENSRNOG00000021176
ENSG00000014919	COX15	ENSMUSG00000040018	ENSRNOG00000017230
ENSG00000015133	CCDC88C	ENSMUSG00000021182	ENSRNOG00000004482
ENSG00000015153	YAF2	ENSMUSG00000022634	ENSRNOG00000004773
ENSG00000015171	ZMYND11	ENSMUSG00000021156	ENSRNOG00000014670
ENSG00000015285	WAS	ENSMUSG00000031165	ENSRNOG00000031058
ENSG00000015413	DPEP1	ENSMUSG00000019278	ENSRNOG00000015880
ENSG00000015475	BID	ENSMUSG00000004446	ENSRNOG00000012439
ENSG00000015479	MATR3	ENSMUSG00000037236	ENSRNOG00000019875
ENSG00000015520	NPC1L1	ENSMUSG00000020447	ENSRNOG00000049955
ENSG00000015532	XYLT2	ENSMUSG00000020868	ENSRNOG00000003728
ENSG00000015592	STMN4	ENSMUSG00000022044	ENSRNOG00000053334
ENSG00000015676	NUDCD3	ENSMUSG00000053838	ENSRNOG00000056148
ENSG00000016082	ISL1	ENSMUSG00000042258	ENSRNOG00000012556
ENSG00000016391	CHDH	ENSMUSG00000015970	ENSRNOG00000015859
ENSG00000016402	IL20RA	ENSMUSG00000020007	ENSRNOG00000012286
ENSG00000016490	CLCA1	ENSMUSG00000028255	ENSRNOG00000060831
ENSG00000016864	GLT8D1	ENSMUSG00000021916	ENSRNOG00000018179
ENSG00000017260	ATP2C1	ENSMUSG00000032570	ENSRNOG00000013305
ENSG00000017427	IGF1	ENSMUSG00000020053	ENSRNOG00000004517
ENSG00000017483	SLC38A5	ENSMUSG00000031170	ENSRNOG00000027767
ENSG00000018189	RUFY3	ENSMUSG00000029291	ENSRNOG00000003428
ENSG00000018236	CNTN1	ENSMUSG00000055022	ENSRNOG00000004438
ENSG00000018280	SLC11A1	ENSMUSG00000026177	ENSRNOG00000014956
ENSG00000018408	WWTR1	ENSMUSG00000027803	ENSRNOG00000016617
ENSG00000018510	AGPS	ENSMUSG00000042410	ENSRNOG00000001547
ENSG00000018610	STEEP1	ENSMUSG00000006423	ENSRNOG00000012564
ENSG00000018625	ATP1A2	ENSMUSG00000007097	ENSRNOG00000007290
ENSG00000019102	VSIG2	ENSMUSG00000001943	ENSRNOG00000033490
ENSG00000019144	PHLDB1	ENSMUSG00000048537	ENSRNOG00000026985
ENSG00000019169	MARCO	ENSMUSG00000026390	ENSRNOG00000049303
ENSG00000019186	CYP24A1	ENSMUSG00000038567	ENSRNOG00000013062
ENSG00000019485	PRDM11	ENSMUSG00000075028	ENSRNOG00000008674
ENSG00000019505	SYT13	ENSMUSG00000027220	ENSRNOG00000008000
ENSG00000019582	CD74	ENSMUSG00000024610	ENSRNOG00000018735
ENSG00000019991	HGF	ENSMUSG00000028864	ENSRNOG00000007027
ENSG00000019995	ZRANB1	ENSMUSG00000030967	ENSRNOG00000017294
ENSG00000020129	NCDN	ENSMUSG00000028833	ENSRNOG00000011751
ENSG00000020181	ADGRA2	ENSMUSG00000031486	ENSRNOG00000012991
ENSG00000020256	ZFP64	ENSMUSG00000027551	ENSRNOG00000012762
ENSG00000020426	MNAT1	ENSMUSG00000021103	ENSRNOG00000007267
ENSG00000020577	SAMD4A	ENSMUSG00000021838	ENSRNOG00000010489
ENSG00000020633	RUNX3	ENSMUSG00000070691	ENSRNOG00000054217
ENSG00000020922	MRE11	ENSMUSG00000031928	ENSRNOG00000009506
ENSG00000021300	PLEKHB1	ENSMUSG00000030701	ENSRNOG00000018627
ENSG00000021488	SLC7A9	ENSMUSG00000030492	ENSRNOG00000012344
ENSG00000021574	SPAST	ENSMUSG00000024068	ENSRNOG00000027136
ENSG00000021645	NRXN3	ENSMUSG00000066392	ENSRNOG00000047574
ENSG00000021762	OSBPL5	ENSMUSG00000037606	ENSRNOG00000020713
ENSG00000021776	AQR	ENSMUSG00000040383	ENSRNOG00000008912
ENSG00000021826	CPS1	ENSMUSG00000025991	ENSRNOG00000013704
ENSG00000021852	C8B	ENSMUSG00000029656	ENSRNOG00000007639
ENSG00000022277	RTF2	ENSMUSG00000027502	ENSRNOG00000005083
ENSG00000022355	GABRA1	ENSMUSG00000010803	ENSRNOG00000003512
ENSG00000022556	NLRP2	ENSMUSG00000035177	ENSRNOG00000049759
ENSG00000022567	SLC45A4	ENSMUSG00000079020	ENSRNOG00000007818
ENSG00000022840	RNF10	ENSMUSG00000041740	ENSRNOG00000001172
ENSG00000022976	ZNF839	ENSMUSG00000021271	ENSRNOG00000031661
ENSG00000023041	ZDHHC6	ENSMUSG00000024982	ENSRNOG00000036576
ENSG00000023171	GRAMD1B	ENSMUSG00000040111	ENSRNOG00000053577
ENSG00000023191	RNH1	ENSMUSG00000038650	ENSRNOG00000016416
ENSG00000023228	NDUFS1	ENSMUSG00000025968	ENSRNOG00000011849
ENSG00000023287	RB1CC1	ENSMUSG00000025907	ENSRNOG00000006833
ENSG00000023318	ERP44	ENSMUSG00000028343	ENSRNOG00000005841
ENSG00000023330	ALAS1	ENSMUSG00000032786	ENSRNOG00000056596
ENSG00000023445	BIRC3	ENSMUSG00000032000	ENSRNOG00000005731
ENSG00000023516	AKAP11	ENSMUSG00000022016	ENSRNOG00000009987
ENSG00000023572	GLRX2	ENSMUSG00000018196	ENSRNOG00000003385
ENSG00000023608	SNAPC1	ENSMUSG00000021113	ENSRNOG00000009296
ENSG00000023697	DERA	ENSMUSG00000030225	ENSRNOG00000007570
ENSG00000023734	STRAP	ENSMUSG00000030224	ENSRNOG00000007134
ENSG00000023839	ABCC2	ENSMUSG00000025194	ENSRNOG00000046727
ENSG00000023892	DEF6	ENSMUSG00000002257	ENSRNOG00000000502
ENSG00000023902	PLEKHO1	ENSMUSG00000015745	ENSRNOG00000021170
ENSG00000023909	GCLM	ENSMUSG00000028124	ENSRNOG00000013409
ENSG00000024048	UBR2	ENSMUSG00000023977	ENSRNOG00000015813
ENSG00000024422	EHD2	ENSMUSG00000074364	ENSRNOG00000011346
ENSG00000024526	DEPDC1	ENSMUSG00000028175	ENSRNOG00000009503
ENSG00000024862	CCDC28A	ENSMUSG00000059554	ENSRNOG00000053347
ENSG00000025039	RRAGD	ENSMUSG00000028278	ENSRNOG00000007331
ENSG00000025156	HSF2	ENSMUSG00000019878	ENSRNOG00000000808
ENSG00000025293	PHF20	ENSMUSG00000038116	ENSRNOG00000019948
ENSG00000025434	NR1H3	ENSMUSG00000002108	ENSRNOG00000013172
ENSG00000025708	TYMP	ENSMUSG00000022615	ENSRNOG00000032394
ENSG00000025770	NCAPH2	ENSMUSG00000008690	ENSRNOG00000009598
ENSG00000025796	SEC63	ENSMUSG00000019802	ENSRNOG00000000314
ENSG00000025800	KPNA6	ENSMUSG00000003731	ENSRNOG00000000127
ENSG00000026025	VIM	ENSMUSG00000026728	ENSRNOG00000018087
ENSG00000026103	FAS	ENSMUSG00000024778	ENSRNOG00000019142
ENSG00000026508	CD44	ENSMUSG00000005087	ENSRNOG00000006094
ENSG00000026559	KCNG1	ENSMUSG00000074575	ENSRNOG00000054314
ENSG00000026652	AGPAT4	ENSMUSG00000023827	ENSRNOG00000017731
ENSG00000026751	SLAMF7	ENSMUSG00000038179	ENSRNOG00000023209
ENSG00000026950	BTN3A1	ENSMUSG00000108763	ENSRNOG00000068993
ENSG00000027001	MIPEP	ENSMUSG00000021993	ENSRNOG00000013876
ENSG00000027075	PRKCH	ENSMUSG00000021108	ENSRNOG00000004873
ENSG00000027644	INSRR	ENSMUSG00000005640	ENSRNOG00000057702
ENSG00000027697	IFNGR1	ENSMUSG00000020009	ENSRNOG00000012074
ENSG00000027847	B4GALT7	ENSMUSG00000021504	ENSRNOG00000021886
ENSG00000027869	SH2D2A	ENSMUSG00000028071	ENSRNOG00000013294
ENSG00000028116	VRK2	ENSMUSG00000064090	ENSRNOG00000007864
ENSG00000028137	TNFRSF1B	ENSMUSG00000028599	ENSRNOG00000016575
ENSG00000028203	VEZT	ENSMUSG00000036099	ENSRNOG00000006514
ENSG00000028277	POU2F2	ENSMUSG00000008496	ENSRNOG00000055650
ENSG00000028310	BRD9	ENSMUSG00000057649	ENSRNOG00000015676
ENSG00000028528	SNX1	ENSMUSG00000032382	ENSRNOG00000017029
ENSG00000028839	TBPL1	ENSMUSG00000071359	ENSRNOG00000066988
ENSG00000029153	BMAL2	ENSMUSG00000040187	ENSRNOG00000001830
ENSG00000029363	BCLAF1	ENSMUSG00000037608	ENSRNOG00000058050
ENSG00000029364	SLC39A9	ENSMUSG00000048833	ENSRNOG00000005052
ENSG00000029534	ANK1	ENSMUSG00000031543	ENSRNOG00000018241
ENSG00000029559	IBSP	ENSMUSG00000029306	ENSRNOG00000002158
ENSG00000029639	TFB1M	ENSMUSG00000036983	ENSRNOG00000056223
ENSG00000029725	RABEP1	ENSMUSG00000020817	ENSRNOG00000005015
ENSG00000030066	NUP160	ENSMUSG00000051329	ENSRNOG00000028215
ENSG00000030110	BAK1	ENSMUSG00000057789	ENSRNOG00000000485
ENSG00000030304	MUSK	ENSMUSG00000057280	ENSRNOG00000033567
ENSG00000030419	IKZF2	ENSMUSG00000025997	ENSRNOG00000027430
ENSG00000030582	GRN	ENSMUSG00000034708	ENSRNOG00000021031
ENSG00000031003	FAM13B	ENSMUSG00000036501	ENSRNOG00000020384
ENSG00000031081	ARHGAP31	ENSMUSG00000022799	ENSRNOG00000003088
ENSG00000031691	CENPQ	ENSMUSG00000023919	ENSRNOG00000056226
ENSG00000031698	SARS1	ENSMUSG00000068739	ENSRNOG00000020255
ENSG00000031823	RANBP3	ENSMUSG00000002372	ENSRNOG00000049785
ENSG00000032219	ARID4A	ENSMUSG00000048118	ENSRNOG00000026239
ENSG00000032389	EIPR1	ENSMUSG00000036613	ENSRNOG00000009285
ENSG00000032444	PNPLA6	ENSMUSG00000004565	ENSRNOG00000000977
ENSG00000032742	IFT88	ENSMUSG00000040040	ENSRNOG00000009278
ENSG00000033030	ZCCHC8	ENSMUSG00000029427	ENSRNOG00000001243
ENSG00000033050	ABCF2	ENSMUSG00000028953	ENSRNOG00000010609
ENSG00000033100	CHPF2	ENSMUSG00000038181	ENSRNOG00000010466
ENSG00000033122	LRRC7	ENSMUSG00000028176	ENSRNOG00000011980
ENSG00000033170	FUT8	ENSMUSG00000021065	ENSRNOG00000008451
ENSG00000033178	UBA6	ENSMUSG00000035898	ENSRNOG00000021931
ENSG00000033327	GAB2	ENSMUSG00000004508	ENSRNOG00000011882
ENSG00000033627	ATP6V0A1	ENSMUSG00000019302	ENSRNOG00000036814
ENSG00000033800	PIAS1	ENSMUSG00000032405	ENSRNOG00000034272
ENSG00000033867	SLC4A7	ENSMUSG00000021733	ENSRNOG00000005957
ENSG00000034053	APBA2	ENSMUSG00000030519	ENSRNOG00000016358
ENSG00000034152	MAP2K3	ENSMUSG00000018932	ENSRNOG00000065992
ENSG00000034239	CLXN	ENSMUSG00000068617	ENSRNOG00000050091
ENSG00000034533	ASTE1	ENSMUSG00000032567	ENSRNOG00000013059
ENSG00000034693	PEX3	ENSMUSG00000019809	ENSRNOG00000015660
ENSG00000034971	MYOC	ENSMUSG00000026697	ENSRNOG00000003221
ENSG00000035115	SH3YL1	ENSMUSG00000020669	ENSRNOG00000005522
ENSG00000035141	FAM136A	ENSMUSG00000057497	ENSRNOG00000016273
ENSG00000035403	VCL	ENSMUSG00000021823	ENSRNOG00000010765
ENSG00000035499	DEPDC1B	ENSMUSG00000021697	ENSRNOG00000010701
ENSG00000035664	DAPK2	ENSMUSG00000032380	ENSRNOG00000017332
ENSG00000035681	NSMAF	ENSMUSG00000028245	ENSRNOG00000010234
ENSG00000035687	ADSS2	ENSMUSG00000015961	ENSRNOG00000004481
ENSG00000035720	STAP1	ENSMUSG00000029254	ENSRNOG00000002014
ENSG00000035862	TIMP2	ENSMUSG00000017466	ENSRNOG00000089169
ENSG00000035928	RFC1	ENSMUSG00000029191	ENSRNOG00000002855
ENSG00000036054	TBC1D23	ENSMUSG00000022749	ENSRNOG00000001642
ENSG00000036257	CUL3	ENSMUSG00000004364	ENSRNOG00000015633
ENSG00000036448	MYOM2	ENSMUSG00000031461	ENSRNOG00000011754
ENSG00000036473	OTC	ENSMUSG00000031173	ENSRNOG00000003370
ENSG00000036530	CYP46A1	ENSMUSG00000021259	ENSRNOG00000007147
ENSG00000036549	ZZZ3	ENSMUSG00000039068	ENSRNOG00000050321
ENSG00000036565	SLC18A1	ENSMUSG00000036330	ENSRNOG00000011992
ENSG00000036672	USP2	ENSMUSG00000032010	ENSRNOG00000006663
ENSG00000036828	CASR	ENSMUSG00000051980	ENSRNOG00000002265
ENSG00000037042	TUBG2	ENSMUSG00000045007	ENSRNOG00000006494
ENSG00000037280	FLT4	ENSMUSG00000020357	ENSRNOG00000002511
ENSG00000037474	NSUN2	ENSMUSG00000021595	ENSRNOG00000017254
ENSG00000037637	FBXO42	ENSMUSG00000028920	ENSRNOG00000014305
ENSG00000037749	MFAP3	ENSMUSG00000020522	ENSRNOG00000002443
ENSG00000037757	MRI1	ENSMUSG00000004996	ENSRNOG00000026211
ENSG00000037897	METTL1	ENSMUSG00000006732	ENSRNOG00000047895
ENSG00000037965	HOXC8	ENSMUSG00000001657	ENSRNOG00000028619
ENSG00000038002	AGA	ENSMUSG00000031521	ENSRNOG00000000108
ENSG00000038210	PI4K2B	ENSMUSG00000029186	ENSRNOG00000003924
ENSG00000038219	BOD1L1	ENSMUSG00000061755	ENSRNOG00000050437
ENSG00000038274	MAT2B	ENSMUSG00000042032	ENSRNOG00000003177
ENSG00000038295	TLL1	ENSMUSG00000053626	ENSRNOG00000033528
ENSG00000038358	EDC4	ENSMUSG00000036270	ENSRNOG00000024025
ENSG00000038382	TRIO	ENSMUSG00000022263	ENSRNOG00000012148
ENSG00000038427	VCAN	ENSMUSG00000021614	ENSRNOG00000029212
ENSG00000038532	CLEC16A	ENSMUSG00000068663	ENSRNOG00000057378
ENSG00000038945	MSR1	ENSMUSG00000025044	ENSRNOG00000012779
ENSG00000039068	CDH1	ENSMUSG00000000303	ENSRNOG00000020151
ENSG00000039123	MTREX	ENSMUSG00000016018	ENSRNOG00000010125
ENSG00000039139	DNAH5	ENSMUSG00000022262	ENSRNOG00000048363
ENSG00000039523	RIPOR1	ENSMUSG00000038604	ENSRNOG00000017604
ENSG00000039537	C6	ENSMUSG00000022181	ENSRNOG00000024115
ENSG00000039560	RAI14	ENSMUSG00000022246	ENSRNOG00000028872
ENSG00000039600	SOX30	ENSMUSG00000040489	ENSRNOG00000006098
ENSG00000039650	PNKP	ENSMUSG00000002963	ENSRNOG00000020318
ENSG00000039987	BEST2	ENSMUSG00000052819	ENSRNOG00000003737
ENSG00000040199	PHLPP2	ENSMUSG00000031732	ENSRNOG00000016108
ENSG00000040275	SPDL1	ENSMUSG00000069910	ENSRNOG00000007292
ENSG00000040341	STAU2	ENSMUSG00000025920	ENSRNOG00000042458
ENSG00000040487	SLC66A1	ENSMUSG00000028744	ENSRNOG00000017706
ENSG00000040531	CTNS	ENSMUSG00000005949	ENSRNOG00000028688
ENSG00000040608	RTN4R	ENSMUSG00000043811	ENSRNOG00000030920
ENSG00000040633	PHF23	ENSMUSG00000018572	ENSRNOG00000017657
ENSG00000040731	CDH10	ENSMUSG00000022321	ENSRNOG00000009771
ENSG00000040933	INPP4A	ENSMUSG00000026113	ENSRNOG00000017660
ENSG00000041353	RAB27B	ENSMUSG00000024511	ENSRNOG00000012176
ENSG00000041357	PSMA4	ENSMUSG00000032301	ENSRNOG00000013493
ENSG00000041515	MYO16	ENSMUSG00000039057	ENSRNOG00000016483
ENSG00000041802	LSG1	ENSMUSG00000022538	ENSRNOG00000001727
ENSG00000041880	PARP3	ENSMUSG00000023249	ENSRNOG00000012865
ENSG00000041982	TNC	ENSMUSG00000028364	ENSRNOG00000058645
ENSG00000041988	THAP3	ENSMUSG00000039759	ENSRNOG00000026840
ENSG00000042062	RIPOR3	ENSMUSG00000074577	ENSRNOG00000010791
ENSG00000042088	TDP1	ENSMUSG00000021177	ENSRNOG00000003831
ENSG00000042286	AIFM2	ENSMUSG00000020085	ENSRNOG00000059445
ENSG00000042317	SPATA7	ENSMUSG00000021007	ENSRNOG00000003955
ENSG00000042429	MED17	ENSMUSG00000031935	ENSRNOG00000010496
ENSG00000042445	RETSAT	ENSMUSG00000056666	ENSRNOG00000014090
ENSG00000042493	CAPG	ENSMUSG00000056737	ENSRNOG00000013668
ENSG00000042753	AP2S1	ENSMUSG00000008036	ENSRNOG00000015865
ENSG00000042781	USH2A	ENSMUSG00000026609	ENSRNOG00000003738
ENSG00000042813	ZPBP	ENSMUSG00000020193	ENSRNOG00000027801
ENSG00000042832	TG	ENSMUSG00000053469	ENSRNOG00000006104
ENSG00000042980	ADAM28	ENSMUSG00000014725	ENSRNOG00000014518
ENSG00000043039	BARX2	ENSMUSG00000032033	ENSRNOG00000008592
ENSG00000043143	JADE2	ENSMUSG00000020387	ENSRNOG00000004956
ENSG00000043355	ZIC2	ENSMUSG00000061524	ENSRNOG00000054879
ENSG00000043462	LCP2	ENSMUSG00000002699	ENSRNOG00000005620
ENSG00000043514	TRIT1	ENSMUSG00000028653	ENSRNOG00000014274
ENSG00000043591	ADRB1	ENSMUSG00000035283	ENSRNOG00000017002
ENSG00000044012	GUCA2B	ENSMUSG00000032978	ENSRNOG00000008979
ENSG00000044090	CUL7	ENSMUSG00000038545	ENSRNOG00000017857
ENSG00000044115	CTNNA1	ENSMUSG00000037815	ENSRNOG00000005796
ENSG00000044446	PHKA2	ENSMUSG00000031295	ENSRNOG00000003949
ENSG00000044459	CNTLN	ENSMUSG00000038070	ENSRNOG00000043151
ENSG00000044524	EPHA3	ENSMUSG00000052504	ENSRNOG00000030285
ENSG00000044574	HSPA5	ENSMUSG00000026864	ENSRNOG00000018294
ENSG00000046604	DSG2	ENSMUSG00000044393	ENSRNOG00000016526
ENSG00000046651	OFD1	ENSMUSG00000040586	ENSRNOG00000004574
ENSG00000046653	GPM6B	ENSMUSG00000031342	ENSRNOG00000004613
ENSG00000046889	PREX2	ENSMUSG00000048960	ENSRNOG00000005391
ENSG00000047056	WDR37	ENSMUSG00000021147	ENSRNOG00000016834
ENSG00000047188	YTHDC2	ENSMUSG00000034653	ENSRNOG00000039241
ENSG00000047230	CTPS2	ENSMUSG00000031360	ENSRNOG00000004257
ENSG00000047249	ATP6V1H	ENSMUSG00000033793	ENSRNOG00000030862
ENSG00000047315	POLR2B	ENSMUSG00000029250	ENSRNOG00000024779
ENSG00000047346	ATOSA	ENSMUSG00000034858	ENSRNOG00000058522
ENSG00000047365	ARAP2	ENSMUSG00000037999	ENSRNOG00000056826
ENSG00000047410	TPR	ENSMUSG00000006005	ENSRNOG00000002394
ENSG00000047457	CP	ENSMUSG00000003617	ENSRNOG00000011913
ENSG00000047578	KATNIP	ENSMUSG00000032743	ENSRNOG00000016635
ENSG00000047579	DTNBP1	ENSMUSG00000057531	ENSRNOG00000048719
ENSG00000047597	XK	ENSMUSG00000015342	ENSRNOG00000003749
ENSG00000047617	ANO2	ENSMUSG00000038115	ENSRNOG00000023561
ENSG00000047621	FERRY3	ENSMUSG00000030347	ENSRNOG00000055036
ENSG00000047648	ARHGAP6	ENSMUSG00000031355	ENSRNOG00000003956
ENSG00000047662	FAM184B	ENSMUSG00000015879	ENSRNOG00000003704
ENSG00000047932	GOPC	ENSMUSG00000019861	ENSRNOG00000000408
ENSG00000047936	ROS1	ENSMUSG00000019893	ENSRNOG00000000406
ENSG00000048028	USP28	ENSMUSG00000032267	ENSRNOG00000007325
ENSG00000048052	HDAC9	ENSMUSG00000004698	ENSRNOG00000004158
ENSG00000048140	TSPAN17	ENSMUSG00000025875	ENSRNOG00000018122
ENSG00000048162	NOP16	ENSMUSG00000025869	ENSRNOG00000017284
ENSG00000048342	CC2D2A	ENSMUSG00000039765	ENSRNOG00000059715
ENSG00000048392	RRM2B	ENSMUSG00000022292	ENSRNOG00000025454
ENSG00000048405	ZNF800	ENSMUSG00000039841	ENSRNOG00000007662
ENSG00000048471	SNX29	ENSMUSG00000071669	ENSRNOG00000002294
ENSG00000048540	LMO3	ENSMUSG00000030226	ENSRNOG00000047450
ENSG00000048544	MRPS10	ENSMUSG00000034729	ENSRNOG00000022609
ENSG00000048545	GUCA1A	ENSMUSG00000023982	ENSRNOG00000015402
ENSG00000048649	RSF1	ENSMUSG00000035623	ENSRNOG00000024194
ENSG00000048707	VPS13D	ENSMUSG00000020220	ENSRNOG00000016443
ENSG00000048740	CELF2	ENSMUSG00000002107	ENSRNOG00000023661
ENSG00000048828	FAM120A	ENSMUSG00000038014	ENSRNOG00000016779
ENSG00000048991	R3HDM1	ENSMUSG00000056211	ENSRNOG00000004099
ENSG00000049089	COL9A2	ENSMUSG00000028626	ENSRNOG00000011502
ENSG00000049130	KITLG	ENSMUSG00000019966	ENSRNOG00000005386
ENSG00000049167	ERCC8	ENSMUSG00000021694	ENSRNOG00000009968
ENSG00000049192	ADAMTS6	ENSMUSG00000046169	ENSRNOG00000012655
ENSG00000049239	H6PD	ENSMUSG00000028980	ENSRNOG00000017523
ENSG00000049245	VAMP3	ENSMUSG00000028955	ENSRNOG00000030055
ENSG00000049246	PER3	ENSMUSG00000028957	ENSRNOG00000018413
ENSG00000049247	UTS2	ENSMUSG00000028963	ENSRNOG00000018393
ENSG00000049249	TNFRSF9	ENSMUSG00000028965	ENSRNOG00000036942
ENSG00000049283	EPN3	ENSMUSG00000010080	ENSRNOG00000003284
ENSG00000049323	LTBP1	ENSMUSG00000001870	ENSRNOG00000033090
ENSG00000049449	RCN1	ENSMUSG00000005973	ENSRNOG00000013452
ENSG00000049540	ELN	ENSMUSG00000029675	ENSRNOG00000001469
ENSG00000049541	RFC2	ENSMUSG00000023104	ENSRNOG00000001457
ENSG00000049618	ARID1B	ENSMUSG00000069729	ENSRNOG00000017030
ENSG00000049656	CLPTM1L	ENSMUSG00000021610	ENSRNOG00000016923
ENSG00000049759	NEDD4L	ENSMUSG00000024589	ENSRNOG00000017610
ENSG00000049768	FOXP3	ENSMUSG00000039521	ENSRNOG00000011702
ENSG00000049769	PPP1R3F	ENSMUSG00000039556	ENSRNOG00000068767
ENSG00000049860	HEXB	ENSMUSG00000021665	ENSRNOG00000025274
ENSG00000049883	PTCD2	ENSMUSG00000021650	ENSRNOG00000028403
ENSG00000050030	NEXMIF	ENSMUSG00000046449	ENSRNOG00000021589
ENSG00000050165	DKK3	ENSMUSG00000030772	ENSRNOG00000016343
ENSG00000050327	ARHGEF5	ENSMUSG00000033542	ENSRNOG00000005506
ENSG00000050344	NFE2L3	ENSMUSG00000029832	ENSRNOG00000010886
ENSG00000050393	MCUR1	ENSMUSG00000021371	ENSRNOG00000017988
ENSG00000050405	LIMA1	ENSMUSG00000023022	ENSRNOG00000059801
ENSG00000050426	LETMD1	ENSMUSG00000037353	ENSRNOG00000029855
ENSG00000050438	SLC4A8	ENSMUSG00000023032	ENSRNOG00000028879
ENSG00000050555	LAMC3	ENSMUSG00000026840	ENSRNOG00000059507
ENSG00000050628	PTGER3	ENSMUSG00000040016	ENSRNOG00000010325
ENSG00000050730	TNIP3	ENSMUSG00000044162	ENSRNOG00000064111
ENSG00000050748	MAPK9	ENSMUSG00000020366	ENSRNOG00000002823
ENSG00000050767	COL23A1	ENSMUSG00000063564	ENSRNOG00000003349
ENSG00000050820	BCAR1	ENSMUSG00000031955	ENSRNOG00000019253
ENSG00000051009	FHIP1B	ENSMUSG00000044465	ENSRNOG00000017408
ENSG00000051108	HERPUD1	ENSMUSG00000031770	ENSRNOG00000018796
ENSG00000051128	HOMER3	ENSMUSG00000003573	ENSRNOG00000020229
ENSG00000051180	RAD51	ENSMUSG00000027323	ENSRNOG00000037302
ENSG00000051341	POLQ	ENSMUSG00000034206	ENSRNOG00000002471
ENSG00000051382	PIK3CB	ENSMUSG00000032462	ENSRNOG00000016384
ENSG00000051523	CYBA	ENSMUSG00000006519	ENSRNOG00000013014
ENSG00000051596	THOC3	ENSMUSG00000025872	ENSRNOG00000000104
ENSG00000051620	HEBP2	ENSMUSG00000019853	ENSRNOG00000053735
ENSG00000051825	MPHOSPH9	ENSMUSG00000038126	ENSRNOG00000001074
ENSG00000052126	PLEKHA5	ENSMUSG00000030231	ENSRNOG00000008747
ENSG00000052344	PRSS8	ENSMUSG00000030800	ENSRNOG00000019616
ENSG00000052723	SIKE1	ENSMUSG00000027854	ENSRNOG00000017502
ENSG00000052749	RRP12	ENSMUSG00000035049	ENSRNOG00000048495
ENSG00000052795	FNIP2	ENSMUSG00000061175	ENSRNOG00000027833
ENSG00000052802	MSMO1	ENSMUSG00000031604	ENSRNOG00000032297
ENSG00000052841	TTC17	ENSMUSG00000027194	ENSRNOG00000010495
ENSG00000052850	ALX4	ENSMUSG00000040310	ENSRNOG00000000008
ENSG00000053108	FSTL4	ENSMUSG00000036264	ENSRNOG00000006565
ENSG00000053254	FOXN3	ENSMUSG00000033713	ENSRNOG00000004709
ENSG00000053328	METTL24	ENSMUSG00000045555	ENSRNOG00000024221
ENSG00000053372	MRTO4	ENSMUSG00000028741	ENSRNOG00000017979
ENSG00000053501	USE1	ENSMUSG00000002395	ENSRNOG00000016619
ENSG00000053702	NRIP2	ENSMUSG00000001520	ENSRNOG00000063347
ENSG00000053747	LAMA3	ENSMUSG00000024421	ENSRNOG00000011300
ENSG00000053770	AP5M1	ENSMUSG00000036291	ENSRNOG00000014148
ENSG00000053900	ANAPC4	ENSMUSG00000029176	ENSRNOG00000004130
ENSG00000053918	KCNQ1	ENSMUSG00000009545	ENSRNOG00000020532
ENSG00000054116	TRAPPC3	ENSMUSG00000028847	ENSRNOG00000010550
ENSG00000054118	THRAP3	ENSMUSG00000043962	ENSRNOG00000009977
ENSG00000054179	ENTPD2	ENSMUSG00000015085	ENSRNOG00000013102
ENSG00000054219	LY75	ENSMUSG00000026980	ENSRNOG00000007012
ENSG00000054267	ARID4B	ENSMUSG00000039219	ENSRNOG00000016391
ENSG00000054277	OPN3	ENSMUSG00000026525	ENSRNOG00000003778
ENSG00000054282	SDCCAG8	ENSMUSG00000026504	ENSRNOG00000004181
ENSG00000054356	PTPRN	ENSMUSG00000026204	ENSRNOG00000019587
ENSG00000054392	HHAT	ENSMUSG00000037375	ENSRNOG00000003925
ENSG00000054523	KIF1B	ENSMUSG00000063077	ENSRNOG00000057626
ENSG00000054598	FOXC1	ENSMUSG00000050295	ENSRNOG00000089468
ENSG00000054611	TBC1D22A	ENSMUSG00000051864	ENSRNOG00000017057
ENSG00000054654	SYNE2	ENSMUSG00000063450	ENSRNOG00000005323
ENSG00000054690	PLEKHH1	ENSMUSG00000060716	ENSRNOG00000010650
ENSG00000054793	ATP9A	ENSMUSG00000027546	ENSRNOG00000049484
ENSG00000054796	SPO11	ENSMUSG00000005883	ENSRNOG00000006732
ENSG00000054803	CBLN4	ENSMUSG00000067578	ENSRNOG00000004372
ENSG00000054938	CHRDL2	ENSMUSG00000030732	ENSRNOG00000018394
ENSG00000054965	FAM168A	ENSMUSG00000029461	ENSRNOG00000018873
ENSG00000054967	RELT	ENSMUSG00000008318	ENSRNOG00000025075
ENSG00000054983	GALC	ENSMUSG00000021003	ENSRNOG00000003759
ENSG00000055044	NOP58	ENSMUSG00000026020	ENSRNOG00000016486
ENSG00000055070	SZRD1	ENSMUSG00000040842	ENSRNOG00000009183
ENSG00000055118	KCNH2	ENSMUSG00000038319	ENSRNOG00000009872
ENSG00000055130	CUL1	ENSMUSG00000029686	ENSRNOG00000005310
ENSG00000055147	FAM114A2	ENSMUSG00000020523	ENSRNOG00000002423
ENSG00000055163	CYFIP2	ENSMUSG00000020340	ENSRNOG00000006557
ENSG00000055208	TAB2	ENSMUSG00000015755	ENSRNOG00000016054
ENSG00000055211	GINM1	ENSMUSG00000040006	ENSRNOG00000015239
ENSG00000055332	EIF2AK2	ENSMUSG00000024079	ENSRNOG00000048315
ENSG00000055483	USP36	ENSMUSG00000033909	ENSRNOG00000028255
ENSG00000055609	KMT2C	ENSMUSG00000038056	ENSRNOG00000061080
ENSG00000055732	MCOLN3	ENSMUSG00000036853	ENSRNOG00000015024
ENSG00000055813	CCDC85A	ENSMUSG00000032878	ENSRNOG00000003374
ENSG00000055917	PUM2	ENSMUSG00000020594	ENSRNOG00000006180
ENSG00000055950	MRPL43	ENSMUSG00000025208	ENSRNOG00000014890
ENSG00000055955	ITIH4	ENSMUSG00000021922	ENSRNOG00000017381
ENSG00000055957	ITIH1	ENSMUSG00000006529	ENSRNOG00000033386
ENSG00000056050	HPF1	ENSMUSG00000038005	ENSRNOG00000011293
ENSG00000056097	ZFR	ENSMUSG00000022201	ENSRNOG00000011627
ENSG00000056277	ZNF280C	ENSMUSG00000036916	ENSRNOG00000006797
ENSG00000056291	NPFFR2	ENSMUSG00000035528	ENSRNOG00000003067
ENSG00000056487	PHF21B	ENSMUSG00000016624	ENSRNOG00000013067
ENSG00000056558	TRAF1	ENSMUSG00000026875	ENSRNOG00000048914
ENSG00000056586	RC3H2	ENSMUSG00000075376	ENSRNOG00000009196
ENSG00000056736	IL17RB	ENSMUSG00000015966	ENSRNOG00000015498
ENSG00000056972	TRAF3IP2	ENSMUSG00000019842	ENSRNOG00000000595
ENSG00000057019	DCBLD2	ENSMUSG00000035107	ENSRNOG00000055281
ENSG00000057252	SOAT1	ENSMUSG00000026600	ENSRNOG00000004111
ENSG00000057294	PKP2	ENSMUSG00000041957	ENSRNOG00000001825
ENSG00000057468	MSH4	ENSMUSG00000005493	ENSRNOG00000010431
ENSG00000057593	F7	ENSMUSG00000031443	ENSRNOG00000032737
ENSG00000057608	GDI2	ENSMUSG00000021218	ENSRNOG00000018091
ENSG00000057657	PRDM1	ENSMUSG00000038151	ENSRNOG00000000323
ENSG00000057663	ATG5	ENSMUSG00000038160	ENSRNOG00000000322
ENSG00000057704	TMCC3	ENSMUSG00000020023	ENSRNOG00000007713
ENSG00000057757	PITHD1	ENSMUSG00000028669	ENSRNOG00000010873
ENSG00000057935	MTA3	ENSMUSG00000055817	ENSRNOG00000004685
ENSG00000058056	USP13	ENSMUSG00000056900	ENSRNOG00000030639
ENSG00000058063	ATP11B	ENSMUSG00000037400	ENSRNOG00000052116
ENSG00000058085	LAMC2	ENSMUSG00000026479	ENSRNOG00000002667
ENSG00000058091	CDK14	ENSMUSG00000028926	ENSRNOG00000007151
ENSG00000058262	SEC61A1	ENSMUSG00000030082	ENSRNOG00000013743
ENSG00000058272	PPP1R12A	ENSMUSG00000019907	ENSRNOG00000004925
ENSG00000058335	RASGRF1	ENSMUSG00000032356	ENSRNOG00000014025
ENSG00000058404	CAMK2B	ENSMUSG00000057897	ENSRNOG00000052080
ENSG00000058453	CROCC	ENSMUSG00000040860	ENSRNOG00000008334
ENSG00000058600	POLR3E	ENSMUSG00000030880	ENSRNOG00000016960
ENSG00000058668	ATP2B4	ENSMUSG00000026463	ENSRNOG00000003031
ENSG00000058729	RIOK2	ENSMUSG00000116564	ENSRNOG00000012692
ENSG00000058799	YIPF1	ENSMUSG00000057375	ENSRNOG00000010512
ENSG00000058804	NDC1	ENSMUSG00000028614	ENSRNOG00000010620
ENSG00000058866	DGKG	ENSMUSG00000022861	ENSRNOG00000001796
ENSG00000059122	FLYWCH1	ENSMUSG00000040097	ENSRNOG00000004333
ENSG00000059145	UNKL	ENSMUSG00000015127	ENSRNOG00000054605
ENSG00000059377	TBXAS1	ENSMUSG00000029925	ENSRNOG00000007918
ENSG00000059378	PARP12	ENSMUSG00000038507	ENSRNOG00000008196
ENSG00000059573	ALDH18A1	ENSMUSG00000025007	ENSRNOG00000067262
ENSG00000059588	TARBP1	ENSMUSG00000090290	ENSRNOG00000053574
ENSG00000059691	GATB	ENSMUSG00000028085	ENSRNOG00000037655
ENSG00000059728	MXD1	ENSMUSG00000001156	ENSRNOG00000017720
ENSG00000059758	CDK17	ENSMUSG00000020015	ENSRNOG00000004148
ENSG00000059769	DNAJC25	ENSMUSG00000070972	ENSRNOG00000015340
ENSG00000059915	PSD	ENSMUSG00000037126	ENSRNOG00000019435
ENSG00000060069	CTDP1	ENSMUSG00000033323	ENSRNOG00000061474
ENSG00000060138	YBX3	ENSMUSG00000030189	ENSRNOG00000005480
ENSG00000060140	STYK1	ENSMUSG00000032899	ENSRNOG00000010347
ENSG00000060237	WNK1	ENSMUSG00000045962	ENSRNOG00000009956
ENSG00000060339	CCAR1	ENSMUSG00000020074	ENSRNOG00000000397
ENSG00000060491	OGFR	ENSMUSG00000049401	ENSRNOG00000009355
ENSG00000060558	GNA15	ENSMUSG00000034792	ENSRNOG00000005378
ENSG00000060566	CREB3L3	ENSMUSG00000035041	ENSRNOG00000032202
ENSG00000060642	PIGV	ENSMUSG00000043257	ENSRNOG00000000121
ENSG00000060656	PTPRU	ENSMUSG00000028909	ENSRNOG00000013515
ENSG00000060688	SNRNP40	ENSMUSG00000074088	ENSRNOG00000012219
ENSG00000060709	RIMBP2	ENSMUSG00000029420	ENSRNOG00000022893
ENSG00000060718	COL11A1	ENSMUSG00000027966	ENSRNOG00000023148
ENSG00000060749	QSER1	ENSMUSG00000074994	ENSRNOG00000037514
ENSG00000060762	MPC1	ENSMUSG00000023861	ENSRNOG00000012415
ENSG00000060982	BCAT1	ENSMUSG00000030268	ENSRNOG00000015514
ENSG00000061273	HDAC7	ENSMUSG00000022475	ENSRNOG00000055597
ENSG00000061337	LZTS1	ENSMUSG00000036306	ENSRNOG00000011826
ENSG00000061455	PRDM6	ENSMUSG00000069378	ENSRNOG00000030486
ENSG00000061492	WNT8A	ENSMUSG00000012282	ENSRNOG00000020157
ENSG00000061656	SPAG4	ENSMUSG00000038180	ENSRNOG00000048056
ENSG00000061676	NCKAP1	ENSMUSG00000027002	ENSRNOG00000007518
ENSG00000061794	MRPS35	ENSMUSG00000040112	ENSRNOG00000001842
ENSG00000061918	GUCY1B1	ENSMUSG00000028005	ENSRNOG00000012060
ENSG00000061936	SFSWAP	ENSMUSG00000029439	ENSRNOG00000000931
ENSG00000061938	TNK2	ENSMUSG00000022791	ENSRNOG00000001769
ENSG00000061987	MON2	ENSMUSG00000034602	ENSRNOG00000004185
ENSG00000062038	CDH3	ENSMUSG00000061048	ENSRNOG00000020129
ENSG00000062194	GPBP1	ENSMUSG00000032745	ENSRNOG00000013002
ENSG00000062282	DGAT2	ENSMUSG00000030747	ENSRNOG00000016573
ENSG00000062370	ZNF112	ENSMUSG00000087598	ENSRNOG00000024376
ENSG00000062524	LTK	ENSMUSG00000027297	ENSRNOG00000025130
ENSG00000062598	ELMO2	ENSMUSG00000017670	ENSRNOG00000018747
ENSG00000062650	WAPL	ENSMUSG00000041408	ENSRNOG00000052513
ENSG00000062716	VMP1	ENSMUSG00000018171	ENSRNOG00000003967
ENSG00000062725	APPBP2	ENSMUSG00000018481	ENSRNOG00000027654
ENSG00000062822	POLD1	ENSMUSG00000038644	ENSRNOG00000019681
ENSG00000063015	SEZ6	ENSMUSG00000000632	ENSRNOG00000009350
ENSG00000063046	EIF4B	ENSMUSG00000058655	ENSRNOG00000077907
ENSG00000063127	SLC6A16	ENSMUSG00000094152	ENSRNOG00000025220
ENSG00000063169	BICRA	ENSMUSG00000070808	ENSRNOG00000011262
ENSG00000063176	SPHK2	ENSMUSG00000057342	ENSRNOG00000021032
ENSG00000063177	RPL18	ENSMUSG00000059070	ENSRNOG00000021035
ENSG00000063180	CA11	ENSMUSG00000003273	ENSRNOG00000021017
ENSG00000063244	U2AF2	ENSMUSG00000030435	ENSRNOG00000015914
ENSG00000063245	EPN1	ENSMUSG00000035203	ENSRNOG00000015753
ENSG00000063515	GSC2	ENSMUSG00000022738	ENSRNOG00000000282
ENSG00000063601	MTMR1	ENSMUSG00000015214	ENSRNOG00000002697
ENSG00000063660	GPC1	ENSMUSG00000034220	ENSRNOG00000049437
ENSG00000063761	ADCK1	ENSMUSG00000021044	ENSRNOG00000012685
ENSG00000063854	HAGH	ENSMUSG00000024158	ENSRNOG00000014743
ENSG00000063978	RNF4	ENSMUSG00000029110	ENSRNOG00000013930
ENSG00000064012	CASP8	ENSMUSG00000026029	ENSRNOG00000012331
ENSG00000064042	LIMCH1	ENSMUSG00000037736	ENSRNOG00000002318
ENSG00000064102	INTS13	ENSMUSG00000040250	ENSRNOG00000001808
ENSG00000064115	TM7SF3	ENSMUSG00000040234	ENSRNOG00000001817
ENSG00000064195	DLX3	ENSMUSG00000001510	ENSRNOG00000004278
ENSG00000064199	SPA17	ENSMUSG00000001948	ENSRNOG00000010934
ENSG00000064201	TSPAN32	ENSMUSG00000000244	ENSRNOG00000026039
ENSG00000064205	CCN5	ENSMUSG00000027656	ENSRNOG00000010666
ENSG00000064218	DMRT3	ENSMUSG00000042372	ENSRNOG00000016284
ENSG00000064225	ST3GAL6	ENSMUSG00000022747	ENSRNOG00000001653
ENSG00000064270	ATP2C2	ENSMUSG00000034112	ENSRNOG00000049334
ENSG00000064300	NGFR	ENSMUSG00000000120	ENSRNOG00000005392
ENSG00000064309	CDON	ENSMUSG00000038119	ENSRNOG00000011789
ENSG00000064313	TAF2	ENSMUSG00000037343	ENSRNOG00000034022
ENSG00000064393	HIPK2	ENSMUSG00000061436	ENSRNOG00000007034
ENSG00000064419	TNPO3	ENSMUSG00000012535	ENSRNOG00000021758
ENSG00000064490	RFXANK	ENSMUSG00000036120	ENSRNOG00000033318
ENSG00000064545	TMEM161A	ENSMUSG00000002342	ENSRNOG00000020390
ENSG00000064547	LPAR2	ENSMUSG00000031861	ENSRNOG00000090786
ENSG00000064601	CTSA	ENSMUSG00000017760	ENSRNOG00000015857
ENSG00000064607	SUGP2	ENSMUSG00000036054	ENSRNOG00000020269
ENSG00000064651	SLC12A2	ENSMUSG00000024597	ENSRNOG00000015971
ENSG00000064652	SNX24	ENSMUSG00000024535	ENSRNOG00000017488
ENSG00000064655	EYA2	ENSMUSG00000017897	ENSRNOG00000019203
ENSG00000064666	CNN2	ENSMUSG00000004665	ENSRNOG00000043044
ENSG00000064687	ABCA7	ENSMUSG00000035722	ENSRNOG00000012939
ENSG00000064692	SNCAIP	ENSMUSG00000024534	ENSRNOG00000018254
ENSG00000064703	DDX20	ENSMUSG00000027905	ENSRNOG00000015274
ENSG00000064726	BTBD1	ENSMUSG00000025103	ENSRNOG00000019529
ENSG00000064763	FAR2	ENSMUSG00000030303	ENSRNOG00000001851
ENSG00000064787	BCAS1	ENSMUSG00000013523	ENSRNOG00000012906
ENSG00000064835	POU1F1	ENSMUSG00000004842	ENSRNOG00000000715
ENSG00000064932	SBNO2	ENSMUSG00000035673	ENSRNOG00000013987
ENSG00000064933	PMS1	ENSMUSG00000026098	ENSRNOG00000004076
ENSG00000064961	HMG20B	ENSMUSG00000020232	ENSRNOG00000020601
ENSG00000064989	CALCRL	ENSMUSG00000059588	ENSRNOG00000054695
ENSG00000064995	TAF11	ENSMUSG00000024218	ENSRNOG00000027511
ENSG00000064999	ANKS1A	ENSMUSG00000024219	ENSRNOG00000000498
ENSG00000065000	AP3D1	ENSMUSG00000020198	ENSRNOG00000018977
ENSG00000065029	ZNF76	ENSMUSG00000024220	ENSRNOG00000000501
ENSG00000065054	NHERF2	ENSMUSG00000002504	ENSRNOG00000002997
ENSG00000065057	NTHL1	ENSMUSG00000041429	ENSRNOG00000012213
ENSG00000065060	BLTP3A	ENSMUSG00000039512	ENSRNOG00000000495
ENSG00000065150	IPO5	ENSMUSG00000030662	ENSRNOG00000010989
ENSG00000065154	OAT	ENSMUSG00000030934	ENSRNOG00000016807
ENSG00000065183	WDR3	ENSMUSG00000033285	ENSRNOG00000019670
ENSG00000065243	PKN2	ENSMUSG00000004591	ENSRNOG00000011317
ENSG00000065268	WDR18	ENSMUSG00000035754	ENSRNOG00000012379
ENSG00000065308	TRAM2	ENSMUSG00000041779	ENSRNOG00000064843
ENSG00000065320	NTN1	ENSMUSG00000020902	ENSRNOG00000003947
ENSG00000065325	GLP2R	ENSMUSG00000049928	ENSRNOG00000003683
ENSG00000065328	MCM10	ENSMUSG00000026669	ENSRNOG00000017981
ENSG00000065357	DGKA	ENSMUSG00000025357	ENSRNOG00000022943
ENSG00000065361	ERBB3	ENSMUSG00000018166	ENSRNOG00000004964
ENSG00000065413	ANKRD44	ENSMUSG00000052331	ENSRNOG00000021384
ENSG00000065427	KARS1	ENSMUSG00000031948	ENSRNOG00000019456
ENSG00000065457	ADAT1	ENSMUSG00000031949	ENSRNOG00000019434
ENSG00000065485	PDIA5	ENSMUSG00000022844	ENSRNOG00000032327
ENSG00000065491	TBC1D22B	ENSMUSG00000042203	ENSRNOG00000059458
ENSG00000065526	SPEN	ENSMUSG00000040761	ENSRNOG00000033556
ENSG00000065534	MYLK	ENSMUSG00000022836	ENSRNOG00000002215
ENSG00000065559	MAP2K4	ENSMUSG00000033352	ENSRNOG00000003834
ENSG00000065600	PACC1	ENSMUSG00000026627	ENSRNOG00000003915
ENSG00000065609	SNAP91	ENSMUSG00000033419	ENSRNOG00000023861
ENSG00000065613	SLK	ENSMUSG00000025060	ENSRNOG00000011339
ENSG00000065615	CYB5R4	ENSMUSG00000032872	ENSRNOG00000010024
ENSG00000065618	COL17A1	ENSMUSG00000025064	ENSRNOG00000012110
ENSG00000065621	GSTO2	ENSMUSG00000025069	ENSRNOG00000069697
ENSG00000065665	SEC61A2	ENSMUSG00000025816	ENSRNOG00000023278
ENSG00000065675	PRKCQ	ENSMUSG00000026778	ENSRNOG00000019057
ENSG00000065717	TLE2	ENSMUSG00000034771	ENSRNOG00000005874
ENSG00000065802	ASB1	ENSMUSG00000026311	ENSRNOG00000020322
ENSG00000065809	FAM107B	ENSMUSG00000026655	ENSRNOG00000014886
ENSG00000065833	ME1	ENSMUSG00000032418	ENSRNOG00000009715
ENSG00000065882	TBC1D1	ENSMUSG00000029174	ENSRNOG00000002180
ENSG00000065883	CDK13	ENSMUSG00000041297	ENSRNOG00000013620
ENSG00000065911	MTHFD2	ENSMUSG00000005667	ENSRNOG00000010833
ENSG00000065923	SLC9A7	ENSMUSG00000037341	ENSRNOG00000004150
ENSG00000065970	FOXJ2	ENSMUSG00000003154	ENSRNOG00000009000
ENSG00000065989	PDE4A	ENSMUSG00000032177	ENSRNOG00000020828
ENSG00000066027	PPP2R5A	ENSMUSG00000026626	ENSRNOG00000000068
ENSG00000066032	CTNNA2	ENSMUSG00000063063	ENSRNOG00000006003
ENSG00000066044	ELAVL1	ENSMUSG00000040028	ENSRNOG00000001069
ENSG00000066056	TIE1	ENSMUSG00000033191	ENSRNOG00000020173
ENSG00000066084	DIP2B	ENSMUSG00000023026	ENSRNOG00000056106
ENSG00000066117	SMARCD1	ENSMUSG00000023018	ENSRNOG00000061572
ENSG00000066135	KDM4A	ENSMUSG00000033326	ENSRNOG00000019956
ENSG00000066136	NFYC	ENSMUSG00000032897	ENSRNOG00000010735
ENSG00000066185	ZMYND12	ENSMUSG00000070806	ENSRNOG00000022199
ENSG00000066230	SLC9A3	ENSMUSG00000036123	ENSRNOG00000015159
ENSG00000066248	NGEF	ENSMUSG00000026259	ENSRNOG00000016653
ENSG00000066279	ASPM	ENSMUSG00000033952	ENSRNOG00000012318
ENSG00000066294	CD84	ENSMUSG00000038147	ENSRNOG00000022884
ENSG00000066322	ELOVL1	ENSMUSG00000006390	ENSRNOG00000028448
ENSG00000066336	SPI1	ENSMUSG00000002111	ENSRNOG00000012172
ENSG00000066379	POLR1H	ENSMUSG00000036315	ENSRNOG00000000779
ENSG00000066382	MPPED2	ENSMUSG00000016386	ENSRNOG00000004863
ENSG00000066405	CLDN18	ENSMUSG00000032473	ENSRNOG00000030386
ENSG00000066422	ZBTB11	ENSMUSG00000022601	ENSRNOG00000001613
ENSG00000066427	ATXN3	ENSMUSG00000021189	ENSRNOG00000005470
ENSG00000066455	GOLGA5	ENSMUSG00000021192	ENSRNOG00000007699
ENSG00000066468	FGFR2	ENSMUSG00000030849	ENSRNOG00000016374
ENSG00000066557	LRRC40	ENSMUSG00000063052	ENSRNOG00000011555
ENSG00000066583	ISOC1	ENSMUSG00000024601	ENSRNOG00000019711
ENSG00000066629	EML1	ENSMUSG00000058070	ENSRNOG00000043143
ENSG00000066651	TRMT11	ENSMUSG00000019792	ENSRNOG00000014240
ENSG00000066654	THUMPD1	ENSMUSG00000030942	ENSRNOG00000014946
ENSG00000066697	MSANTD3	ENSMUSG00000039693	ENSRNOG00000008159
ENSG00000066735	KIF26A	ENSMUSG00000021294	ENSRNOG00000013661
ENSG00000066739	ATG2B	ENSMUSG00000041341	ENSRNOG00000004519
ENSG00000066777	ARFGEF1	ENSMUSG00000067851	ENSRNOG00000005703
ENSG00000066827	ZFAT	ENSMUSG00000022335	ENSRNOG00000025140
ENSG00000066855	MTFR1	ENSMUSG00000027601	ENSRNOG00000021359
ENSG00000066923	STAG3	ENSMUSG00000036928	ENSRNOG00000001360
ENSG00000066926	FECH	ENSMUSG00000024588	ENSRNOG00000018053
ENSG00000066933	MYO9A	ENSMUSG00000039585	ENSRNOG00000011619
ENSG00000067048	DDX3Y	ENSMUSG00000069045	ENSRNOG00000057231
ENSG00000067057	PFKP	ENSMUSG00000021196	ENSRNOG00000017163
ENSG00000067064	IDI1	ENSMUSG00000058258	ENSRNOG00000016690
ENSG00000067082	KLF6	ENSMUSG00000000078	ENSRNOG00000016885
ENSG00000067113	PLPP1	ENSMUSG00000021759	ENSRNOG00000009980
ENSG00000067141	NEO1	ENSMUSG00000032340	ENSRNOG00000006490
ENSG00000067167	TRAM1	ENSMUSG00000025935	ENSRNOG00000007892
ENSG00000067177	PHKA1	ENSMUSG00000034055	ENSRNOG00000003063
ENSG00000067182	TNFRSF1A	ENSMUSG00000030341	ENSRNOG00000031312
ENSG00000067191	CACNB1	ENSMUSG00000020882	ENSRNOG00000004518
ENSG00000067208	EVI5	ENSMUSG00000011831	ENSRNOG00000002039
ENSG00000067221	STOML1	ENSMUSG00000032333	ENSRNOG00000008530
ENSG00000067248	DHX29	ENSMUSG00000042426	ENSRNOG00000010369
ENSG00000067334	DNTTIP2	ENSMUSG00000039756	ENSRNOG00000025025
ENSG00000067365	METTL22	ENSMUSG00000039345	ENSRNOG00000002714
ENSG00000067369	TP53BP1	ENSMUSG00000043909	ENSRNOG00000013837
ENSG00000067445	TRO	ENSMUSG00000025272	ENSRNOG00000047491
ENSG00000067533	RRP15	ENSMUSG00000001305	ENSRNOG00000002450
ENSG00000067560	RHOA	ENSMUSG00000007815	ENSRNOG00000050519
ENSG00000067596	DHX8	ENSMUSG00000034931	ENSRNOG00000020772
ENSG00000067606	PRKCZ	ENSMUSG00000029053	ENSRNOG00000015480
ENSG00000067704	IARS2	ENSMUSG00000026618	ENSRNOG00000002368
ENSG00000067715	SYT1	ENSMUSG00000035864	ENSRNOG00000006426
ENSG00000067798	NAV3	ENSMUSG00000020181	ENSRNOG00000052157
ENSG00000067829	IDH3G	ENSMUSG00000084234	ENSRNOG00000055572
ENSG00000067836	ROGDI	ENSMUSG00000022540	ENSRNOG00000003125
ENSG00000067840	PDZD4	ENSMUSG00000002006	ENSRNOG00000056174
ENSG00000067842	ATP2B3	ENSMUSG00000031376	ENSRNOG00000061304
ENSG00000067900	ROCK1	ENSMUSG00000024290	ENSRNOG00000031092
ENSG00000067955	CBFB	ENSMUSG00000031885	ENSRNOG00000014647
ENSG00000067992	PDK3	ENSMUSG00000035232	ENSRNOG00000012513
ENSG00000068001	HYAL2	ENSMUSG00000010047	ENSRNOG00000031420
ENSG00000068024	HDAC4	ENSMUSG00000026313	ENSRNOG00000020372
ENSG00000068028	RASSF1	ENSMUSG00000010067	ENSRNOG00000021548
ENSG00000068078	FGFR3	ENSMUSG00000054252	ENSRNOG00000016818
ENSG00000068079	IFI35	ENSMUSG00000010358	ENSRNOG00000020678
ENSG00000068097	HEATR6	ENSMUSG00000000976	ENSRNOG00000002542
ENSG00000068120	COASY	ENSMUSG00000001755	ENSRNOG00000019918
ENSG00000068137	PLEKHH3	ENSMUSG00000035172	ENSRNOG00000020238
ENSG00000068305	MEF2A	ENSMUSG00000030557	ENSRNOG00000047756
ENSG00000068308	OTUD5	ENSMUSG00000031154	ENSRNOG00000008764
ENSG00000068323	TFE3	ENSMUSG00000000134	ENSRNOG00000009605
ENSG00000068354	TBC1D25	ENSMUSG00000039201	ENSRNOG00000005303
ENSG00000068366	ACSL4	ENSMUSG00000031278	ENSRNOG00000019180
ENSG00000068383	INPP5A	ENSMUSG00000025477	ENSRNOG00000017635
ENSG00000068394	GPKOW	ENSMUSG00000031148	ENSRNOG00000022939
ENSG00000068400	GRIPAP1	ENSMUSG00000031153	ENSRNOG00000009071
ENSG00000068438	FTSJ1	ENSMUSG00000031171	ENSRNOG00000004776
ENSG00000068489	PRR11	ENSMUSG00000020493	ENSRNOG00000006198
ENSG00000068615	REEP1	ENSMUSG00000052852	ENSRNOG00000008481
ENSG00000068650	ATP11A	ENSMUSG00000031441	ENSRNOG00000017154
ENSG00000068654	POLR1A	ENSMUSG00000049553	ENSRNOG00000009545
ENSG00000068697	LAPTM4A	ENSMUSG00000020585	ENSRNOG00000006865
ENSG00000068724	TTC7A	ENSMUSG00000036918	ENSRNOG00000014879
ENSG00000068745	IP6K2	ENSMUSG00000032599	ENSRNOG00000020361
ENSG00000068784	SRBD1	ENSMUSG00000024135	ENSRNOG00000014720
ENSG00000068796	KIF2A	ENSMUSG00000021693	ENSRNOG00000014000
ENSG00000068831	RASGRP2	ENSMUSG00000032946	ENSRNOG00000021098
ENSG00000068878	PSME4	ENSMUSG00000040850	ENSRNOG00000060340
ENSG00000068885	IFT80	ENSMUSG00000027778	ENSRNOG00000009808
ENSG00000068903	SIRT2	ENSMUSG00000015149	ENSRNOG00000020102
ENSG00000068912	ERLEC1	ENSMUSG00000020311	ENSRNOG00000007283
ENSG00000068971	PPP2R5B	ENSMUSG00000024777	ENSRNOG00000021025
ENSG00000068976	PYGM	ENSMUSG00000032648	ENSRNOG00000021090
ENSG00000069011	PITX1	ENSMUSG00000021506	ENSRNOG00000011423
ENSG00000069018	TRPC7	ENSMUSG00000021541	ENSRNOG00000012727
ENSG00000069020	MAST4	ENSMUSG00000034751	ENSRNOG00000027002
ENSG00000069122	ADGRF5	ENSMUSG00000056492	ENSRNOG00000011154
ENSG00000069188	SDK2	ENSMUSG00000041592	ENSRNOG00000024711
ENSG00000069206	ADAM7	ENSMUSG00000022056	ENSRNOG00000014054
ENSG00000069248	NUP133	ENSMUSG00000039509	ENSRNOG00000017919
ENSG00000069329	VPS35	ENSMUSG00000031696	ENSRNOG00000017612
ENSG00000069345	DNAJA2	ENSMUSG00000031701	ENSRNOG00000016251
ENSG00000069399	BCL3	ENSMUSG00000053175	ENSRNOG00000043416
ENSG00000069424	KCNAB2	ENSMUSG00000028931	ENSRNOG00000011550
ENSG00000069431	ABCC9	ENSMUSG00000030249	ENSRNOG00000036960
ENSG00000069482	GAL	ENSMUSG00000024907	ENSRNOG00000015156
ENSG00000069509	FUNDC1	ENSMUSG00000025040	ENSRNOG00000003470
ENSG00000069535	MAOB	ENSMUSG00000040147	ENSRNOG00000029778
ENSG00000069667	RORA	ENSMUSG00000032238	ENSRNOG00000077683
ENSG00000069696	DRD4	ENSMUSG00000025496	ENSRNOG00000017927
ENSG00000069702	TGFBR3	ENSMUSG00000029287	ENSRNOG00000002093
ENSG00000069764	PLA2G10	ENSMUSG00000022683	ENSRNOG00000003164
ENSG00000069812	HES2	ENSMUSG00000028940	ENSRNOG00000010490
ENSG00000069869	NEDD4	ENSMUSG00000032216	ENSRNOG00000058898
ENSG00000069943	PIGB	ENSMUSG00000079469	ENSRNOG00000059622
ENSG00000069956	MAPK6	ENSMUSG00000042688	ENSRNOG00000009381
ENSG00000069966	GNB5	ENSMUSG00000032192	ENSRNOG00000047799
ENSG00000069974	RAB27A	ENSMUSG00000032202	ENSRNOG00000052499
ENSG00000069998	HDHD5	ENSMUSG00000058979	ENSRNOG00000011338
ENSG00000070010	UFD1	ENSMUSG00000005262	ENSRNOG00000047394
ENSG00000070018	LRP6	ENSMUSG00000030201	ENSRNOG00000006338
ENSG00000070019	GUCY2C	ENSMUSG00000042638	ENSRNOG00000009031
ENSG00000070031	SCT	ENSMUSG00000038580	ENSRNOG00000017873
ENSG00000070047	PHRF1	ENSMUSG00000038611	ENSRNOG00000017299
ENSG00000070061	ELP1	ENSMUSG00000028431	ENSRNOG00000016725
ENSG00000070081	NUCB2	ENSMUSG00000030659	ENSRNOG00000020456
ENSG00000070087	PFN2	ENSMUSG00000027805	ENSRNOG00000017427
ENSG00000070159	PTPN3	ENSMUSG00000038764	ENSRNOG00000011425
ENSG00000070182	SPTB	ENSMUSG00000021061	ENSRNOG00000006911
ENSG00000070190	DAPP1	ENSMUSG00000028159	ENSRNOG00000010575
ENSG00000070193	FGF10	ENSMUSG00000021732	ENSRNOG00000012278
ENSG00000070214	SLC44A1	ENSMUSG00000028412	ENSRNOG00000055089
ENSG00000070269	TMEM260	ENSMUSG00000036339	ENSRNOG00000013353
ENSG00000070366	SMG6	ENSMUSG00000038290	ENSRNOG00000003041
ENSG00000070367	EXOC5	ENSMUSG00000061244	ENSRNOG00000013804
ENSG00000070388	FGF22	ENSMUSG00000020327	ENSRNOG00000071745
ENSG00000070404	FSTL3	ENSMUSG00000020325	ENSRNOG00000009311
ENSG00000070413	DGCR2	ENSMUSG00000003166	ENSRNOG00000061814
ENSG00000070423	RNF126	ENSMUSG00000035890	ENSRNOG00000009028
ENSG00000070444	MNT	ENSMUSG00000000282	ENSRNOG00000002894
ENSG00000070476	ZXDC	ENSMUSG00000034430	ENSRNOG00000025818
ENSG00000070495	JMJD6	ENSMUSG00000056962	ENSRNOG00000000250
ENSG00000070501	POLB	ENSMUSG00000031536	ENSRNOG00000019150
ENSG00000070526	ST6GALNAC1	ENSMUSG00000009588	ENSRNOG00000000251
ENSG00000070540	WIPI1	ENSMUSG00000041895	ENSRNOG00000003827
ENSG00000070601	FRMPD1	ENSMUSG00000035615	ENSRNOG00000012546
ENSG00000070610	GBA2	ENSMUSG00000028467	ENSRNOG00000016364
ENSG00000070614	NDST1	ENSMUSG00000054008	ENSRNOG00000019014
ENSG00000070669	ASNS	ENSMUSG00000029752	ENSRNOG00000007546
ENSG00000070718	AP3M2	ENSMUSG00000031539	ENSRNOG00000018650
ENSG00000070729	CNGB1	ENSMUSG00000031789	ENSRNOG00000031773
ENSG00000070731	ST6GALNAC2	ENSMUSG00000057286	ENSRNOG00000012083
ENSG00000070748	CHAT	ENSMUSG00000021919	ENSRNOG00000025012
ENSG00000070759	TESK2	ENSMUSG00000033985	ENSRNOG00000017282
ENSG00000070761	CFAP20	ENSMUSG00000031796	ENSRNOG00000042179
ENSG00000070770	CSNK2A2	ENSMUSG00000046707	ENSRNOG00000011933
ENSG00000070778	PTPN21	ENSMUSG00000021009	ENSRNOG00000060568
ENSG00000070785	EIF2B3	ENSMUSG00000028683	ENSRNOG00000018375
ENSG00000070808	CAMK2A	ENSMUSG00000024617	ENSRNOG00000018712
ENSG00000070814	TCOF1	ENSMUSG00000024613	ENSRNOG00000026108
ENSG00000070882	OSBPL3	ENSMUSG00000029822	ENSRNOG00000010011
ENSG00000070886	EPHA8	ENSMUSG00000028661	ENSRNOG00000013036
ENSG00000070915	SLC12A3	ENSMUSG00000031766	ENSRNOG00000057072
ENSG00000070950	RAD18	ENSMUSG00000030254	ENSRNOG00000005907
ENSG00000070961	ATP2B1	ENSMUSG00000019943	ENSRNOG00000004026
ENSG00000070985	TRPM5	ENSMUSG00000009246	ENSRNOG00000020484
ENSG00000071051	NCK2	ENSMUSG00000066877	ENSRNOG00000017155
ENSG00000071054	MAP4K4	ENSMUSG00000026074	ENSRNOG00000014013
ENSG00000071082	RPL31	ENSMUSG00000073702	ENSRNOG00000013508
ENSG00000071127	WDR1	ENSMUSG00000005103	ENSRNOG00000028498
ENSG00000071189	SNX13	ENSMUSG00000020590	ENSRNOG00000004186
ENSG00000071203	MS4A12	ENSMUSG00000101031	ENSRNOG00000026387
ENSG00000071205	ARHGAP10	ENSMUSG00000037148	ENSRNOG00000013152
ENSG00000071242	RPS6KA2	ENSMUSG00000023809	ENSRNOG00000013194
ENSG00000071243	ING3	ENSMUSG00000029670	ENSRNOG00000005496
ENSG00000071246	VASH1	ENSMUSG00000021256	ENSRNOG00000010457
ENSG00000071282	LMCD1	ENSMUSG00000057604	ENSRNOG00000005690
ENSG00000071462	BUD23	ENSMUSG00000005378	ENSRNOG00000033700
ENSG00000071537	SEL1L	ENSMUSG00000020964	ENSRNOG00000004464
ENSG00000071539	TRIP13	ENSMUSG00000021569	ENSRNOG00000015810
ENSG00000071553	ATP6AP1	ENSMUSG00000019087	ENSRNOG00000054352
ENSG00000071564	TCF3	ENSMUSG00000020167	ENSRNOG00000051499
ENSG00000071575	TRIB2	ENSMUSG00000020601	ENSRNOG00000004110
ENSG00000071626	DAZAP1	ENSMUSG00000069565	ENSRNOG00000031387
ENSG00000071655	MBD3	ENSMUSG00000035478	ENSRNOG00000028956
ENSG00000071677	PRLH	ENSMUSG00000090550	ENSRNOG00000019871
ENSG00000071794	HLTF	ENSMUSG00000002428	ENSRNOG00000000082
ENSG00000071859	FAM50A	ENSMUSG00000001962	ENSRNOG00000058439
ENSG00000071889	FAM3A	ENSMUSG00000031399	ENSRNOG00000060623
ENSG00000071894	CPSF1	ENSMUSG00000034022	ENSRNOG00000030705
ENSG00000071909	MYO3B	ENSMUSG00000042064	ENSRNOG00000030022
ENSG00000071967	CYBRD1	ENSMUSG00000027015	ENSRNOG00000009620
ENSG00000071991	CDH19	ENSMUSG00000047216	ENSRNOG00000029841
ENSG00000071994	PDCD2	ENSMUSG00000014771	ENSRNOG00000001490
ENSG00000072041	SLC6A15	ENSMUSG00000019894	ENSRNOG00000027468
ENSG00000072042	RDH11	ENSMUSG00000066441	ENSRNOG00000054770
ENSG00000072062	PRKACA	ENSMUSG00000005469	ENSRNOG00000005257
ENSG00000072071	ADGRL1	ENSMUSG00000013033	ENSRNOG00000029134
ENSG00000072080	SPP2	ENSMUSG00000026295	ENSRNOG00000053244
ENSG00000072110	ACTN1	ENSMUSG00000015143	ENSRNOG00000056756
ENSG00000072121	ZFYVE26	ENSMUSG00000066440	ENSRNOG00000059875
ENSG00000072133	RPS6KA6	ENSMUSG00000025665	ENSRNOG00000002592
ENSG00000072134	EPN2	ENSMUSG00000001036	ENSRNOG00000060550
ENSG00000072135	PTPN18	ENSMUSG00000026126	ENSRNOG00000013415
ENSG00000072163	LIMS2	ENSMUSG00000024395	ENSRNOG00000016021
ENSG00000072182	ASIC4	ENSMUSG00000033007	ENSRNOG00000019985
ENSG00000072195	SPEG	ENSMUSG00000026207	ENSRNOG00000019850
ENSG00000072201	LNX1	ENSMUSG00000029228	ENSRNOG00000002272
ENSG00000072210	ALDH3A2	ENSMUSG00000010025	ENSRNOG00000002342
ENSG00000072274	TFRC	ENSMUSG00000022797	ENSRNOG00000001766
ENSG00000072310	SREBF1	ENSMUSG00000020538	ENSRNOG00000003463
ENSG00000072315	TRPC5	ENSMUSG00000041710	ENSRNOG00000027233
ENSG00000072364	AFF4	ENSMUSG00000049470	ENSRNOG00000006965
ENSG00000072401	UBE2D1	ENSMUSG00000019927	ENSRNOG00000000611
ENSG00000072415	PALS1	ENSMUSG00000021112	ENSRNOG00000008788
ENSG00000072422	RHOBTB1	ENSMUSG00000019944	ENSRNOG00000000633
ENSG00000072501	SMC1A	ENSMUSG00000041133	ENSRNOG00000003139
ENSG00000072506	HSD17B10	ENSMUSG00000025260	ENSRNOG00000003049
ENSG00000072518	MARK2	ENSMUSG00000024969	ENSRNOG00000021184
ENSG00000072571	HMMR	ENSMUSG00000020330	ENSRNOG00000059894
ENSG00000072609	CHFR	ENSMUSG00000014668	ENSRNOG00000037430
ENSG00000072657	TRHDE	ENSMUSG00000050663	ENSRNOG00000005278
ENSG00000072682	P4HA2	ENSMUSG00000018906	ENSRNOG00000033663
ENSG00000072736	NFATC3	ENSMUSG00000031902	ENSRNOG00000054264
ENSG00000072778	ACADVL	ENSMUSG00000018574	ENSRNOG00000018114
ENSG00000072786	STK10	ENSMUSG00000020272	ENSRNOG00000004217
ENSG00000072803	FBXW11	ENSMUSG00000020271	ENSRNOG00000004395
ENSG00000072818	ACAP1	ENSMUSG00000001588	ENSRNOG00000015674
ENSG00000072832	CRMP1	ENSMUSG00000029121	ENSRNOG00000004781
ENSG00000072840	EVC	ENSMUSG00000029122	ENSRNOG00000007564
ENSG00000072849	DERL2	ENSMUSG00000018442	ENSRNOG00000055466
ENSG00000072858	SIDT1	ENSMUSG00000022696	ENSRNOG00000002013
ENSG00000072864	NDE1	ENSMUSG00000022678	ENSRNOG00000058007
ENSG00000072952	IRAG1	ENSMUSG00000005611	ENSRNOG00000017767
ENSG00000072954	TMEM38A	ENSMUSG00000031791	ENSRNOG00000011912
ENSG00000072958	AP1M1	ENSMUSG00000003033	ENSRNOG00000014454
ENSG00000073008	PVR	ENSMUSG00000040511	ENSRNOG00000019202
ENSG00000073050	XRCC1	ENSMUSG00000051768	ENSRNOG00000019915
ENSG00000073060	SCARB1	ENSMUSG00000037936	ENSRNOG00000000981
ENSG00000073067	CYP2W1	ENSMUSG00000029541	ENSRNOG00000051770
ENSG00000073111	MCM2	ENSMUSG00000002870	ENSRNOG00000016316
ENSG00000073146	MOV10L1	ENSMUSG00000015365	ENSRNOG00000031093
ENSG00000073150	PANX2	ENSMUSG00000058441	ENSRNOG00000055530
ENSG00000073169	SELENOO	ENSMUSG00000035757	ENSRNOG00000060120
ENSG00000073282	TP63	ENSMUSG00000022510	ENSRNOG00000001924
ENSG00000073331	ALPK1	ENSMUSG00000028028	ENSRNOG00000022636
ENSG00000073350	LLGL2	ENSMUSG00000020782	ENSRNOG00000004834
ENSG00000073417	PDE8A	ENSMUSG00000025584	ENSRNOG00000019005
ENSG00000073464	CLCN4	ENSMUSG00000000605	ENSRNOG00000003533
ENSG00000073536	NLE1	ENSMUSG00000020692	ENSRNOG00000008287
ENSG00000073578	SDHA	ENSMUSG00000021577	ENSRNOG00000013331
ENSG00000073584	SMARCE1	ENSMUSG00000037935	ENSRNOG00000010676
ENSG00000073598	FNDC8	ENSMUSG00000018844	ENSRNOG00000008264
ENSG00000073614	KDM5A	ENSMUSG00000030180	ENSRNOG00000010591
ENSG00000073670	ADAM11	ENSMUSG00000020926	ENSRNOG00000002753
ENSG00000073711	PPP2R3A	ENSMUSG00000043154	ENSRNOG00000022999
ENSG00000073712	FERMT2	ENSMUSG00000037712	ENSRNOG00000009102
ENSG00000073734	ABCB11	ENSMUSG00000027048	ENSRNOG00000050860
ENSG00000073737	DHRS9	ENSMUSG00000027068	ENSRNOG00000065735
ENSG00000073754	CD5L	ENSMUSG00000015854	ENSRNOG00000081265
ENSG00000073756	PTGS2	ENSMUSG00000032487	ENSRNOG00000002525
ENSG00000073792	IGF2BP2	ENSMUSG00000033581	ENSRNOG00000025946
ENSG00000073803	MAP3K13	ENSMUSG00000033618	ENSRNOG00000025423
ENSG00000073849	ST6GAL1	ENSMUSG00000022885	ENSRNOG00000001823
ENSG00000073861	TBX21	ENSMUSG00000001444	ENSRNOG00000009427
ENSG00000073910	FRY	ENSMUSG00000056602	ENSRNOG00000000894
ENSG00000073921	PICALM	ENSMUSG00000039361	ENSRNOG00000018322
ENSG00000073969	NSF	ENSMUSG00000034187	ENSRNOG00000003905
ENSG00000074054	CLASP1	ENSMUSG00000064302	ENSRNOG00000002376
ENSG00000074181	NOTCH3	ENSMUSG00000038146	ENSRNOG00000004346
ENSG00000074201	CLNS1A	ENSMUSG00000025439	ENSRNOG00000012788
ENSG00000074211	PPP2R2C	ENSMUSG00000029120	ENSRNOG00000058202
ENSG00000074219	TEAD2	ENSMUSG00000030796	ENSRNOG00000020695
ENSG00000074266	EED	ENSMUSG00000030619	ENSRNOG00000017509
ENSG00000074276	CDHR2	ENSMUSG00000034918	ENSRNOG00000017917
ENSG00000074317	SNCB	ENSMUSG00000034891	ENSRNOG00000018039
ENSG00000074319	TSG101	ENSMUSG00000014402	ENSRNOG00000013381
ENSG00000074356	NCBP3	ENSMUSG00000020783	ENSRNOG00000018550
ENSG00000074370	ATP2A3	ENSMUSG00000020788	ENSRNOG00000017912
ENSG00000074410	CA12	ENSMUSG00000032373	ENSRNOG00000017766
ENSG00000074416	MGLL	ENSMUSG00000033174	ENSRNOG00000014508
ENSG00000074527	NTN4	ENSMUSG00000020019	ENSRNOG00000005573
ENSG00000074582	BCS1L	ENSMUSG00000026172	ENSRNOG00000016754
ENSG00000074590	NUAK1	ENSMUSG00000020032	ENSRNOG00000008061
ENSG00000074603	DPP8	ENSMUSG00000032393	ENSRNOG00000019105
ENSG00000074621	SLC24A1	ENSMUSG00000034452	ENSRNOG00000052051
ENSG00000074657	ZNF532	ENSMUSG00000042439	ENSRNOG00000017116
ENSG00000074660	SCARF1	ENSMUSG00000038188	ENSRNOG00000059618
ENSG00000074695	LMAN1	ENSMUSG00000041891	ENSRNOG00000024470
ENSG00000074696	HACD3	ENSMUSG00000033629	ENSRNOG00000030232
ENSG00000074706	IPCEF1	ENSMUSG00000064065	ENSRNOG00000018163
ENSG00000074755	ZZEF1	ENSMUSG00000055670	ENSRNOG00000024535
ENSG00000074771	NOX3	ENSMUSG00000023802	ENSRNOG00000016490
ENSG00000074803	SLC12A1	ENSMUSG00000027202	ENSRNOG00000005367
ENSG00000074842	MYDGF	ENSMUSG00000019579	ENSRNOG00000046883
ENSG00000074855	ANO8	ENSMUSG00000034863	ENSRNOG00000058662
ENSG00000074935	TUBE1	ENSMUSG00000019845	ENSRNOG00000000598
ENSG00000074964	ARHGEF10L	ENSMUSG00000040964	ENSRNOG00000050636
ENSG00000074966	TXK	ENSMUSG00000054892	ENSRNOG00000025925
ENSG00000075035	WSCD2	ENSMUSG00000063430	ENSRNOG00000053045
ENSG00000075043	KCNQ2	ENSMUSG00000016346	ENSRNOG00000011624
ENSG00000075073	TACR2	ENSMUSG00000020081	ENSRNOG00000050658
ENSG00000075089	ACTR6	ENSMUSG00000019948	ENSRNOG00000007875
ENSG00000075142	SRI	ENSMUSG00000003161	ENSRNOG00000049780
ENSG00000075151	EIF4G3	ENSMUSG00000028760	ENSRNOG00000014368
ENSG00000075188	NUP37	ENSMUSG00000035351	ENSRNOG00000004727
ENSG00000075213	SEMA3A	ENSMUSG00000028883	ENSRNOG00000023337
ENSG00000075218	GTSE1	ENSMUSG00000022385	ENSRNOG00000016148
ENSG00000075223	SEMA3C	ENSMUSG00000028780	ENSRNOG00000006526
ENSG00000075234	TTC38	ENSMUSG00000035944	ENSRNOG00000015916
ENSG00000075239	ACAT1	ENSMUSG00000032047	ENSRNOG00000007862
ENSG00000075240	GRAMD4	ENSMUSG00000035900	ENSRNOG00000016968
ENSG00000075275	CELSR1	ENSMUSG00000016028	ENSRNOG00000021285
ENSG00000075290	WNT8B	ENSMUSG00000036961	ENSRNOG00000013817
ENSG00000075292	ZNF638	ENSMUSG00000030016	ENSRNOG00000014501
ENSG00000075303	SLC25A40	ENSMUSG00000054099	ENSRNOG00000022837
ENSG00000075336	TIMM21	ENSMUSG00000024645	ENSRNOG00000015142
ENSG00000075340	ADD2	ENSMUSG00000030000	ENSRNOG00000015903
ENSG00000075388	FGF4	ENSMUSG00000050917	ENSRNOG00000083188
ENSG00000075391	RASAL2	ENSMUSG00000070565	ENSRNOG00000004917
ENSG00000075399	VPS9D1	ENSMUSG00000001062	ENSRNOG00000028904
ENSG00000075413	MARK3	ENSMUSG00000007411	ENSRNOG00000010330
ENSG00000075415	SLC25A3	ENSMUSG00000061904	ENSRNOG00000091320
ENSG00000075420	FNDC3B	ENSMUSG00000039286	ENSRNOG00000024089
ENSG00000075426	FOSL2	ENSMUSG00000029135	ENSRNOG00000068412
ENSG00000075429	CACNG5	ENSMUSG00000040373	ENSRNOG00000003288
ENSG00000075461	CACNG4	ENSMUSG00000020723	ENSRNOG00000003262
ENSG00000075539	FRYL	ENSMUSG00000070733	ENSRNOG00000002248
ENSG00000075568	TMEM131	ENSMUSG00000026116	ENSRNOG00000017265
ENSG00000075618	FSCN1	ENSMUSG00000029581	ENSRNOG00000056585
ENSG00000075624	ACTB	ENSMUSG00000029580	ENSRNOG00000034254
ENSG00000075643	MOCOS	ENSMUSG00000039616	ENSRNOG00000015113
ENSG00000075651	PLD1	ENSMUSG00000027695	ENSRNOG00000028156
ENSG00000075673	ATP12A	ENSMUSG00000022229	ENSRNOG00000020685
ENSG00000075702	WDR62	ENSMUSG00000037020	ENSRNOG00000020807
ENSG00000075711	DLG1	ENSMUSG00000022770	ENSRNOG00000038597
ENSG00000075785	RAB7A	ENSMUSG00000079477	ENSRNOG00000012247
ENSG00000075790	BCAP29	ENSMUSG00000020650	ENSRNOG00000007884
ENSG00000075826	SEC31B	ENSMUSG00000051984	ENSRNOG00000025781
ENSG00000075856	SART3	ENSMUSG00000018974	ENSRNOG00000000702
ENSG00000075884	ARHGAP15	ENSMUSG00000049744	ENSRNOG00000031168
ENSG00000075886	TUBA3D	ENSMUSG00000067338	ENSRNOG00000031707
ENSG00000075891	PAX2	ENSMUSG00000004231	ENSRNOG00000014253
ENSG00000075914	EXOSC7	ENSMUSG00000025785	ENSRNOG00000060337
ENSG00000075945	KIFAP3	ENSMUSG00000026585	ENSRNOG00000002544
ENSG00000075975	MKRN2	ENSMUSG00000000439	ENSRNOG00000009176
ENSG00000076003	MCM6	ENSMUSG00000026355	ENSRNOG00000003703
ENSG00000076043	REXO2	ENSMUSG00000032026	ENSRNOG00000018939
ENSG00000076053	RBM7	ENSMUSG00000042396	ENSRNOG00000005710
ENSG00000076067	RBMS2	ENSMUSG00000040043	ENSRNOG00000003076
ENSG00000076108	BAZ2A	ENSMUSG00000040054	ENSRNOG00000053881
ENSG00000076201	PTPN23	ENSMUSG00000036057	ENSRNOG00000020862
ENSG00000076242	MLH1	ENSMUSG00000032498	ENSRNOG00000033809
ENSG00000076248	UNG	ENSMUSG00000029591	ENSRNOG00000000692
ENSG00000076258	FMO4	ENSMUSG00000026692	ENSRNOG00000003400
ENSG00000076321	KLHL20	ENSMUSG00000026705	ENSRNOG00000002875
ENSG00000076351	SLC46A1	ENSMUSG00000020829	ENSRNOG00000010291
ENSG00000076356	PLXNA2	ENSMUSG00000026640	ENSRNOG00000007324
ENSG00000076382	SPAG5	ENSMUSG00000002055	ENSRNOG00000011777
ENSG00000076513	ANKRD13A	ENSMUSG00000041870	ENSRNOG00000001204
ENSG00000076554	TPD52	ENSMUSG00000027506	ENSRNOG00000011441
ENSG00000076555	ACACB	ENSMUSG00000042010	ENSRNOG00000000658
ENSG00000076604	TRAF4	ENSMUSG00000017386	ENSRNOG00000013169
ENSG00000076641	PAG1	ENSMUSG00000027508	ENSRNOG00000087915
ENSG00000076650	GPATCH1	ENSMUSG00000063808	ENSRNOG00000011584
ENSG00000076685	NT5C2	ENSMUSG00000025041	ENSRNOG00000020179
ENSG00000076706	MCAM	ENSMUSG00000032135	ENSRNOG00000007726
ENSG00000076716	GPC4	ENSMUSG00000031119	ENSRNOG00000002413
ENSG00000076770	MBNL3	ENSMUSG00000036109	ENSRNOG00000002487
ENSG00000076826	CAMSAP3	ENSMUSG00000044433	ENSRNOG00000000986
ENSG00000076864	RAP1GAP	ENSMUSG00000041351	ENSRNOG00000013825
ENSG00000076924	XAB2	ENSMUSG00000019470	ENSRNOG00000000988
ENSG00000076928	ARHGEF1	ENSMUSG00000040940	ENSRNOG00000020130
ENSG00000076944	STXBP2	ENSMUSG00000004626	ENSRNOG00000000994
ENSG00000076984	MAP2K7	ENSMUSG00000002948	ENSRNOG00000001047
ENSG00000077009	NMRK2	ENSMUSG00000004939	ENSRNOG00000042897
ENSG00000077044	DGKD	ENSMUSG00000070738	ENSRNOG00000023238
ENSG00000077063	CTTNBP2	ENSMUSG00000000416	ENSRNOG00000061845
ENSG00000077080	ACTL6B	ENSMUSG00000029712	ENSRNOG00000001408
ENSG00000077092	RARB	ENSMUSG00000017491	ENSRNOG00000024061
ENSG00000077097	TOP2B	ENSMUSG00000017485	ENSRNOG00000048795
ENSG00000077147	TM9SF3	ENSMUSG00000025016	ENSRNOG00000013443
ENSG00000077150	NFKB2	ENSMUSG00000025225	ENSRNOG00000019311
ENSG00000077152	UBE2T	ENSMUSG00000026429	ENSRNOG00000005038
ENSG00000077157	PPP1R12B	ENSMUSG00000073557	ENSRNOG00000051440
ENSG00000077232	DNAJC10	ENSMUSG00000027006	ENSRNOG00000006803
ENSG00000077235	GTF3C1	ENSMUSG00000032777	ENSRNOG00000016218
ENSG00000077238	IL4R	ENSMUSG00000030748	ENSRNOG00000015441
ENSG00000077254	USP33	ENSMUSG00000025437	ENSRNOG00000011294
ENSG00000077264	PAK3	ENSMUSG00000031284	ENSRNOG00000004676
ENSG00000077274	CAPN6	ENSMUSG00000067276	ENSRNOG00000004882
ENSG00000077279	DCX	ENSMUSG00000031285	ENSRNOG00000047712
ENSG00000077312	SNRPA	ENSMUSG00000061479	ENSRNOG00000001501
ENSG00000077348	EXOSC5	ENSMUSG00000061286	ENSRNOG00000020635
ENSG00000077380	DYNC1I2	ENSMUSG00000027012	ENSRNOG00000009781
ENSG00000077454	LRCH4	ENSMUSG00000093445	ENSRNOG00000001402
ENSG00000077458	FAM76B	ENSMUSG00000037808	ENSRNOG00000024863
ENSG00000077463	SIRT6	ENSMUSG00000034748	ENSRNOG00000006393
ENSG00000077498	TYR	ENSMUSG00000004651	ENSRNOG00000016421
ENSG00000077522	ACTN2	ENSMUSG00000052374	ENSRNOG00000017833
ENSG00000077549	CAPZB	ENSMUSG00000028745	ENSRNOG00000007330
ENSG00000077585	GPR137B	ENSMUSG00000021306	ENSRNOG00000002480
ENSG00000077616	NAALAD2	ENSMUSG00000043943	ENSRNOG00000005955
ENSG00000077684	JADE1	ENSMUSG00000025764	ENSRNOG00000014066
ENSG00000077713	SLC25A43	ENSMUSG00000037636	ENSRNOG00000012756
ENSG00000077721	UBE2A	ENSMUSG00000016308	ENSRNOG00000039985
ENSG00000077782	FGFR1	ENSMUSG00000031565	ENSRNOG00000016050
ENSG00000077800	FKBP6	ENSMUSG00000040013	ENSRNOG00000001451
ENSG00000077935	SMC1B	ENSMUSG00000022432	ENSRNOG00000032570
ENSG00000077942	FBLN1	ENSMUSG00000006369	ENSRNOG00000014137
ENSG00000077943	ITGA8	ENSMUSG00000026768	ENSRNOG00000016538
ENSG00000077984	CST7	ENSMUSG00000068129	ENSRNOG00000006767
ENSG00000078018	MAP2	ENSMUSG00000015222	ENSRNOG00000011841
ENSG00000078043	PIAS2	ENSMUSG00000025423	ENSRNOG00000017493
ENSG00000078053	AMPH	ENSMUSG00000021314	ENSRNOG00000059510
ENSG00000078061	ARAF	ENSMUSG00000001127	ENSRNOG00000010838
ENSG00000078070	MCCC1	ENSMUSG00000027709	ENSRNOG00000013293
ENSG00000078098	FAP	ENSMUSG00000000392	ENSRNOG00000005679
ENSG00000078114	NEBL	ENSMUSG00000053702	ENSRNOG00000049452
ENSG00000078124	ACER3	ENSMUSG00000030760	ENSRNOG00000036866
ENSG00000078140	UBE2K	ENSMUSG00000029203	ENSRNOG00000027088
ENSG00000078142	PIK3C3	ENSMUSG00000033628	ENSRNOG00000017840
ENSG00000078177	N4BP2	ENSMUSG00000037795	ENSRNOG00000027152
ENSG00000078237	TIGAR	ENSMUSG00000038028	ENSRNOG00000051816
ENSG00000078246	TULP3	ENSMUSG00000001521	ENSRNOG00000005767
ENSG00000078269	SYNJ2	ENSMUSG00000023805	ENSRNOG00000017114
ENSG00000078295	ADCY2	ENSMUSG00000021536	ENSRNOG00000032150
ENSG00000078304	PPP2R5C	ENSMUSG00000017843	ENSRNOG00000004973
ENSG00000078328	RBFOX1	ENSMUSG00000008658	ENSRNOG00000002827
ENSG00000078399	HOXA9	ENSMUSG00000038227	ENSRNOG00000064322
ENSG00000078401	EDN1	ENSMUSG00000021367	ENSRNOG00000014361
ENSG00000078403	MLLT10	ENSMUSG00000026743	ENSRNOG00000022249
ENSG00000078487	ZCWPW1	ENSMUSG00000037108	ENSRNOG00000052199
ENSG00000078549	ADCYAP1R1	ENSMUSG00000029778	ENSRNOG00000012098
ENSG00000078579	FGF20	ENSMUSG00000031603	ENSRNOG00000000109
ENSG00000078589	P2RY10	ENSMUSG00000050921	ENSRNOG00000037839
ENSG00000078596	ITM2A	ENSMUSG00000031239	ENSRNOG00000002365
ENSG00000078618	NRDC	ENSMUSG00000053510	ENSRNOG00000007111
ENSG00000078674	PCM1	ENSMUSG00000031592	ENSRNOG00000010155
ENSG00000078687	TNRC6C	ENSMUSG00000025571	ENSRNOG00000022395
ENSG00000078699	CBFA2T2	ENSMUSG00000038533	ENSRNOG00000016352
ENSG00000078725	BRINP1	ENSMUSG00000028351	ENSRNOG00000005561
ENSG00000078747	ITCH	ENSMUSG00000027598	ENSRNOG00000059043
ENSG00000078795	PKD2L2	ENSMUSG00000014503	ENSRNOG00000025489
ENSG00000078804	TP53INP2	ENSMUSG00000038375	ENSRNOG00000018225
ENSG00000078808	SDF4	ENSMUSG00000029076	ENSRNOG00000019981
ENSG00000078814	MYH7B	ENSMUSG00000074652	ENSRNOG00000018997
ENSG00000078898	BPIFB2	ENSMUSG00000027481	ENSRNOG00000012197
ENSG00000078900	TP73	ENSMUSG00000029026	ENSRNOG00000024707
ENSG00000078902	TOLLIP	ENSMUSG00000025139	ENSRNOG00000019861
ENSG00000079102	RUNX1T1	ENSMUSG00000006586	ENSRNOG00000005673
ENSG00000079112	CDH17	ENSMUSG00000028217	ENSRNOG00000015562
ENSG00000079150	FKBP7	ENSMUSG00000002732	ENSRNOG00000011758
ENSG00000079156	OSBPL6	ENSMUSG00000042359	ENSRNOG00000010812
ENSG00000079215	SLC1A3	ENSMUSG00000005360	ENSRNOG00000016163
ENSG00000079246	XRCC5	ENSMUSG00000026187	ENSRNOG00000016105
ENSG00000079257	LXN	ENSMUSG00000047557	ENSRNOG00000013572
ENSG00000079263	SP140	ENSMUSG00000026222	ENSRNOG00000022769
ENSG00000079308	TNS1	ENSMUSG00000055322	ENSRNOG00000014182
ENSG00000079313	REXO1	ENSMUSG00000047417	ENSRNOG00000017916
ENSG00000079332	SAR1A	ENSMUSG00000020088	ENSRNOG00000000557
ENSG00000079335	CDC14A	ENSMUSG00000033502	ENSRNOG00000014515
ENSG00000079337	RAPGEF3	ENSMUSG00000022469	ENSRNOG00000059961
ENSG00000079387	SENP1	ENSMUSG00000033075	ENSRNOG00000022260
ENSG00000079432	CIC	ENSMUSG00000005442	ENSRNOG00000056118
ENSG00000079435	LIPE	ENSMUSG00000003123	ENSRNOG00000020546
ENSG00000079459	FDFT1	ENSMUSG00000021273	ENSRNOG00000021314
ENSG00000079462	PAFAH1B3	ENSMUSG00000005447	ENSRNOG00000020481
ENSG00000079482	OPHN1	ENSMUSG00000031214	ENSRNOG00000026573
ENSG00000079557	AFM	ENSMUSG00000029369	ENSRNOG00000002878
ENSG00000079616	KIF22	ENSMUSG00000030677	ENSRNOG00000020281
ENSG00000079689	SCGN	ENSMUSG00000021337	ENSRNOG00000016628
ENSG00000079691	CARMIL1	ENSMUSG00000021338	ENSRNOG00000016576
ENSG00000079739	PGM1	ENSMUSG00000025791	ENSRNOG00000009889
ENSG00000079785	DDX1	ENSMUSG00000037149	ENSRNOG00000006652
ENSG00000079805	DNM2	ENSMUSG00000033335	ENSRNOG00000007649
ENSG00000079819	EPB41L2	ENSMUSG00000019978	ENSRNOG00000012346
ENSG00000079841	RIMS1	ENSMUSG00000041670	ENSRNOG00000011000
ENSG00000079931	MOXD1	ENSMUSG00000020000	ENSRNOG00000015321
ENSG00000079950	STX7	ENSMUSG00000019998	ENSRNOG00000015670
ENSG00000079999	KEAP1	ENSMUSG00000003308	ENSRNOG00000020878
ENSG00000080031	PTPRH	ENSMUSG00000035429	ENSRNOG00000058906
ENSG00000080166	DCT	ENSMUSG00000022129	ENSRNOG00000008671
ENSG00000080189	SLC35H1	ENSMUSG00000017664	ENSRNOG00000018649
ENSG00000080200	CRYBG3	ENSMUSG00000022723	ENSRNOG00000045728
ENSG00000080224	EPHA6	ENSMUSG00000055540	ENSRNOG00000029184
ENSG00000080293	SCTR	ENSMUSG00000026387	ENSRNOG00000049766
ENSG00000080298	RFX3	ENSMUSG00000040929	ENSRNOG00000014486
ENSG00000080345	RIF1	ENSMUSG00000036202	ENSRNOG00000054901
ENSG00000080371	RAB21	ENSMUSG00000020132	ENSRNOG00000003923
ENSG00000080493	SLC4A4	ENSMUSG00000060961	ENSRNOG00000003134
ENSG00000080503	SMARCA2	ENSMUSG00000024921	ENSRNOG00000011931
ENSG00000080511	RDH8	ENSMUSG00000053773	ENSRNOG00000025767
ENSG00000080546	SESN1	ENSMUSG00000038332	ENSRNOG00000000302
ENSG00000080561	MID2	ENSMUSG00000000266	ENSRNOG00000060542
ENSG00000080573	COL5A3	ENSMUSG00000004098	ENSRNOG00000020525
ENSG00000080603	SRCAP	ENSMUSG00000053877	ENSRNOG00000050282
ENSG00000080618	CPB2	ENSMUSG00000021999	ENSRNOG00000010935
ENSG00000080644	CHRNA3	ENSMUSG00000032303	ENSRNOG00000013829
ENSG00000080709	KCNN2	ENSMUSG00000054477	ENSRNOG00000016675
ENSG00000080802	CNOT4	ENSMUSG00000038784	ENSRNOG00000010795
ENSG00000080815	PSEN1	ENSMUSG00000019969	ENSRNOG00000009110
ENSG00000080819	CPOX	ENSMUSG00000022742	ENSRNOG00000001654
ENSG00000080822	CLDND1	ENSMUSG00000022744	ENSRNOG00000001657
ENSG00000080823	MOK	ENSMUSG00000056458	ENSRNOG00000007850
ENSG00000080824	HSP90AA1	ENSMUSG00000021270	ENSRNOG00000059714
ENSG00000080839	RBL1	ENSMUSG00000027641	ENSRNOG00000006921
ENSG00000080845	DLGAP4	ENSMUSG00000061689	ENSRNOG00000020225
ENSG00000080854	IGSF9B	ENSMUSG00000034275	ENSRNOG00000009253
ENSG00000080986	NDC80	ENSMUSG00000024056	ENSRNOG00000013727
ENSG00000081014	AP4E1	ENSMUSG00000001998	ENSRNOG00000022938
ENSG00000081019	RSBN1	ENSMUSG00000044098	ENSRNOG00000019671
ENSG00000081026	MAGI3	ENSMUSG00000052539	ENSRNOG00000019885
ENSG00000081051	AFP	ENSMUSG00000054932	ENSRNOG00000002889
ENSG00000081052	COL4A4	ENSMUSG00000067158	ENSRNOG00000014851
ENSG00000081059	TCF7	ENSMUSG00000000782	ENSRNOG00000005872
ENSG00000081087	OSTM1	ENSMUSG00000038280	ENSRNOG00000037647
ENSG00000081138	CDH7	ENSMUSG00000026312	ENSRNOG00000032490
ENSG00000081148	IMPG2	ENSMUSG00000035270	ENSRNOG00000001616
ENSG00000081154	PCNP	ENSMUSG00000071533	ENSRNOG00000028411
ENSG00000081177	EXD2	ENSMUSG00000032705	ENSRNOG00000027707
ENSG00000081181	ARG2	ENSMUSG00000021125	ENSRNOG00000053811
ENSG00000081189	MEF2C	ENSMUSG00000005583	ENSRNOG00000033134
ENSG00000081237	PTPRC	ENSMUSG00000026395	ENSRNOG00000000655
ENSG00000081248	CACNA1S	ENSMUSG00000026407	ENSRNOG00000046231
ENSG00000081277	PKP1	ENSMUSG00000026413	ENSRNOG00000010076
ENSG00000081307	UBA5	ENSMUSG00000032557	ENSRNOG00000011027
ENSG00000081320	STK17B	ENSMUSG00000026094	ENSRNOG00000012502
ENSG00000081479	LRP2	ENSMUSG00000027070	ENSRNOG00000056184
ENSG00000081692	JMJD4	ENSMUSG00000036819	ENSRNOG00000022438
ENSG00000081721	DUSP12	ENSMUSG00000026659	ENSRNOG00000003100
ENSG00000081760	AACS	ENSMUSG00000029482	ENSRNOG00000000967
ENSG00000081791	DELE1	ENSMUSG00000024442	ENSRNOG00000019276
ENSG00000081800	SLC13A1	ENSMUSG00000029700	ENSRNOG00000008121
ENSG00000081803	CADPS2	ENSMUSG00000017978	ENSRNOG00000007636
ENSG00000081870	IFT25	ENSMUSG00000063172	ENSRNOG00000010241
ENSG00000081913	PHLPP1	ENSMUSG00000044340	ENSRNOG00000002821
ENSG00000081923	ATP8B1	ENSMUSG00000039529	ENSRNOG00000024952
ENSG00000081985	IL12RB2	ENSMUSG00000018341	ENSRNOG00000007270
ENSG00000082014	SMARCD3	ENSMUSG00000028949	ENSRNOG00000010077
ENSG00000082068	WDR70	ENSMUSG00000039828	ENSRNOG00000013336
ENSG00000082074	FYB1	ENSMUSG00000022148	ENSRNOG00000013886
ENSG00000082126	MPP4	ENSMUSG00000079550	ENSRNOG00000010486
ENSG00000082146	STRADB	ENSMUSG00000026027	ENSRNOG00000010728
ENSG00000082153	BZW1	ENSMUSG00000051223	ENSRNOG00000013977
ENSG00000082175	PGR	ENSMUSG00000031870	ENSRNOG00000006831
ENSG00000082196	C1QTNF3	ENSMUSG00000058914	ENSRNOG00000018570
ENSG00000082212	ME2	ENSMUSG00000024556	ENSRNOG00000015582
ENSG00000082213	C5orf22	ENSMUSG00000022195	ENSRNOG00000022745
ENSG00000082258	CCNT2	ENSMUSG00000026349	ENSRNOG00000017113
ENSG00000082269	FAM135A	ENSMUSG00000026153	ENSRNOG00000013587
ENSG00000082293	COL19A1	ENSMUSG00000026141	ENSRNOG00000012759
ENSG00000082397	EPB41L3	ENSMUSG00000024044	ENSRNOG00000016724
ENSG00000082438	COBLL1	ENSMUSG00000034903	ENSRNOG00000027016
ENSG00000082458	DLG3	ENSMUSG00000000881	ENSRNOG00000002767
ENSG00000082482	KCNK2	ENSMUSG00000037624	ENSRNOG00000002653
ENSG00000082497	SERTAD4	ENSMUSG00000016262	ENSRNOG00000060773
ENSG00000082512	TRAF5	ENSMUSG00000026637	ENSRNOG00000047957
ENSG00000082515	MRPL22	ENSMUSG00000020514	ENSRNOG00000027039
ENSG00000082516	GEMIN5	ENSMUSG00000037275	ENSRNOG00000002645
ENSG00000082556	OPRK1	ENSMUSG00000025905	ENSRNOG00000007647
ENSG00000082641	NFE2L1	ENSMUSG00000038615	ENSRNOG00000008830
ENSG00000082684	SEMA5B	ENSMUSG00000052133	ENSRNOG00000002238
ENSG00000082701	GSK3B	ENSMUSG00000022812	ENSRNOG00000002833
ENSG00000082781	ITGB5	ENSMUSG00000022817	ENSRNOG00000001795
ENSG00000082805	ERC1	ENSMUSG00000030172	ENSRNOG00000009264
ENSG00000082898	XPO1	ENSMUSG00000020290	ENSRNOG00000009935
ENSG00000082996	RNF13	ENSMUSG00000036503	ENSRNOG00000029209
ENSG00000083067	TRPM3	ENSMUSG00000052387	ENSRNOG00000027770
ENSG00000083093	PALB2	ENSMUSG00000044702	ENSRNOG00000025126
ENSG00000083097	DOP1A	ENSMUSG00000034973	ENSRNOG00000022847
ENSG00000083099	LYRM2	ENSMUSG00000045854	ENSRNOG00000043105
ENSG00000083123	BCKDHB	ENSMUSG00000032263	ENSRNOG00000009928
ENSG00000083168	KAT6A	ENSMUSG00000031540	ENSRNOG00000025174
ENSG00000083223	TUT7	ENSMUSG00000035248	ENSRNOG00000016629
ENSG00000083290	ULK2	ENSMUSG00000004798	ENSRNOG00000002763
ENSG00000083307	GRHL2	ENSMUSG00000022286	ENSRNOG00000007000
ENSG00000083312	TNPO1	ENSMUSG00000009470	ENSRNOG00000014999
ENSG00000083444	PLOD1	ENSMUSG00000019055	ENSRNOG00000007763
ENSG00000083454	P2RX5	ENSMUSG00000005950	ENSRNOG00000019208
ENSG00000083457	ITGAE	ENSMUSG00000005947	ENSRNOG00000046639
ENSG00000083520	DIS3	ENSMUSG00000033166	ENSRNOG00000009125
ENSG00000083535	PIBF1	ENSMUSG00000022064	ENSRNOG00000009208
ENSG00000083544	TDRD3	ENSMUSG00000022019	ENSRNOG00000009034
ENSG00000083635	NUFIP1	ENSMUSG00000022009	ENSRNOG00000001033
ENSG00000083642	PDS5B	ENSMUSG00000034021	ENSRNOG00000001098
ENSG00000083720	OXCT1	ENSMUSG00000022186	ENSRNOG00000043094
ENSG00000083750	RRAGB	ENSMUSG00000041658	ENSRNOG00000062421
ENSG00000083782	EPYC	ENSMUSG00000019936	ENSRNOG00000004717
ENSG00000083799	CYLD	ENSMUSG00000036712	ENSRNOG00000014048
ENSG00000083807	SLC27A5	ENSMUSG00000030382	ENSRNOG00000019626
ENSG00000083838	ZNF446	ENSMUSG00000033961	ENSRNOG00000060429
ENSG00000083845	RPS5	ENSMUSG00000012848	ENSRNOG00000019453
ENSG00000083857	FAT1	ENSMUSG00000070047	ENSRNOG00000030954
ENSG00000083896	YTHDC1	ENSMUSG00000035851	ENSRNOG00000001996
ENSG00000083937	CHMP2B	ENSMUSG00000004843	ENSRNOG00000040257
ENSG00000084070	SMAP2	ENSMUSG00000032870	ENSRNOG00000011421
ENSG00000084072	PPIE	ENSMUSG00000028651	ENSRNOG00000014762
ENSG00000084073	ZMPSTE24	ENSMUSG00000043207	ENSRNOG00000012054
ENSG00000084090	STARD7	ENSMUSG00000027367	ENSRNOG00000013479
ENSG00000084092	NOA1	ENSMUSG00000036285	ENSRNOG00000002055
ENSG00000084093	REST	ENSMUSG00000029249	ENSRNOG00000002074
ENSG00000084110	HAL	ENSMUSG00000020017	ENSRNOG00000004502
ENSG00000084112	SSH1	ENSMUSG00000042121	ENSRNOG00000000695
ENSG00000084234	APLP2	ENSMUSG00000031996	ENSRNOG00000047179
ENSG00000084444	FAM234B	ENSMUSG00000030207	ENSRNOG00000008443
ENSG00000084623	EIF3I	ENSMUSG00000028798	ENSRNOG00000047185
ENSG00000084628	NKAIN1	ENSMUSG00000078532	ENSRNOG00000011445
ENSG00000084636	COL16A1	ENSMUSG00000040690	ENSRNOG00000031475
ENSG00000084652	TXLNA	ENSMUSG00000053841	ENSRNOG00000048242
ENSG00000084674	APOB	ENSMUSG00000020609	ENSRNOG00000005542
ENSG00000084676	NCOA1	ENSMUSG00000020647	ENSRNOG00000004068
ENSG00000084693	AGBL5	ENSMUSG00000029165	ENSRNOG00000008612
ENSG00000084710	EFR3B	ENSMUSG00000020658	ENSRNOG00000012950
ENSG00000084731	KIF3C	ENSMUSG00000020668	ENSRNOG00000011394
ENSG00000084733	RAB10	ENSMUSG00000020671	ENSRNOG00000047088
ENSG00000084734	GCKR	ENSMUSG00000059434	ENSRNOG00000048874
ENSG00000084754	HADHA	ENSMUSG00000025745	ENSRNOG00000024629
ENSG00000084764	MAPRE3	ENSMUSG00000029166	ENSRNOG00000008961
ENSG00000084774	CAD	ENSMUSG00000013629	ENSRNOG00000026474
ENSG00000085117	CD82	ENSMUSG00000027215	ENSRNOG00000000047
ENSG00000085185	BCORL1	ENSMUSG00000036959	ENSRNOG00000005076
ENSG00000085224	ATRX	ENSMUSG00000031229	ENSRNOG00000056703
ENSG00000085265	FCN1	ENSMUSG00000026835	ENSRNOG00000009342
ENSG00000085274	MYNN	ENSMUSG00000037730	ENSRNOG00000027923
ENSG00000085276	MECOM	ENSMUSG00000027684	ENSRNOG00000012645
ENSG00000085365	SCAMP1	ENSMUSG00000021687	ENSRNOG00000061582
ENSG00000085377	PREP	ENSMUSG00000019849	ENSRNOG00000051061
ENSG00000085382	HACE1	ENSMUSG00000038822	ENSRNOG00000000327
ENSG00000085415	SEH1L	ENSMUSG00000079614	ENSRNOG00000081107
ENSG00000085433	WDR47	ENSMUSG00000040389	ENSRNOG00000020330
ENSG00000085449	WDFY1	ENSMUSG00000073643	ENSRNOG00000015080
ENSG00000085491	SLC25A24	ENSMUSG00000040322	ENSRNOG00000020470
ENSG00000085511	MAP3K4	ENSMUSG00000014426	ENSRNOG00000017419
ENSG00000085552	IGSF9	ENSMUSG00000037995	ENSRNOG00000008054
ENSG00000085644	ZNF213	ENSMUSG00000071256	ENSRNOG00000021872
ENSG00000085719	CPNE3	ENSMUSG00000028228	ENSRNOG00000006298
ENSG00000085721	RRN3	ENSMUSG00000022682	ENSRNOG00000003326
ENSG00000085733	CTTN	ENSMUSG00000031078	ENSRNOG00000050994
ENSG00000085741	WNT11	ENSMUSG00000015957	ENSRNOG00000015982
ENSG00000085760	MTIF2	ENSMUSG00000020459	ENSRNOG00000004161
ENSG00000085788	DDHD2	ENSMUSG00000061313	ENSRNOG00000015501
ENSG00000085831	TTC39A	ENSMUSG00000028555	ENSRNOG00000047573
ENSG00000085832	EPS15	ENSMUSG00000028552	ENSRNOG00000010299
ENSG00000085840	ORC1	ENSMUSG00000028587	ENSRNOG00000008841
ENSG00000085871	MGST2	ENSMUSG00000074604	ENSRNOG00000061857
ENSG00000085872	CHERP	ENSMUSG00000052488	ENSRNOG00000012323
ENSG00000085978	ATG16L1	ENSMUSG00000026289	ENSRNOG00000017913
ENSG00000085982	USP40	ENSMUSG00000005501	ENSRNOG00000018395
ENSG00000085998	POMGNT1	ENSMUSG00000028700	ENSRNOG00000023455
ENSG00000085999	RAD54L	ENSMUSG00000028702	ENSRNOG00000013148
ENSG00000086015	MAST2	ENSMUSG00000003810	ENSRNOG00000058476
ENSG00000086061	DNAJA1	ENSMUSG00000028410	ENSRNOG00000007029
ENSG00000086062	B4GALT1	ENSMUSG00000028413	ENSRNOG00000059461
ENSG00000086065	CHMP5	ENSMUSG00000028419	ENSRNOG00000008672
ENSG00000086102	NFX1	ENSMUSG00000028423	ENSRNOG00000009015
ENSG00000086189	DIMT1	ENSMUSG00000021692	ENSRNOG00000013596
ENSG00000086205	FOLH1	ENSMUSG00000001773	ENSRNOG00000013770
ENSG00000086232	EIF2AK1	ENSMUSG00000029613	ENSRNOG00000001050
ENSG00000086288	NME8	ENSMUSG00000041138	ENSRNOG00000058285
ENSG00000086289	EPDR1	ENSMUSG00000002808	ENSRNOG00000060141
ENSG00000086300	SNX10	ENSMUSG00000038301	ENSRNOG00000011944
ENSG00000086475	SEPHS1	ENSMUSG00000026662	ENSRNOG00000018125
ENSG00000086504	MRPL28	ENSMUSG00000024181	ENSRNOG00000042720
ENSG00000086544	ITPKC	ENSMUSG00000003752	ENSRNOG00000013945
ENSG00000086570	FAT2	ENSMUSG00000055333	ENSRNOG00000012575
ENSG00000086589	RBM22	ENSMUSG00000024604	ENSRNOG00000019235
ENSG00000086598	TMED2	ENSMUSG00000029390	ENSRNOG00000001053
ENSG00000086619	ERO1B	ENSMUSG00000057069	ENSRNOG00000002609
ENSG00000086666	ZFAND6	ENSMUSG00000030629	ENSRNOG00000013506
ENSG00000086696	HSD17B2	ENSMUSG00000031844	ENSRNOG00000013982
ENSG00000086712	TXLNG	ENSMUSG00000038344	ENSRNOG00000004971
ENSG00000086717	PPEF1	ENSMUSG00000062168	ENSRNOG00000027331
ENSG00000086730	LAT2	ENSMUSG00000040751	ENSRNOG00000021856
ENSG00000086758	HUWE1	ENSMUSG00000025261	ENSRNOG00000061262
ENSG00000086827	ZW10	ENSMUSG00000032264	ENSRNOG00000054479
ENSG00000086848	ALG9	ENSMUSG00000032059	ENSRNOG00000010877
ENSG00000086967	MYBPC2	ENSMUSG00000038670	ENSRNOG00000019627
ENSG00000086991	NOX4	ENSMUSG00000030562	ENSRNOG00000013925
ENSG00000087008	ACOX3	ENSMUSG00000029098	ENSRNOG00000008474
ENSG00000087053	MTMR2	ENSMUSG00000031918	ENSRNOG00000005923
ENSG00000087074	PPP1R15A	ENSMUSG00000040435	ENSRNOG00000020938
ENSG00000087076	HSD17B14	ENSMUSG00000030825	ENSRNOG00000020949
ENSG00000087077	TRIP6	ENSMUSG00000023348	ENSRNOG00000048580
ENSG00000087085	ACHE	ENSMUSG00000023328	ENSRNOG00000050841
ENSG00000087087	SRRT	ENSMUSG00000037364	ENSRNOG00000048277
ENSG00000087088	BAX	ENSMUSG00000003873	ENSRNOG00000020876
ENSG00000087111	PIGS	ENSMUSG00000041958	ENSRNOG00000011366
ENSG00000087116	ADAMTS2	ENSMUSG00000036545	ENSRNOG00000061484
ENSG00000087128	TMPRSS11E	ENSMUSG00000054537	ENSRNOG00000022255
ENSG00000087152	ATXN7L3	ENSMUSG00000059995	ENSRNOG00000020930
ENSG00000087157	PGS1	ENSMUSG00000017715	ENSRNOG00000002949
ENSG00000087191	PSMC5	ENSMUSG00000020708	ENSRNOG00000010038
ENSG00000087206	UIMC1	ENSMUSG00000025878	ENSRNOG00000016891
ENSG00000087245	MMP2	ENSMUSG00000031740	ENSRNOG00000016695
ENSG00000087250	MT3	ENSMUSG00000031760	ENSRNOG00000018958
ENSG00000087253	LPCAT2	ENSMUSG00000033192	ENSRNOG00000016643
ENSG00000087263	OGFOD1	ENSMUSG00000033009	ENSRNOG00000019288
ENSG00000087266	SH3BP2	ENSMUSG00000054520	ENSRNOG00000013747
ENSG00000087269	NOP14	ENSMUSG00000036693	ENSRNOG00000012147
ENSG00000087274	ADD1	ENSMUSG00000029106	ENSRNOG00000013039
ENSG00000087299	L2HGDH	ENSMUSG00000020988	ENSRNOG00000004857
ENSG00000087301	TXNDC16	ENSMUSG00000021830	ENSRNOG00000006334
ENSG00000087303	NID2	ENSMUSG00000021806	ENSRNOG00000000341
ENSG00000087365	SF3B2	ENSMUSG00000024853	ENSRNOG00000020412
ENSG00000087448	KLHL42	ENSMUSG00000040102	ENSRNOG00000001844
ENSG00000087460	GNAS	ENSMUSG00000027523	ENSRNOG00000047374
ENSG00000087470	DNM1L	ENSMUSG00000022789	ENSRNOG00000001813
ENSG00000087494	PTHLH	ENSMUSG00000048776	ENSRNOG00000069267
ENSG00000087495	PHACTR3	ENSMUSG00000027525	ENSRNOG00000057996
ENSG00000087502	ERGIC2	ENSMUSG00000030304	ENSRNOG00000001852
ENSG00000087510	TFAP2C	ENSMUSG00000028640	ENSRNOG00000005246
ENSG00000087586	AURKA	ENSMUSG00000027496	ENSRNOG00000004479
ENSG00000087589	CASS4	ENSMUSG00000074570	ENSRNOG00000021560
ENSG00000087842	PIR	ENSMUSG00000031379	ENSRNOG00000003674
ENSG00000087884	AAMDC	ENSMUSG00000035642	ENSRNOG00000012584
ENSG00000087903	RFX2	ENSMUSG00000024206	ENSRNOG00000045846
ENSG00000088002	SULT2B1	ENSMUSG00000003271	ENSRNOG00000021046
ENSG00000088035	ALG6	ENSMUSG00000073792	ENSRNOG00000009045
ENSG00000088038	CNOT3	ENSMUSG00000035632	ENSRNOG00000053234
ENSG00000088053	GP6	ENSMUSG00000078810	ENSRNOG00000047204
ENSG00000088179	PTPN4	ENSMUSG00000026384	ENSRNOG00000002625
ENSG00000088205	DDX18	ENSMUSG00000001674	ENSRNOG00000025430
ENSG00000088247	KHSRP	ENSMUSG00000007670	ENSRNOG00000047628
ENSG00000088256	GNA11	ENSMUSG00000034781	ENSRNOG00000005446
ENSG00000088280	ASAP3	ENSMUSG00000036995	ENSRNOG00000049714
ENSG00000088298	EDEM2	ENSMUSG00000038312	ENSRNOG00000019299
ENSG00000088320	REM1	ENSMUSG00000000359	ENSRNOG00000007567
ENSG00000088325	TPX2	ENSMUSG00000027469	ENSRNOG00000008165
ENSG00000088356	PDRG1	ENSMUSG00000027472	ENSRNOG00000008845
ENSG00000088367	EPB41L1	ENSMUSG00000027624	ENSRNOG00000057817
ENSG00000088386	SLC15A1	ENSMUSG00000025557	ENSRNOG00000011598
ENSG00000088387	DOCK9	ENSMUSG00000025558	ENSRNOG00000011969
ENSG00000088448	ANKRD10	ENSMUSG00000031508	ENSRNOG00000064616
ENSG00000088451	TGDS	ENSMUSG00000022130	ENSRNOG00000009661
ENSG00000088538	DOCK3	ENSMUSG00000039716	ENSRNOG00000014576
ENSG00000088543	C3orf18	ENSMUSG00000037977	ENSRNOG00000015718
ENSG00000088682	COQ9	ENSMUSG00000031782	ENSRNOG00000016190
ENSG00000088726	TMEM40	ENSMUSG00000059900	ENSRNOG00000010430
ENSG00000088727	KIF9	ENSMUSG00000032489	ENSRNOG00000020891
ENSG00000088756	ARHGAP28	ENSMUSG00000024043	ENSRNOG00000017065
ENSG00000088766	CRLS1	ENSMUSG00000027357	ENSRNOG00000021273
ENSG00000088808	PPP1R13B	ENSMUSG00000021285	ENSRNOG00000012653
ENSG00000088812	ATRN	ENSMUSG00000027312	ENSRNOG00000021240
ENSG00000088827	SIGLEC1	ENSMUSG00000027322	ENSRNOG00000021243
ENSG00000088833	NSFL1C	ENSMUSG00000027455	ENSRNOG00000008604
ENSG00000088836	SLC4A11	ENSMUSG00000074796	ENSRNOG00000021234
ENSG00000088854	DNAAF9	ENSMUSG00000027309	ENSRNOG00000021237
ENSG00000088881	EBF4	ENSMUSG00000053552	ENSRNOG00000007408
ENSG00000088882	CPXM1	ENSMUSG00000027408	ENSRNOG00000021220
ENSG00000088888	MAVS	ENSMUSG00000037523	ENSRNOG00000025295
ENSG00000088899	LZTS3	ENSMUSG00000037703	ENSRNOG00000021231
ENSG00000088926	F11	ENSMUSG00000031645	ENSRNOG00000013684
ENSG00000088930	XRN2	ENSMUSG00000027433	ENSRNOG00000011785
ENSG00000088970	KIZ	ENSMUSG00000074749	ENSRNOG00000025141
ENSG00000088986	DYNLL1	ENSMUSG00000009013	ENSRNOG00000083010
ENSG00000088992	TESC	ENSMUSG00000055826	ENSRNOG00000019427
ENSG00000089006	SNX5	ENSMUSG00000027423	ENSRNOG00000006077
ENSG00000089009	RPL6	ENSMUSG00000029614	ENSRNOG00000078018
ENSG00000089041	P2RX7	ENSMUSG00000029468	ENSRNOG00000001296
ENSG00000089048	ESF1	ENSMUSG00000045624	ENSRNOG00000004777
ENSG00000089050	RBBP9	ENSMUSG00000027428	ENSRNOG00000007972
ENSG00000089053	ANAPC5	ENSMUSG00000029472	ENSRNOG00000001316
ENSG00000089057	SLC23A2	ENSMUSG00000027340	ENSRNOG00000021262
ENSG00000089060	SLC8B1	ENSMUSG00000032754	ENSRNOG00000001383
ENSG00000089063	TMEM230	ENSMUSG00000027341	ENSRNOG00000075410
ENSG00000089091	DZANK1	ENSMUSG00000037259	ENSRNOG00000007440
ENSG00000089094	KDM2B	ENSMUSG00000029475	ENSRNOG00000025702
ENSG00000089101	CFAP61	ENSMUSG00000037143	ENSRNOG00000011028
ENSG00000089116	LHX5	ENSMUSG00000029595	ENSRNOG00000001392
ENSG00000089123	TASP1	ENSMUSG00000039033	ENSRNOG00000004493
ENSG00000089154	GCN1	ENSMUSG00000041638	ENSRNOG00000021871
ENSG00000089159	PXN	ENSMUSG00000029528	ENSRNOG00000001149
ENSG00000089163	SIRT4	ENSMUSG00000029524	ENSRNOG00000001151
ENSG00000089169	RPH3A	ENSMUSG00000029608	ENSRNOG00000001368
ENSG00000089195	TRMT6	ENSMUSG00000037376	ENSRNOG00000021270
ENSG00000089199	CHGB	ENSMUSG00000027350	ENSRNOG00000021269
ENSG00000089220	PEBP1	ENSMUSG00000047104	ENSRNOG00000008667
ENSG00000089225	TBX5	ENSMUSG00000018263	ENSRNOG00000001399
ENSG00000089234	BRAP	ENSMUSG00000029458	ENSRNOG00000046497
ENSG00000089248	ERP29	ENSMUSG00000029616	ENSRNOG00000001348
ENSG00000089250	NOS1	ENSMUSG00000029361	ENSRNOG00000001130
ENSG00000089351	GRAMD1A	ENSMUSG00000001248	ENSRNOG00000021106
ENSG00000089356	FXYD3	ENSMUSG00000057092	ENSRNOG00000080106
ENSG00000089472	HEPH	ENSMUSG00000031209	ENSRNOG00000012294
ENSG00000089486	CDIP1	ENSMUSG00000004071	ENSRNOG00000003328
ENSG00000089505	CMTM1	ENSMUSG00000110430	ENSRNOG00000057711
ENSG00000089558	KCNH4	ENSMUSG00000035355	ENSRNOG00000018790
ENSG00000089597	GANAB	ENSMUSG00000071650	ENSRNOG00000019724
ENSG00000089639	GMIP	ENSMUSG00000036246	ENSRNOG00000027257
ENSG00000089682	RBM41	ENSMUSG00000031433	ENSRNOG00000057622
ENSG00000089685	BIRC5	ENSMUSG00000017716	ENSRNOG00000050819
ENSG00000089692	LAG3	ENSMUSG00000030124	ENSRNOG00000021334
ENSG00000089693	MLF2	ENSMUSG00000030120	ENSRNOG00000016589
ENSG00000089723	OTUB2	ENSMUSG00000021203	ENSRNOG00000009117
ENSG00000089737	DDX24	ENSMUSG00000041645	ENSRNOG00000009166
ENSG00000089775	ZBTB25	ENSMUSG00000056459	ENSRNOG00000006441
ENSG00000089818	NECAP1	ENSMUSG00000030327	ENSRNOG00000009236
ENSG00000089820	ARHGAP4	ENSMUSG00000031389	ENSRNOG00000058545
ENSG00000089847	ANKRD24	ENSMUSG00000054708	ENSRNOG00000006759
ENSG00000089876	DHX32	ENSMUSG00000030986	ENSRNOG00000018119
ENSG00000089902	RCOR1	ENSMUSG00000037896	ENSRNOG00000049783
ENSG00000089916	GPATCH2L	ENSMUSG00000021254	ENSRNOG00000010227
ENSG00000090006	LTBP4	ENSMUSG00000040488	ENSRNOG00000020871
ENSG00000090020	SLC9A1	ENSMUSG00000028854	ENSRNOG00000007982
ENSG00000090054	SPTLC1	ENSMUSG00000021468	ENSRNOG00000010882
ENSG00000090060	PAPOLA	ENSMUSG00000021111	ENSRNOG00000004827
ENSG00000090061	CCNK	ENSMUSG00000021258	ENSRNOG00000006985
ENSG00000090097	PCBP4	ENSMUSG00000023495	ENSRNOG00000012406
ENSG00000090104	RGS1	ENSMUSG00000026358	ENSRNOG00000003895
ENSG00000090238	YPEL3	ENSMUSG00000042675	ENSRNOG00000019721
ENSG00000090263	MRPS33	ENSMUSG00000029918	ENSRNOG00000026528
ENSG00000090273	NUDC	ENSMUSG00000028851	ENSRNOG00000051720
ENSG00000090316	MAEA	ENSMUSG00000079562	ENSRNOG00000005397
ENSG00000090339	ICAM1	ENSMUSG00000037405	ENSRNOG00000020679
ENSG00000090372	STRN4	ENSMUSG00000030374	ENSRNOG00000016145
ENSG00000090376	IRAK3	ENSMUSG00000020227	ENSRNOG00000004226
ENSG00000090402	SI	ENSMUSG00000027790	ENSRNOG00000031067
ENSG00000090432	MUL1	ENSMUSG00000041241	ENSRNOG00000016010
ENSG00000090447	TFAP4	ENSMUSG00000005718	ENSRNOG00000005227
ENSG00000090470	PDCD7	ENSMUSG00000041837	ENSRNOG00000014340
ENSG00000090487	SPG21	ENSMUSG00000032388	ENSRNOG00000015019
ENSG00000090512	FETUB	ENSMUSG00000022871	ENSRNOG00000001806
ENSG00000090520	DNAJB11	ENSMUSG00000004460	ENSRNOG00000001803
ENSG00000090530	P3H2	ENSMUSG00000038168	ENSRNOG00000055751
ENSG00000090534	THPO	ENSMUSG00000022847	ENSRNOG00000046850
ENSG00000090539	CHRD	ENSMUSG00000006958	ENSRNOG00000001750
ENSG00000090554	FLT3LG	ENSMUSG00000110206	ENSRNOG00000020618
ENSG00000090565	RAB11FIP3	ENSMUSG00000037098	ENSRNOG00000032152
ENSG00000090615	GOLGA3	ENSMUSG00000029502	ENSRNOG00000037437
ENSG00000090661	CERS4	ENSMUSG00000008206	ENSRNOG00000001072
ENSG00000090674	MCOLN1	ENSMUSG00000004567	ENSRNOG00000000975
ENSG00000090686	USP48	ENSMUSG00000043411	ENSRNOG00000013602
ENSG00000090776	EFNB1	ENSMUSG00000031217	ENSRNOG00000006877
ENSG00000090857	PDPR	ENSMUSG00000033624	ENSRNOG00000022593
ENSG00000090861	AARS1	ENSMUSG00000031960	ENSRNOG00000018404
ENSG00000090863	GLG1	ENSMUSG00000003316	ENSRNOG00000018668
ENSG00000090889	KIF4A	ENSMUSG00000034311	ENSRNOG00000038035
ENSG00000090905	TNRC6A	ENSMUSG00000052707	ENSRNOG00000024737
ENSG00000090924	PLEKHG2	ENSMUSG00000037552	ENSRNOG00000030266
ENSG00000090932	DLL3	ENSMUSG00000003436	ENSRNOG00000019338
ENSG00000090975	PITPNM2	ENSMUSG00000029406	ENSRNOG00000029260
ENSG00000090989	EXOC1	ENSMUSG00000036435	ENSRNOG00000002144
ENSG00000091009	RBM27	ENSMUSG00000024491	ENSRNOG00000027250
ENSG00000091010	POU4F3	ENSMUSG00000024497	ENSRNOG00000018842
ENSG00000091039	OSBPL8	ENSMUSG00000020189	ENSRNOG00000026962
ENSG00000091073	DTX2	ENSMUSG00000004947	ENSRNOG00000001432
ENSG00000091106	NLRC4	ENSMUSG00000039193	ENSRNOG00000005810
ENSG00000091127	PUS7	ENSMUSG00000057541	ENSRNOG00000010572
ENSG00000091129	NRCAM	ENSMUSG00000020598	ENSRNOG00000004067
ENSG00000091136	LAMB1	ENSMUSG00000002900	ENSRNOG00000005678
ENSG00000091137	SLC26A4	ENSMUSG00000020651	ENSRNOG00000058692
ENSG00000091138	SLC26A3	ENSMUSG00000001225	ENSRNOG00000006878
ENSG00000091140	DLD	ENSMUSG00000020664	ENSRNOG00000006364
ENSG00000091157	WDR7	ENSMUSG00000040560	ENSRNOG00000018387
ENSG00000091164	TXNL1	ENSMUSG00000024583	ENSRNOG00000018818
ENSG00000091181	IL5RA	ENSMUSG00000005364	ENSRNOG00000005954
ENSG00000091262	ABCC6	ENSMUSG00000030834	ENSRNOG00000028781
ENSG00000091317	CMTM6	ENSMUSG00000032434	ENSRNOG00000010951
ENSG00000091409	ITGA6	ENSMUSG00000027111	ENSRNOG00000001518
ENSG00000091428	RAPGEF4	ENSMUSG00000049044	ENSRNOG00000001516
ENSG00000091436	MAP3K20	ENSMUSG00000004085	ENSRNOG00000001515
ENSG00000091482	SMPX	ENSMUSG00000041476	ENSRNOG00000007495
ENSG00000091483	FH	ENSMUSG00000026526	ENSRNOG00000003653
ENSG00000091490	SEL1L3	ENSMUSG00000029189	ENSRNOG00000004932
ENSG00000091536	MYO15A	ENSMUSG00000042678	ENSRNOG00000059219
ENSG00000091542	ALKBH5	ENSMUSG00000042650	ENSRNOG00000028341
ENSG00000091583	APOH	ENSMUSG00000000049	ENSRNOG00000003566
ENSG00000091622	PITPNM3	ENSMUSG00000040543	ENSRNOG00000008323
ENSG00000091640	SPAG7	ENSMUSG00000018287	ENSRNOG00000004246
ENSG00000091651	ORC6	ENSMUSG00000031697	ENSRNOG00000024043
ENSG00000091656	ZFHX4	ENSMUSG00000025255	ENSRNOG00000008765
ENSG00000091664	SLC17A6	ENSMUSG00000030500	ENSRNOG00000016147
ENSG00000091704	CPA1	ENSMUSG00000054446	ENSRNOG00000010725
ENSG00000091732	ZC3HC1	ENSMUSG00000039130	ENSRNOG00000010154
ENSG00000091831	ESR1	ENSMUSG00000019768	ENSRNOG00000019358
ENSG00000091844	RGS17	ENSMUSG00000019775	ENSRNOG00000018690
ENSG00000091879	ANGPT2	ENSMUSG00000031465	ENSRNOG00000016696
ENSG00000091947	TMEM101	ENSMUSG00000020921	ENSRNOG00000054581
ENSG00000091972	CD200	ENSMUSG00000022661	ENSRNOG00000002141
ENSG00000091986	CCDC80	ENSMUSG00000022665	ENSRNOG00000002052
ENSG00000092009	CMA1	ENSMUSG00000022225	ENSRNOG00000020563
ENSG00000092020	PPP2R3C	ENSMUSG00000021022	ENSRNOG00000023591
ENSG00000092036	HAUS4	ENSMUSG00000022177	ENSRNOG00000039284
ENSG00000092051	JPH4	ENSMUSG00000022208	ENSRNOG00000025619
ENSG00000092054	MYH7	ENSMUSG00000053093	ENSRNOG00000016983
ENSG00000092067	CEBPE	ENSMUSG00000052435	ENSRNOG00000014282
ENSG00000092068	SLC7A8	ENSMUSG00000022180	ENSRNOG00000014311
ENSG00000092094	OSGEP	ENSMUSG00000006289	ENSRNOG00000009333
ENSG00000092096	SLC22A17	ENSMUSG00000022199	ENSRNOG00000016414
ENSG00000092098	RNF31	ENSMUSG00000047098	ENSRNOG00000019438
ENSG00000092108	SCFD1	ENSMUSG00000020952	ENSRNOG00000031203
ENSG00000092140	G2E3	ENSMUSG00000035293	ENSRNOG00000004232
ENSG00000092148	HECTD1	ENSMUSG00000035247	ENSRNOG00000006905
ENSG00000092200	RPGRIP1	ENSMUSG00000057132	ENSRNOG00000011809
ENSG00000092201	SUPT16H	ENSMUSG00000035726	ENSRNOG00000011953
ENSG00000092203	TOX4	ENSMUSG00000016831	ENSRNOG00000012844
ENSG00000092208	GEMIN2	ENSMUSG00000060121	ENSRNOG00000004360
ENSG00000092295	TGM1	ENSMUSG00000022218	ENSRNOG00000020136
ENSG00000092330	TINF2	ENSMUSG00000007589	ENSRNOG00000020189
ENSG00000092421	SEMA6A	ENSMUSG00000019647	ENSRNOG00000004033
ENSG00000092439	TRPM7	ENSMUSG00000027365	ENSRNOG00000057806
ENSG00000092445	TYRO3	ENSMUSG00000027298	ENSRNOG00000058586
ENSG00000092470	WDR76	ENSMUSG00000027242	ENSRNOG00000022491
ENSG00000092529	CAPN3	ENSMUSG00000079110	ENSRNOG00000008609
ENSG00000092531	SNAP23	ENSMUSG00000027287	ENSRNOG00000050552
ENSG00000092607	TBX15	ENSMUSG00000027868	ENSRNOG00000019565
ENSG00000092621	PHGDH	ENSMUSG00000053398	ENSRNOG00000019328
ENSG00000092820	EZR	ENSMUSG00000052397	ENSRNOG00000018524
ENSG00000092847	AGO1	ENSMUSG00000041530	ENSRNOG00000055915
ENSG00000092850	TEKT2	ENSMUSG00000028845	ENSRNOG00000011033
ENSG00000092853	CLSPN	ENSMUSG00000042489	ENSRNOG00000011332
ENSG00000092871	RFFL	ENSMUSG00000020696	ENSRNOG00000007596
ENSG00000092929	UNC13D	ENSMUSG00000057948	ENSRNOG00000007439
ENSG00000092931	MFSD11	ENSMUSG00000020818	ENSRNOG00000000247
ENSG00000092964	DPYSL2	ENSMUSG00000022048	ENSRNOG00000009625
ENSG00000092969	TGFB2	ENSMUSG00000039239	ENSRNOG00000002418
ENSG00000092978	GPATCH2	ENSMUSG00000039210	ENSRNOG00000002512
ENSG00000093009	CDC45	ENSMUSG00000000028	ENSRNOG00000070046
ENSG00000093010	COMT	ENSMUSG00000000326	ENSRNOG00000001889
ENSG00000093144	ECHDC1	ENSMUSG00000019883	ENSRNOG00000011622
ENSG00000093167	LRRFIP2	ENSMUSG00000032497	ENSRNOG00000021047
ENSG00000093183	SEC22C	ENSMUSG00000061536	ENSRNOG00000086885
ENSG00000093217	XYLB	ENSMUSG00000035769	ENSRNOG00000014168
ENSG00000094631	HDAC6	ENSMUSG00000031161	ENSRNOG00000048738
ENSG00000094661	OR1I1	ENSMUSG00000071185	ENSRNOG00000007348
ENSG00000094755	GABRP	ENSMUSG00000020159	ENSRNOG00000032417
ENSG00000094804	CDC6	ENSMUSG00000017499	ENSRNOG00000027787
ENSG00000094841	UPRT	ENSMUSG00000073016	ENSRNOG00000063275
ENSG00000094880	CDC23	ENSMUSG00000024370	ENSRNOG00000024241
ENSG00000094914	AAAS	ENSMUSG00000036678	ENSRNOG00000013445
ENSG00000094916	CBX5	ENSMUSG00000009575	ENSRNOG00000036841
ENSG00000094963	FMO2	ENSMUSG00000040170	ENSRNOG00000003510
ENSG00000094975	SUCO	ENSMUSG00000040297	ENSRNOG00000026542
ENSG00000095002	MSH2	ENSMUSG00000024151	ENSRNOG00000015796
ENSG00000095015	MAP3K1	ENSMUSG00000021754	ENSRNOG00000013177
ENSG00000095059	DHPS	ENSMUSG00000060038	ENSRNOG00000004219
ENSG00000095066	HOOK2	ENSMUSG00000052566	ENSRNOG00000003682
ENSG00000095139	ARCN1	ENSMUSG00000032096	ENSRNOG00000061108
ENSG00000095203	EPB41L4B	ENSMUSG00000028434	ENSRNOG00000056550
ENSG00000095209	TMEM38B	ENSMUSG00000028420	ENSRNOG00000028063
ENSG00000095261	PSMD5	ENSMUSG00000026869	ENSRNOG00000018809
ENSG00000095303	PTGS1	ENSMUSG00000047250	ENSRNOG00000007415
ENSG00000095319	NUP188	ENSMUSG00000052533	ENSRNOG00000025185
ENSG00000095321	CRAT	ENSMUSG00000026853	ENSRNOG00000018145
ENSG00000095370	SH2D3C	ENSMUSG00000059013	ENSRNOG00000054560
ENSG00000095380	NANS	ENSMUSG00000028334	ENSRNOG00000008945
ENSG00000095383	TBC1D2	ENSMUSG00000039813	ENSRNOG00000023348
ENSG00000095397	WHRN	ENSMUSG00000039137	ENSRNOG00000001700
ENSG00000095464	PDE6C	ENSMUSG00000024992	ENSRNOG00000016593
ENSG00000095485	CWF19L1	ENSMUSG00000025200	ENSRNOG00000012763
ENSG00000095539	SEMA4G	ENSMUSG00000025207	ENSRNOG00000014650
ENSG00000095564	BTAF1	ENSMUSG00000040565	ENSRNOG00000017938
ENSG00000095574	IKZF5	ENSMUSG00000040167	ENSRNOG00000025651
ENSG00000095585	BLNK	ENSMUSG00000061132	ENSRNOG00000013967
ENSG00000095587	TLL2	ENSMUSG00000025013	ENSRNOG00000013519
ENSG00000095596	CYP26A1	ENSMUSG00000024987	ENSRNOG00000016750
ENSG00000095627	TDRD1	ENSMUSG00000025081	ENSRNOG00000017064
ENSG00000095637	SORBS1	ENSMUSG00000025006	ENSRNOG00000015658
ENSG00000095713	CRTAC1	ENSMUSG00000042401	ENSRNOG00000015220
ENSG00000095739	BAMBI	ENSMUSG00000024232	ENSRNOG00000016066
ENSG00000095752	IL11	ENSMUSG00000004371	ENSRNOG00000017386
ENSG00000095777	MYO3A	ENSMUSG00000025716	ENSRNOG00000018478
ENSG00000095787	WAC	ENSMUSG00000024283	ENSRNOG00000018698
ENSG00000095794	CREM	ENSMUSG00000063889	ENSRNOG00000014900
ENSG00000095906	NUBP2	ENSMUSG00000039183	ENSRNOG00000015090
ENSG00000095932	SMIM24	ENSMUSG00000078439	ENSRNOG00000076946
ENSG00000095951	HIVEP1	ENSMUSG00000021366	ENSRNOG00000014460
ENSG00000095970	TREM2	ENSMUSG00000023992	ENSRNOG00000013578
ENSG00000095981	KCNK16	ENSMUSG00000023387	ENSRNOG00000006422
ENSG00000096060	FKBP5	ENSMUSG00000024222	ENSRNOG00000022523
ENSG00000096063	SRPK1	ENSMUSG00000004865	ENSRNOG00000000511
ENSG00000096070	BRPF3	ENSMUSG00000063952	ENSRNOG00000028641
ENSG00000096080	MRPS18A	ENSMUSG00000023967	ENSRNOG00000019511
ENSG00000096088	PGC	ENSMUSG00000023987	ENSRNOG00000014492
ENSG00000096092	TMEM14A	ENSMUSG00000025933	ENSRNOG00000013238
ENSG00000096093	EFHC1	ENSMUSG00000041809	ENSRNOG00000042729
ENSG00000096384	HSP90AB1	ENSMUSG00000023944	ENSRNOG00000019834
ENSG00000096433	ITPR3	ENSMUSG00000042644	ENSRNOG00000052795
ENSG00000096696	DSP	ENSMUSG00000054889	ENSRNOG00000013928
ENSG00000096717	SIRT1	ENSMUSG00000020063	ENSRNOG00000051592
ENSG00000096746	HNRNPH3	ENSMUSG00000020069	ENSRNOG00000048193
ENSG00000096872	IFT74	ENSMUSG00000028576	ENSRNOG00000008075
ENSG00000096968	JAK2	ENSMUSG00000024789	ENSRNOG00000059968
ENSG00000096996	IL12RB1	ENSMUSG00000000791	ENSRNOG00000019216
ENSG00000097007	ABL1	ENSMUSG00000026842	ENSRNOG00000047356
ENSG00000097021	ACOT7	ENSMUSG00000028937	ENSRNOG00000010580
ENSG00000097033	SH3GLB1	ENSMUSG00000037062	ENSRNOG00000012957
ENSG00000097046	CDC7	ENSMUSG00000029283	ENSRNOG00000002105
ENSG00000097096	SYDE2	ENSMUSG00000036863	ENSRNOG00000026186
ENSG00000099139	PCSK5	ENSMUSG00000024713	ENSRNOG00000012036
ENSG00000099203	TMED1	ENSMUSG00000032180	ENSRNOG00000008037
ENSG00000099204	ABLIM1	ENSMUSG00000025085	ENSRNOG00000046333
ENSG00000099219	ERMP1	ENSMUSG00000046324	ENSRNOG00000010915
ENSG00000099246	RAB18	ENSMUSG00000073639	ENSRNOG00000027719
ENSG00000099250	NRP1	ENSMUSG00000025810	ENSRNOG00000010744
ENSG00000099260	PALMD	ENSMUSG00000033377	ENSRNOG00000058609
ENSG00000099282	TSPAN15	ENSMUSG00000037031	ENSRNOG00000046204
ENSG00000099284	MACROH2A2	ENSMUSG00000020086	ENSRNOG00000024751
ENSG00000099308	MAST3	ENSMUSG00000031833	ENSRNOG00000022753
ENSG00000099326	MZF1	ENSMUSG00000030380	ENSRNOG00000027550
ENSG00000099330	OCEL1	ENSMUSG00000002396	ENSRNOG00000032575
ENSG00000099331	MYO9B	ENSMUSG00000004677	ENSRNOG00000016256
ENSG00000099341	PSMD8	ENSMUSG00000030591	ENSRNOG00000037580
ENSG00000099364	FBXL19	ENSMUSG00000030811	ENSRNOG00000018986
ENSG00000099365	STX1B	ENSMUSG00000030806	ENSRNOG00000019193
ENSG00000099377	HSD3B7	ENSMUSG00000042289	ENSRNOG00000019080
ENSG00000099385	BCL7C	ENSMUSG00000030814	ENSRNOG00000018916
ENSG00000099617	EFNA2	ENSMUSG00000003070	ENSRNOG00000016203
ENSG00000099622	CIRBP	ENSMUSG00000045193	ENSRNOG00000088478
ENSG00000099624	ATP5F1D	ENSMUSG00000003072	ENSRNOG00000014625
ENSG00000099625	CBARP	ENSMUSG00000035640	ENSRNOG00000024349
ENSG00000099769	IGFALS	ENSMUSG00000046070	ENSRNOG00000015061
ENSG00000099783	HNRNPM	ENSMUSG00000059208	ENSRNOG00000007921
ENSG00000099785	MARCHF2	ENSMUSG00000079557	ENSRNOG00000007769
ENSG00000099795	NDUFB7	ENSMUSG00000033938	ENSRNOG00000028717
ENSG00000099797	TECR	ENSMUSG00000031708	ENSRNOG00000021808
ENSG00000099800	TIMM13	ENSMUSG00000020219	ENSRNOG00000019682
ENSG00000099804	CDC34	ENSMUSG00000020870	ENSRNOG00000060530
ENSG00000099810	MTAP	ENSMUSG00000062937	ENSRNOG00000006615
ENSG00000099812	MISP	ENSMUSG00000035852	ENSRNOG00000010423
ENSG00000099814	CEP170B	ENSMUSG00000072825	ENSRNOG00000033688
ENSG00000099817	POLR2E	ENSMUSG00000004667	ENSRNOG00000013545
ENSG00000099821	POLRMT	ENSMUSG00000020329	ENSRNOG00000024879
ENSG00000099822	HCN2	ENSMUSG00000020331	ENSRNOG00000008831
ENSG00000099834	CDHR5	ENSMUSG00000025497	ENSRNOG00000017762
ENSG00000099840	IZUMO4	ENSMUSG00000055862	ENSRNOG00000031950
ENSG00000099849	RASSF7	ENSMUSG00000038618	ENSRNOG00000017109
ENSG00000099860	GADD45B	ENSMUSG00000015312	ENSRNOG00000019822
ENSG00000099864	PALM	ENSMUSG00000035863	ENSRNOG00000009760
ENSG00000099866	MADCAM1	ENSMUSG00000020310	ENSRNOG00000008217
ENSG00000099875	MKNK2	ENSMUSG00000020190	ENSRNOG00000029028
ENSG00000099889	ARVCF	ENSMUSG00000118669	ENSRNOG00000001888
ENSG00000099899	TRMT2A	ENSMUSG00000022721	ENSRNOG00000001885
ENSG00000099904	ZDHHC8	ENSMUSG00000060166	ENSRNOG00000021891
ENSG00000099910	KLHL22	ENSMUSG00000022750	ENSRNOG00000001878
ENSG00000099917	MED15	ENSMUSG00000012114	ENSRNOG00000001877
ENSG00000099937	SERPIND1	ENSMUSG00000022766	ENSRNOG00000001865
ENSG00000099940	SNAP29	ENSMUSG00000022765	ENSRNOG00000001867
ENSG00000099942	CRKL	ENSMUSG00000006134	ENSRNOG00000001868
ENSG00000099949	LZTR1	ENSMUSG00000022761	ENSRNOG00000001870
ENSG00000099953	MMP11	ENSMUSG00000000901	ENSRNOG00000028344
ENSG00000099954	CECR2	ENSMUSG00000071226	ENSRNOG00000011566
ENSG00000099956	SMARCB1	ENSMUSG00000000902	ENSRNOG00000028302
ENSG00000099957	P2RX6	ENSMUSG00000022758	ENSRNOG00000001873
ENSG00000099958	DERL3	ENSMUSG00000009092	ENSRNOG00000028243
ENSG00000099960	SLC7A4	ENSMUSG00000022756	ENSRNOG00000001874
ENSG00000099968	BCL2L13	ENSMUSG00000009112	ENSRNOG00000012394
ENSG00000099985	OSM	ENSMUSG00000058755	ENSRNOG00000024390
ENSG00000099991	CABIN1	ENSMUSG00000020196	ENSRNOG00000001237
ENSG00000099992	TBC1D10A	ENSMUSG00000034412	ENSRNOG00000006394
ENSG00000099994	SUSD2	ENSMUSG00000006342	ENSRNOG00000033389
ENSG00000099995	SF3A1	ENSMUSG00000002129	ENSRNOG00000005218
ENSG00000099998	GGT5	ENSMUSG00000006344	ENSRNOG00000062276
ENSG00000099999	RNF215	ENSMUSG00000003581	ENSRNOG00000004940
ENSG00000100003	SEC14L2	ENSMUSG00000003585	ENSRNOG00000004672
ENSG00000100012	SEC14L3	ENSMUSG00000054986	ENSRNOG00000004555
ENSG00000100014	SPECC1L	ENSMUSG00000033444	ENSRNOG00000001303
ENSG00000100024	UPB1	ENSMUSG00000033427	ENSRNOG00000038258
ENSG00000100027	YPEL1	ENSMUSG00000022773	ENSRNOG00000077135
ENSG00000100029	PES1	ENSMUSG00000020430	ENSRNOG00000004515
ENSG00000100030	MAPK1	ENSMUSG00000063358	ENSRNOG00000001849
ENSG00000100034	PPM1F	ENSMUSG00000026181	ENSRNOG00000037909
ENSG00000100036	SLC35E4	ENSMUSG00000048807	ENSRNOG00000004168
ENSG00000100038	TOP3B	ENSMUSG00000022779	ENSRNOG00000001845
ENSG00000100053	CRYBB3	ENSMUSG00000029352	ENSRNOG00000047673
ENSG00000100055	CYTH4	ENSMUSG00000018008	ENSRNOG00000007679
ENSG00000100056	ESS2	ENSMUSG00000003527	ENSRNOG00000000283
ENSG00000100060	MFNG	ENSMUSG00000018169	ENSRNOG00000008133
ENSG00000100065	CARD10	ENSMUSG00000033170	ENSRNOG00000008401
ENSG00000100075	SLC25A1	ENSMUSG00000003528	ENSRNOG00000038001
ENSG00000100077	GRK3	ENSMUSG00000042249	ENSRNOG00000059456
ENSG00000100078	PLA2G3	ENSMUSG00000034579	ENSRNOG00000025121
ENSG00000100079	LGALS2	ENSMUSG00000043501	ENSRNOG00000008539
ENSG00000100083	GGA1	ENSMUSG00000033128	ENSRNOG00000008897
ENSG00000100084	HIRA	ENSMUSG00000022702	ENSRNOG00000045770
ENSG00000100092	SH3BP1	ENSMUSG00000022436	ENSRNOG00000009360
ENSG00000100095	SEZ6L	ENSMUSG00000058153	ENSRNOG00000025612
ENSG00000100097	LGALS1	ENSMUSG00000068220	ENSRNOG00000009884
ENSG00000100099	HPS4	ENSMUSG00000042328	ENSRNOG00000000661
ENSG00000100100	PIK3IP1	ENSMUSG00000034614	ENSRNOG00000018859
ENSG00000100104	SRRD	ENSMUSG00000029346	ENSRNOG00000000662
ENSG00000100105	PATZ1	ENSMUSG00000020453	ENSRNOG00000018709
ENSG00000100106	TRIOBP	ENSMUSG00000033088	ENSRNOG00000059015
ENSG00000100109	TFIP11	ENSMUSG00000029345	ENSRNOG00000000663
ENSG00000100116	GCAT	ENSMUSG00000006378	ENSRNOG00000055408
ENSG00000100122	CRYBB1	ENSMUSG00000029343	ENSRNOG00000047653
ENSG00000100124	ANKRD54	ENSMUSG00000033055	ENSRNOG00000010821
ENSG00000100129	EIF3L	ENSMUSG00000033047	ENSRNOG00000011020
ENSG00000100138	SNU13	ENSMUSG00000063480	ENSRNOG00000025154
ENSG00000100139	MICALL1	ENSMUSG00000033039	ENSRNOG00000026212
ENSG00000100142	POLR2F	ENSMUSG00000033020	ENSRNOG00000011214
ENSG00000100146	SOX10	ENSMUSG00000033006	ENSRNOG00000011305
ENSG00000100147	CCDC134	ENSMUSG00000068114	ENSRNOG00000007262
ENSG00000100150	DEPDC5	ENSMUSG00000037426	ENSRNOG00000018144
ENSG00000100151	PICK1	ENSMUSG00000068206	ENSRNOG00000011507
ENSG00000100154	TTC28	ENSMUSG00000033209	ENSRNOG00000032590
ENSG00000100156	SLC16A8	ENSMUSG00000032988	ENSRNOG00000012090
ENSG00000100162	CENPM	ENSMUSG00000068101	ENSRNOG00000023262
ENSG00000100167	SEPTIN3	ENSMUSG00000022456	ENSRNOG00000007686
ENSG00000100170	SLC5A1	ENSMUSG00000011034	ENSRNOG00000017775
ENSG00000100191	SLC5A4	ENSMUSG00000020229	ENSRNOG00000049734
ENSG00000100196	KDELR3	ENSMUSG00000010830	ENSRNOG00000013577
ENSG00000100201	DDX17	ENSMUSG00000055065	ENSRNOG00000051170
ENSG00000100206	DMC1	ENSMUSG00000022429	ENSRNOG00000013807
ENSG00000100209	HSCB	ENSMUSG00000043510	ENSRNOG00000037508
ENSG00000100211	CBY1	ENSMUSG00000022428	ENSRNOG00000090732
ENSG00000100216	TOMM22	ENSMUSG00000022427	ENSRNOG00000014058
ENSG00000100218	RSPH14	ENSMUSG00000009070	ENSRNOG00000001315
ENSG00000100219	XBP1	ENSMUSG00000020484	ENSRNOG00000010298
ENSG00000100220	RTCB	ENSMUSG00000001783	ENSRNOG00000004813
ENSG00000100221	JOSD1	ENSMUSG00000022426	ENSRNOG00000014440
ENSG00000100225	FBXO7	ENSMUSG00000001786	ENSRNOG00000004637
ENSG00000100226	GTPBP1	ENSMUSG00000042535	ENSRNOG00000014634
ENSG00000100227	POLDIP3	ENSMUSG00000041815	ENSRNOG00000022877
ENSG00000100228	RAB36	ENSMUSG00000020175	ENSRNOG00000001311
ENSG00000100234	TIMP3	ENSMUSG00000020044	ENSRNOG00000004303
ENSG00000100239	PPP6R2	ENSMUSG00000036561	ENSRNOG00000026425
ENSG00000100241	SBF1	ENSMUSG00000036529	ENSRNOG00000008392
ENSG00000100242	SUN2	ENSMUSG00000042524	ENSRNOG00000015177
ENSG00000100243	CYB5R3	ENSMUSG00000018042	ENSRNOG00000009592
ENSG00000100253	MIOX	ENSMUSG00000022613	ENSRNOG00000008694
ENSG00000100258	LMF2	ENSMUSG00000022614	ENSRNOG00000030633
ENSG00000100263	RHBDD3	ENSMUSG00000034175	ENSRNOG00000027032
ENSG00000100266	PACSIN2	ENSMUSG00000016664	ENSRNOG00000009756
ENSG00000100271	TTLL1	ENSMUSG00000022442	ENSRNOG00000010141
ENSG00000100276	RASL10A	ENSMUSG00000034209	ENSRNOG00000008951
ENSG00000100280	AP1B1	ENSMUSG00000009090	ENSRNOG00000008786
ENSG00000100281	HMGXB4	ENSMUSG00000034518	ENSRNOG00000013878
ENSG00000100284	TOM1	ENSMUSG00000042870	ENSRNOG00000014093
ENSG00000100285	NEFH	ENSMUSG00000020396	ENSRNOG00000008716
ENSG00000100288	CHKB	ENSMUSG00000022617	ENSRNOG00000011404
ENSG00000100290	BIK	ENSMUSG00000016758	ENSRNOG00000010359
ENSG00000100292	HMOX1	ENSMUSG00000005413	ENSRNOG00000014117
ENSG00000100294	MCAT	ENSMUSG00000048755	ENSRNOG00000010539
ENSG00000100296	THOC5	ENSMUSG00000034274	ENSRNOG00000008456
ENSG00000100297	MCM5	ENSMUSG00000005410	ENSRNOG00000014336
ENSG00000100298	APOBEC3H	ENSMUSG00000009585	ENSRNOG00000016852
ENSG00000100299	ARSA	ENSMUSG00000022620	ENSRNOG00000012953
ENSG00000100300	TSPO	ENSMUSG00000041736	ENSRNOG00000010549
ENSG00000100302	RASD2	ENSMUSG00000034472	ENSRNOG00000014761
ENSG00000100304	TTLL12	ENSMUSG00000016757	ENSRNOG00000022623
ENSG00000100307	CBX7	ENSMUSG00000053411	ENSRNOG00000016875
ENSG00000100311	PDGFB	ENSMUSG00000000489	ENSRNOG00000017197
ENSG00000100312	ACR	ENSMUSG00000022622	ENSRNOG00000029762
ENSG00000100314	CABP7	ENSMUSG00000009075	ENSRNOG00000057703
ENSG00000100316	RPL3	ENSMUSG00000060036	ENSRNOG00000016896
ENSG00000100319	ZMAT5	ENSMUSG00000009076	ENSRNOG00000007849
ENSG00000100320	RBFOX2	ENSMUSG00000033565	ENSRNOG00000004688
ENSG00000100321	SYNGR1	ENSMUSG00000022415	ENSRNOG00000017108
ENSG00000100324	TAB1	ENSMUSG00000022414	ENSRNOG00000017285
ENSG00000100325	ASCC2	ENSMUSG00000020412	ENSRNOG00000007349
ENSG00000100330	MTMR3	ENSMUSG00000034354	ENSRNOG00000007120
ENSG00000100335	MIEF1	ENSMUSG00000022412	ENSRNOG00000017553
ENSG00000100341	PNPLA5	ENSMUSG00000018868	ENSRNOG00000022296
ENSG00000100344	PNPLA3	ENSMUSG00000041653	ENSRNOG00000022268
ENSG00000100345	MYH9	ENSMUSG00000022443	ENSRNOG00000049236
ENSG00000100346	CACNA1I	ENSMUSG00000022416	ENSRNOG00000060407
ENSG00000100347	SAMM50	ENSMUSG00000022437	ENSRNOG00000011952
ENSG00000100348	TXN2	ENSMUSG00000005354	ENSRNOG00000005614
ENSG00000100350	FOXRED2	ENSMUSG00000016552	ENSRNOG00000005749
ENSG00000100351	GRAP2	ENSMUSG00000042351	ENSRNOG00000018316
ENSG00000100353	EIF3D	ENSMUSG00000016554	ENSRNOG00000005804
ENSG00000100354	TNRC6B	ENSMUSG00000047888	ENSRNOG00000024907
ENSG00000100359	SGSM3	ENSMUSG00000042303	ENSRNOG00000018745
ENSG00000100360	IFT27	ENSMUSG00000016637	ENSRNOG00000006440
ENSG00000100362	PVALB	ENSMUSG00000005716	ENSRNOG00000006471
ENSG00000100364	KIAA0930	ENSMUSG00000036046	ENSRNOG00000031269
ENSG00000100365	NCF4	ENSMUSG00000071715	ENSRNOG00000006940
ENSG00000100372	SLC25A17	ENSMUSG00000022404	ENSRNOG00000076430
ENSG00000100373	UPK3A	ENSMUSG00000022435	ENSRNOG00000013593
ENSG00000100376	FAM118A	ENSMUSG00000022434	ENSRNOG00000013764
ENSG00000100379	KCTD17	ENSMUSG00000033287	ENSRNOG00000000231
ENSG00000100380	ST13	ENSMUSG00000022403	ENSRNOG00000018920
ENSG00000100385	IL2RB	ENSMUSG00000068227	ENSRNOG00000048636
ENSG00000100393	EP300	ENSMUSG00000055024	ENSRNOG00000065659
ENSG00000100395	L3MBTL2	ENSMUSG00000022394	ENSRNOG00000024743
ENSG00000100399	CHADL	ENSMUSG00000063765	ENSRNOG00000024631
ENSG00000100401	RANGAP1	ENSMUSG00000022391	ENSRNOG00000031789
ENSG00000100403	ZC3H7B	ENSMUSG00000022390	ENSRNOG00000055925
ENSG00000100410	PHF5A	ENSMUSG00000061360	ENSRNOG00000024170
ENSG00000100412	ACO2	ENSMUSG00000022477	ENSRNOG00000024128
ENSG00000100413	POLR3H	ENSMUSG00000022476	ENSRNOG00000004471
ENSG00000100416	TRMU	ENSMUSG00000022386	ENSRNOG00000016465
ENSG00000100417	PMM1	ENSMUSG00000022474	ENSRNOG00000005358
ENSG00000100418	DESI1	ENSMUSG00000022472	ENSRNOG00000005577
ENSG00000100422	CERK	ENSMUSG00000035891	ENSRNOG00000017022
ENSG00000100425	BRD1	ENSMUSG00000022387	ENSRNOG00000004538
ENSG00000100426	ZBED4	ENSMUSG00000034333	ENSRNOG00000004588
ENSG00000100427	MLC1	ENSMUSG00000035805	ENSRNOG00000032871
ENSG00000100429	HDAC10	ENSMUSG00000062906	ENSRNOG00000031915
ENSG00000100433	KCNK10	ENSMUSG00000033854	ENSRNOG00000003813
ENSG00000100439	ABHD4	ENSMUSG00000040997	ENSRNOG00000009244
ENSG00000100441	KHNYN	ENSMUSG00000047153	ENSRNOG00000020506
ENSG00000100442	FKBP3	ENSMUSG00000020949	ENSRNOG00000004629
ENSG00000100445	SDR39U1	ENSMUSG00000022223	ENSRNOG00000020544
ENSG00000100448	CTSG	ENSMUSG00000040314	ENSRNOG00000020647
ENSG00000100462	PRMT5	ENSMUSG00000023110	ENSRNOG00000012046
ENSG00000100473	COCH	ENSMUSG00000020953	ENSRNOG00000005286
ENSG00000100478	AP4S1	ENSMUSG00000020955	ENSRNOG00000005765
ENSG00000100479	POLE2	ENSMUSG00000020974	ENSRNOG00000004242
ENSG00000100483	VCPKMT	ENSMUSG00000049882	ENSRNOG00000065305
ENSG00000100485	SOS2	ENSMUSG00000034801	ENSRNOG00000004826
ENSG00000100490	CDKL1	ENSMUSG00000020990	ENSRNOG00000038720
ENSG00000100503	NIN	ENSMUSG00000021068	ENSRNOG00000005540
ENSG00000100504	PYGL	ENSMUSG00000021069	ENSRNOG00000006388
ENSG00000100505	TRIM9	ENSMUSG00000021071	ENSRNOG00000007031
ENSG00000100519	PSMC6	ENSMUSG00000021832	ENSRNOG00000007203
ENSG00000100522	GNPNAT1	ENSMUSG00000037722	ENSRNOG00000039626
ENSG00000100523	DDHD1	ENSMUSG00000037697	ENSRNOG00000009481
ENSG00000100526	CDKN3	ENSMUSG00000037628	ENSRNOG00000009785
ENSG00000100528	CNIH1	ENSMUSG00000015759	ENSRNOG00000009811
ENSG00000100532	CGRRF1	ENSMUSG00000055128	ENSRNOG00000010178
ENSG00000100554	ATP6V1D	ENSMUSG00000021114	ENSRNOG00000009080
ENSG00000100557	CCDC198	ENSMUSG00000021850	ENSRNOG00000062766
ENSG00000100558	PLEK2	ENSMUSG00000021118	ENSRNOG00000010098
ENSG00000100564	PIGH	ENSMUSG00000021120	ENSRNOG00000010914
ENSG00000100565	LRRC74A	ENSMUSG00000059114	ENSRNOG00000052456
ENSG00000100568	VTI1B	ENSMUSG00000021124	ENSRNOG00000060436
ENSG00000100575	TIMM9	ENSMUSG00000021079	ENSRNOG00000008222
ENSG00000100577	GSTZ1	ENSMUSG00000021033	ENSRNOG00000047708
ENSG00000100578	KIAA0586	ENSMUSG00000034601	ENSRNOG00000008244
ENSG00000100580	TMED8	ENSMUSG00000034111	ENSRNOG00000077115
ENSG00000100583	SAMD15	ENSMUSG00000090812	ENSRNOG00000050413
ENSG00000100591	AHSA1	ENSMUSG00000021037	ENSRNOG00000048981
ENSG00000100592	DAAM1	ENSMUSG00000034574	ENSRNOG00000004345
ENSG00000100593	ISM2	ENSMUSG00000050671	ENSRNOG00000050312
ENSG00000100596	SPTLC2	ENSMUSG00000021036	ENSRNOG00000012210
ENSG00000100599	RIN3	ENSMUSG00000044456	ENSRNOG00000007062
ENSG00000100600	LGMN	ENSMUSG00000021190	ENSRNOG00000007089
ENSG00000100601	ALKBH1	ENSMUSG00000079036	ENSRNOG00000012264
ENSG00000100603	SNW1	ENSMUSG00000021039	ENSRNOG00000037998
ENSG00000100604	CHGA	ENSMUSG00000021194	ENSRNOG00000052549
ENSG00000100605	ITPK1	ENSMUSG00000057963	ENSRNOG00000008051
ENSG00000100614	PPM1A	ENSMUSG00000021096	ENSRNOG00000005916
ENSG00000100625	SIX4	ENSMUSG00000034460	ENSRNOG00000007250
ENSG00000100626	GALNT16	ENSMUSG00000021130	ENSRNOG00000004589
ENSG00000100628	ASB2	ENSMUSG00000021200	ENSRNOG00000051619
ENSG00000100629	CEP128	ENSMUSG00000061533	ENSRNOG00000003908
ENSG00000100644	HIF1A	ENSMUSG00000021109	ENSRNOG00000008292
ENSG00000100647	SUSD6	ENSMUSG00000021133	ENSRNOG00000045941
ENSG00000100650	SRSF5	ENSMUSG00000021134	ENSRNOG00000005513
ENSG00000100652	SLC10A1	ENSMUSG00000021135	ENSRNOG00000005794
ENSG00000100678	SLC8A3	ENSMUSG00000079055	ENSRNOG00000029871
ENSG00000100697	DICER1	ENSMUSG00000041415	ENSRNOG00000010711
ENSG00000100711	ZFYVE21	ENSMUSG00000021286	ENSRNOG00000012185
ENSG00000100721	TCL1A	ENSMUSG00000041359	ENSRNOG00000025233
ENSG00000100722	ZC3H14	ENSMUSG00000021012	ENSRNOG00000004083
ENSG00000100726	TELO2	ENSMUSG00000024170	ENSRNOG00000016774
ENSG00000100731	PCNX1	ENSMUSG00000021140	ENSRNOG00000007459
ENSG00000100739	BDKRB1	ENSMUSG00000041347	ENSRNOG00000004488
ENSG00000100744	GSKIP	ENSMUSG00000044715	ENSRNOG00000042427
ENSG00000100749	VRK1	ENSMUSG00000021115	ENSRNOG00000005274
ENSG00000100764	PSMC1	ENSMUSG00000021178	ENSRNOG00000003951
ENSG00000100767	PAPLN	ENSMUSG00000021223	ENSRNOG00000009448
ENSG00000100784	RPS6KA5	ENSMUSG00000021180	ENSRNOG00000004362
ENSG00000100796	PPP4R3A	ENSMUSG00000041846	ENSRNOG00000027773
ENSG00000100802	C14orf93	ENSMUSG00000022179	ENSRNOG00000013317
ENSG00000100804	PSMB5	ENSMUSG00000022193	ENSRNOG00000013386
ENSG00000100811	YY1	ENSMUSG00000021264	ENSRNOG00000004339
ENSG00000100813	ACIN1	ENSMUSG00000022185	ENSRNOG00000013533
ENSG00000100814	CCNB1IP1	ENSMUSG00000071470	ENSRNOG00000026056
ENSG00000100815	TRIP11	ENSMUSG00000021188	ENSRNOG00000005292
ENSG00000100823	APEX1	ENSMUSG00000035960	ENSRNOG00000009663
ENSG00000100836	PABPN1	ENSMUSG00000022194	ENSRNOG00000042195
ENSG00000100842	EFS	ENSMUSG00000022203	ENSRNOG00000042029
ENSG00000100852	ARHGAP5	ENSMUSG00000035133	ENSRNOG00000004696
ENSG00000100865	CINP	ENSMUSG00000021276	ENSRNOG00000008035
ENSG00000100867	DHRS2	ENSMUSG00000022209	ENSRNOG00000018177
ENSG00000100884	CPNE6	ENSMUSG00000022212	ENSRNOG00000018399
ENSG00000100888	CHD8	ENSMUSG00000053754	ENSRNOG00000025011
ENSG00000100889	PCK2	ENSMUSG00000040618	ENSRNOG00000018536
ENSG00000100890	PRORP	ENSMUSG00000021023	ENSRNOG00000007043
ENSG00000100897	DCAF11	ENSMUSG00000022214	ENSRNOG00000018825
ENSG00000100902	PSMA6	ENSMUSG00000021024	ENSRNOG00000007114
ENSG00000100908	EMC9	ENSMUSG00000022217	ENSRNOG00000019162
ENSG00000100916	BRMS1L	ENSMUSG00000012076	ENSRNOG00000008249
ENSG00000100918	REC8	ENSMUSG00000002324	ENSRNOG00000019503
ENSG00000100926	TM9SF1	ENSMUSG00000002320	ENSRNOG00000019710
ENSG00000100934	SEC23A	ENSMUSG00000020986	ENSRNOG00000004657
ENSG00000100938	GMPR2	ENSMUSG00000002326	ENSRNOG00000020216
ENSG00000100941	PNN	ENSMUSG00000020994	ENSRNOG00000004061
ENSG00000100949	RABGGTA	ENSMUSG00000040472	ENSRNOG00000030483
ENSG00000100968	NFATC4	ENSMUSG00000023411	ENSRNOG00000020482
ENSG00000100979	PLTP	ENSMUSG00000017754	ENSRNOG00000016488
ENSG00000100982	PCIF1	ENSMUSG00000039849	ENSRNOG00000016870
ENSG00000100983	GSS	ENSMUSG00000027610	ENSRNOG00000018964
ENSG00000100985	MMP9	ENSMUSG00000017737	ENSRNOG00000017539
ENSG00000100987	VSX1	ENSMUSG00000033080	ENSRNOG00000042220
ENSG00000100991	TRPC4AP	ENSMUSG00000038324	ENSRNOG00000019152
ENSG00000100994	PYGB	ENSMUSG00000033059	ENSRNOG00000007583
ENSG00000100997	ABHD12	ENSMUSG00000032046	ENSRNOG00000036934
ENSG00000101000	PROCR	ENSMUSG00000027611	ENSRNOG00000019330
ENSG00000101003	GINS1	ENSMUSG00000027454	ENSRNOG00000008091
ENSG00000101004	NINL	ENSMUSG00000068115	ENSRNOG00000027747
ENSG00000101017	CD40	ENSMUSG00000017652	ENSRNOG00000018488
ENSG00000101019	UQCC1	ENSMUSG00000005882	ENSRNOG00000048309
ENSG00000101040	ZMYND8	ENSMUSG00000039671	ENSRNOG00000019154
ENSG00000101049	SGK2	ENSMUSG00000017868	ENSRNOG00000033573
ENSG00000101052	IFT52	ENSMUSG00000017858	ENSRNOG00000007692
ENSG00000101057	MYBL2	ENSMUSG00000017861	ENSRNOG00000007805
ENSG00000101074	R3HDML	ENSMUSG00000078949	ENSRNOG00000027432
ENSG00000101076	HNF4A	ENSMUSG00000017950	ENSRNOG00000008895
ENSG00000101082	SLA2	ENSMUSG00000027636	ENSRNOG00000020337
ENSG00000101084	RAB5IF	ENSMUSG00000027637	ENSRNOG00000020317
ENSG00000101096	NFATC2	ENSMUSG00000027544	ENSRNOG00000012175
ENSG00000101098	RIMS4	ENSMUSG00000035226	ENSRNOG00000074704
ENSG00000101104	PABPC1L	ENSMUSG00000054582	ENSRNOG00000012750
ENSG00000101109	STK4	ENSMUSG00000018209	ENSRNOG00000013529
ENSG00000101115	SALL4	ENSMUSG00000027547	ENSRNOG00000050035
ENSG00000101126	ADNP	ENSMUSG00000051149	ENSRNOG00000010975
ENSG00000101132	PFDN4	ENSMUSG00000052033	ENSRNOG00000050932
ENSG00000101134	DOK5	ENSMUSG00000027560	ENSRNOG00000013196
ENSG00000101138	CSTF1	ENSMUSG00000027498	ENSRNOG00000004775
ENSG00000101144	BMP7	ENSMUSG00000008999	ENSRNOG00000053384
ENSG00000101146	RAE1	ENSMUSG00000027509	ENSRNOG00000021295
ENSG00000101150	TPD52L2	ENSMUSG00000000827	ENSRNOG00000080504
ENSG00000101152	DNAJC5	ENSMUSG00000000826	ENSRNOG00000015202
ENSG00000101158	NELFCD	ENSMUSG00000016253	ENSRNOG00000047874
ENSG00000101160	CTSZ	ENSMUSG00000016256	ENSRNOG00000050697
ENSG00000101161	PRPF6	ENSMUSG00000002455	ENSRNOG00000051498
ENSG00000101162	TUBB1	ENSMUSG00000016255	ENSRNOG00000046151
ENSG00000101166	PRELID3B	ENSMUSG00000016257	ENSRNOG00000046644
ENSG00000101180	HRH3	ENSMUSG00000039059	ENSRNOG00000061153
ENSG00000101181	MTG2	ENSMUSG00000039069	ENSRNOG00000059919
ENSG00000101182	PSMA7	ENSMUSG00000027566	ENSRNOG00000056853
ENSG00000101187	SLCO4A1	ENSMUSG00000038963	ENSRNOG00000053430
ENSG00000101188	NTSR1	ENSMUSG00000027568	ENSRNOG00000028708
ENSG00000101189	MRGBP	ENSMUSG00000027569	ENSRNOG00000059891
ENSG00000101190	TCFL5	ENSMUSG00000038932	ENSRNOG00000061199
ENSG00000101191	DIDO1	ENSMUSG00000038914	ENSRNOG00000009936
ENSG00000101193	GID8	ENSMUSG00000027573	ENSRNOG00000082598
ENSG00000101194	SLC17A9	ENSMUSG00000023393	ENSRNOG00000010275
ENSG00000101197	BIRC7	ENSMUSG00000038840	ENSRNOG00000043311
ENSG00000101198	NKAIN4	ENSMUSG00000027574	ENSRNOG00000031834
ENSG00000101200	AVP	ENSMUSG00000037727	ENSRNOG00000021229
ENSG00000101204	CHRNA4	ENSMUSG00000027577	ENSRNOG00000011202
ENSG00000101210	EEF1A2	ENSMUSG00000016349	ENSRNOG00000072254
ENSG00000101213	PTK6	ENSMUSG00000038751	ENSRNOG00000012987
ENSG00000101216	GMEB2	ENSMUSG00000038705	ENSRNOG00000013339
ENSG00000101220	ADISSP	ENSMUSG00000027327	ENSRNOG00000021245
ENSG00000101222	SPEF1	ENSMUSG00000027329	ENSRNOG00000036648
ENSG00000101224	CDC25B	ENSMUSG00000027330	ENSRNOG00000021248
ENSG00000101230	ISM1	ENSMUSG00000074766	ENSRNOG00000063262
ENSG00000101236	RNF24	ENSMUSG00000048911	ENSRNOG00000088070
ENSG00000101246	ARFRP1	ENSMUSG00000038671	ENSRNOG00000013992
ENSG00000101247	NDUFAF5	ENSMUSG00000027384	ENSRNOG00000004784
ENSG00000101251	SEL1L2	ENSMUSG00000074764	ENSRNOG00000004852
ENSG00000101255	TRIB3	ENSMUSG00000032715	ENSRNOG00000007319
ENSG00000101265	RASSF2	ENSMUSG00000027339	ENSRNOG00000021261
ENSG00000101276	SLC52A3	ENSMUSG00000027463	ENSRNOG00000005132
ENSG00000101280	ANGPT4	ENSMUSG00000027460	ENSRNOG00000005008
ENSG00000101282	RSPO4	ENSMUSG00000032852	ENSRNOG00000009662
ENSG00000101290	CDS2	ENSMUSG00000058793	ENSRNOG00000021265
ENSG00000101292	PROKR2	ENSMUSG00000050558	ENSRNOG00000082181
ENSG00000101294	HM13	ENSMUSG00000019188	ENSRNOG00000007738
ENSG00000101298	SNPH	ENSMUSG00000027457	ENSRNOG00000009588
ENSG00000101306	MYLK2	ENSMUSG00000027470	ENSRNOG00000008235
ENSG00000101310	SEC23B	ENSMUSG00000027429	ENSRNOG00000008411
ENSG00000101311	FERMT1	ENSMUSG00000027356	ENSRNOG00000021274
ENSG00000101323	HAO1	ENSMUSG00000027261	ENSRNOG00000004601
ENSG00000101327	PDYN	ENSMUSG00000027400	ENSRNOG00000026036
ENSG00000101331	CCM2L	ENSMUSG00000027474	ENSRNOG00000009191
ENSG00000101333	PLCB4	ENSMUSG00000039943	ENSRNOG00000033119
ENSG00000101335	MYL9	ENSMUSG00000067818	ENSRNOG00000020246
ENSG00000101336	HCK	ENSMUSG00000003283	ENSRNOG00000009331
ENSG00000101337	TM9SF4	ENSMUSG00000068040	ENSRNOG00000009406
ENSG00000101342	TLDC2	ENSMUSG00000074628	ENSRNOG00000006395
ENSG00000101346	POFUT1	ENSMUSG00000046020	ENSRNOG00000010104
ENSG00000101347	SAMHD1	ENSMUSG00000027639	ENSRNOG00000006418
ENSG00000101349	PAK5	ENSMUSG00000039913	ENSRNOG00000005509
ENSG00000101350	KIF3B	ENSMUSG00000027475	ENSRNOG00000010361
ENSG00000101353	MROH8	ENSMUSG00000074627	ENSRNOG00000007341
ENSG00000101361	NOP56	ENSMUSG00000027405	ENSRNOG00000007128
ENSG00000101363	MANBAL	ENSMUSG00000063019	ENSRNOG00000031453
ENSG00000101365	IDH3B	ENSMUSG00000027406	ENSRNOG00000007316
ENSG00000101367	MAPRE1	ENSMUSG00000027479	ENSRNOG00000011798
ENSG00000101384	JAG1	ENSMUSG00000027276	ENSRNOG00000007443
ENSG00000101391	CDK5RAP1	ENSMUSG00000027487	ENSRNOG00000015696
ENSG00000101400	SNTA1	ENSMUSG00000027488	ENSRNOG00000016062
ENSG00000101405	OXT	ENSMUSG00000027301	ENSRNOG00000021225
ENSG00000101407	TTI1	ENSMUSG00000027650	ENSRNOG00000012880
ENSG00000101412	E2F1	ENSMUSG00000027490	ENSRNOG00000072439
ENSG00000101413	RPRD1B	ENSMUSG00000027651	ENSRNOG00000012923
ENSG00000101417	PXMP4	ENSMUSG00000000876	ENSRNOG00000016975
ENSG00000101425	BPI	ENSMUSG00000052922	ENSRNOG00000034195
ENSG00000101438	SLC32A1	ENSMUSG00000037771	ENSRNOG00000015393
ENSG00000101440	ASIP	ENSMUSG00000027596	ENSRNOG00000017701
ENSG00000101442	ACTR5	ENSMUSG00000037761	ENSRNOG00000023989
ENSG00000101443	WFDC2	ENSMUSG00000017723	ENSRNOG00000014739
ENSG00000101445	PPP1R16B	ENSMUSG00000037754	ENSRNOG00000015614
ENSG00000101446	SPINT3	ENSMUSG00000074596	ENSRNOG00000052294
ENSG00000101447	FAM83D	ENSMUSG00000027654	ENSRNOG00000015794
ENSG00000101448	EPPIN	ENSMUSG00000017733	ENSRNOG00000028908
ENSG00000101452	DHX35	ENSMUSG00000027655	ENSRNOG00000015928
ENSG00000101457	DNTTIP1	ENSMUSG00000017299	ENSRNOG00000014933
ENSG00000101460	MAP1LC3A	ENSMUSG00000027602	ENSRNOG00000025443
ENSG00000101463	SYNDIG1	ENSMUSG00000074736	ENSRNOG00000031536
ENSG00000101464	PIGU	ENSMUSG00000038383	ENSRNOG00000025181
ENSG00000101470	TNNC2	ENSMUSG00000017300	ENSRNOG00000015155
ENSG00000101473	ACOT8	ENSMUSG00000017307	ENSRNOG00000015187
ENSG00000101474	APMAP	ENSMUSG00000033096	ENSRNOG00000006795
ENSG00000101489	CELF4	ENSMUSG00000024268	ENSRNOG00000014503
ENSG00000101493	ZNF516	ENSMUSG00000058881	ENSRNOG00000016258
ENSG00000101542	CDH20	ENSMUSG00000050840	ENSRNOG00000014556
ENSG00000101546	RBFA	ENSMUSG00000024570	ENSRNOG00000055647
ENSG00000101557	USP14	ENSMUSG00000047879	ENSRNOG00000014981
ENSG00000101558	VAPA	ENSMUSG00000024091	ENSRNOG00000014765
ENSG00000101574	METTL4	ENSMUSG00000055660	ENSRNOG00000026280
ENSG00000101577	LPIN2	ENSMUSG00000024052	ENSRNOG00000014876
ENSG00000101596	SMCHD1	ENSMUSG00000024054	ENSRNOG00000014319
ENSG00000101605	MYOM1	ENSMUSG00000024049	ENSRNOG00000057701
ENSG00000101624	CEP76	ENSMUSG00000073542	ENSRNOG00000021918
ENSG00000101638	ST8SIA5	ENSMUSG00000025425	ENSRNOG00000022691
ENSG00000101639	CEP192	ENSMUSG00000024542	ENSRNOG00000042879
ENSG00000101654	RNMT	ENSMUSG00000009535	ENSRNOG00000016698
ENSG00000101665	SMAD7	ENSMUSG00000025880	ENSRNOG00000018359
ENSG00000101670	LIPG	ENSMUSG00000053846	ENSRNOG00000018694
ENSG00000101680	LAMA1	ENSMUSG00000032796	ENSRNOG00000017237
ENSG00000101695	RNF125	ENSMUSG00000033107	ENSRNOG00000057832
ENSG00000101745	ANKRD12	ENSMUSG00000034647	ENSRNOG00000012733
ENSG00000101746	NOL4	ENSMUSG00000041923	ENSRNOG00000014775
ENSG00000101751	POLI	ENSMUSG00000038425	ENSRNOG00000012111
ENSG00000101752	MIB1	ENSMUSG00000024294	ENSRNOG00000013281
ENSG00000101773	RBBP8	ENSMUSG00000041238	ENSRNOG00000012899
ENSG00000101782	RIOK3	ENSMUSG00000024404	ENSRNOG00000023376
ENSG00000101811	CSTF2	ENSMUSG00000031256	ENSRNOG00000048025
ENSG00000101842	VSIG1	ENSMUSG00000031430	ENSRNOG00000054219
ENSG00000101843	PSMD10	ENSMUSG00000031429	ENSRNOG00000051669
ENSG00000101846	STS	ENSMUSG00000121914	ENSRNOG00000032487
ENSG00000101850	GPR143	ENSMUSG00000025333	ENSRNOG00000003543
ENSG00000101856	PGRMC1	ENSMUSG00000006373	ENSRNOG00000012786
ENSG00000101868	POLA1	ENSMUSG00000006678	ENSRNOG00000013322
ENSG00000101871	MID1	ENSMUSG00000035299	ENSRNOG00000003613
ENSG00000101882	NKAP	ENSMUSG00000016409	ENSRNOG00000053813
ENSG00000101883	RHOXF1	ENSMUSG00000050197	ENSRNOG00000028050
ENSG00000101888	NXT2	ENSMUSG00000042271	ENSRNOG00000019168
ENSG00000101890	GUCY2F	ENSMUSG00000042282	ENSRNOG00000019086
ENSG00000101892	ATP1B4	ENSMUSG00000016327	ENSRNOG00000007059
ENSG00000101898	MCTS2	ENSMUSG00000042814	ENSRNOG00000002563
ENSG00000101901	ALG13	ENSMUSG00000041718	ENSRNOG00000005753
ENSG00000101911	PRPS2	ENSMUSG00000025742	ENSRNOG00000004160
ENSG00000101916	TLR8	ENSMUSG00000040522	ENSRNOG00000045992
ENSG00000101935	AMMECR1	ENSMUSG00000042225	ENSRNOG00000022166
ENSG00000101938	CHRDL1	ENSMUSG00000031283	ENSRNOG00000004330
ENSG00000101955	SRPX	ENSMUSG00000090084	ENSRNOG00000088892
ENSG00000101958	GLRA2	ENSMUSG00000018589	ENSRNOG00000003313
ENSG00000101966	XIAP	ENSMUSG00000025860	ENSRNOG00000006967
ENSG00000101972	STAG2	ENSMUSG00000025862	ENSRNOG00000029885
ENSG00000101974	ATP11C	ENSMUSG00000062949	ENSRNOG00000003472
ENSG00000101977	MCF2	ENSMUSG00000031139	ENSRNOG00000003435
ENSG00000101981	F9	ENSMUSG00000031138	ENSRNOG00000003430
ENSG00000101986	ABCD1	ENSMUSG00000031378	ENSRNOG00000056524
ENSG00000101997	CCDC22	ENSMUSG00000031143	ENSRNOG00000010846
ENSG00000102001	CACNA1F	ENSMUSG00000031142	ENSRNOG00000010348
ENSG00000102003	SYP	ENSMUSG00000031144	ENSRNOG00000059720
ENSG00000102010	BMX	ENSMUSG00000031377	ENSRNOG00000003705
ENSG00000102024	PLS3	ENSMUSG00000016382	ENSRNOG00000027520
ENSG00000102030	NAA10	ENSMUSG00000031388	ENSRNOG00000060063
ENSG00000102032	RENBP	ENSMUSG00000031387	ENSRNOG00000054765
ENSG00000102034	ELF4	ENSMUSG00000031103	ENSRNOG00000005352
ENSG00000102038	SMARCA1	ENSMUSG00000031099	ENSRNOG00000003762
ENSG00000102048	ASB9	ENSMUSG00000031384	ENSRNOG00000067365
ENSG00000102053	ZC3H12B	ENSMUSG00000035045	ENSRNOG00000011508
ENSG00000102054	RBBP7	ENSMUSG00000031353	ENSRNOG00000005157
ENSG00000102057	KCND1	ENSMUSG00000009731	ENSRNOG00000039544
ENSG00000102078	SLC25A14	ENSMUSG00000031105	ENSRNOG00000006871
ENSG00000102081	FMR1	ENSMUSG00000000838	ENSRNOG00000057464
ENSG00000102096	PIM2	ENSMUSG00000031155	ENSRNOG00000008177
ENSG00000102098	SCML2	ENSMUSG00000000037	ENSRNOG00000003726
ENSG00000102100	SLC35A2	ENSMUSG00000031156	ENSRNOG00000024801
ENSG00000102103	PQBP1	ENSMUSG00000031157	ENSRNOG00000007766
ENSG00000102104	RS1	ENSMUSG00000031293	ENSRNOG00000030434
ENSG00000102109	PCSK1N	ENSMUSG00000039278	ENSRNOG00000046021
ENSG00000102119	EMD	ENSMUSG00000001964	ENSRNOG00000058882
ENSG00000102125	TAFAZZIN	ENSMUSG00000009995	ENSRNOG00000053023
ENSG00000102144	PGK1	ENSMUSG00000062070	ENSRNOG00000058249
ENSG00000102145	GATA1	ENSMUSG00000031162	ENSRNOG00000047663
ENSG00000102158	MAGT1	ENSMUSG00000031232	ENSRNOG00000051408
ENSG00000102174	PHEX	ENSMUSG00000057457	ENSRNOG00000023440
ENSG00000102189	EEA1	ENSMUSG00000036499	ENSRNOG00000021681
ENSG00000102195	GPR50	ENSMUSG00000056380	ENSRNOG00000011335
ENSG00000102218	RP2	ENSMUSG00000060090	ENSRNOG00000025428
ENSG00000102221	JADE3	ENSMUSG00000037315	ENSRNOG00000039837
ENSG00000102226	USP11	ENSMUSG00000031066	ENSRNOG00000008578
ENSG00000102230	PCYT1B	ENSMUSG00000035246	ENSRNOG00000051341
ENSG00000102239	BRS3	ENSMUSG00000031130	ENSRNOG00000000873
ENSG00000102241	HTATSF1	ENSMUSG00000067873	ENSRNOG00000027761
ENSG00000102245	CD40LG	ENSMUSG00000031132	ENSRNOG00000000871
ENSG00000102265	TIMP1	ENSMUSG00000001131	ENSRNOG00000010208
ENSG00000102271	KLHL4	ENSMUSG00000025597	ENSRNOG00000005215
ENSG00000102287	GABRE	ENSMUSG00000031340	ENSRNOG00000061182
ENSG00000102302	FGD1	ENSMUSG00000025265	ENSRNOG00000038970
ENSG00000102309	PIN4	ENSMUSG00000079480	ENSRNOG00000050051
ENSG00000102312	PORCN	ENSMUSG00000031169	ENSRNOG00000004819
ENSG00000102313	ITIH6	ENSMUSG00000087149	ENSRNOG00000069211
ENSG00000102316	MAGED2	ENSMUSG00000025268	ENSRNOG00000002449
ENSG00000102317	RBM3	ENSMUSG00000031167	ENSRNOG00000005387
ENSG00000102349	KLF8	ENSMUSG00000041649	ENSRNOG00000075589
ENSG00000102359	SRPX2	ENSMUSG00000031253	ENSRNOG00000003715
ENSG00000102362	SYTL4	ENSMUSG00000031255	ENSRNOG00000003526
ENSG00000102383	ZDHHC15	ENSMUSG00000033906	ENSRNOG00000002751
ENSG00000102384	CENPI	ENSMUSG00000031262	ENSRNOG00000033335
ENSG00000102385	DRP2	ENSMUSG00000000223	ENSRNOG00000026704
ENSG00000102390	PBDC1	ENSMUSG00000031226	ENSRNOG00000002662
ENSG00000102393	GLA	ENSMUSG00000031266	ENSRNOG00000011513
ENSG00000102401	ARMCX3	ENSMUSG00000049047	ENSRNOG00000025730
ENSG00000102445	RUBCNL	ENSMUSG00000034959	ENSRNOG00000022760
ENSG00000102452	NALCN	ENSMUSG00000000197	ENSRNOG00000004752
ENSG00000102466	FGF14	ENSMUSG00000025551	ENSRNOG00000009288
ENSG00000102468	HTR2A	ENSMUSG00000034997	ENSRNOG00000010063
ENSG00000102471	NDFIP2	ENSMUSG00000053253	ENSRNOG00000024022
ENSG00000102524	TNFSF13B	ENSMUSG00000031497	ENSRNOG00000014464
ENSG00000102531	FNDC3A	ENSMUSG00000033487	ENSRNOG00000014478
ENSG00000102543	CDADC1	ENSMUSG00000021982	ENSRNOG00000012209
ENSG00000102547	CAB39L	ENSMUSG00000021981	ENSRNOG00000011603
ENSG00000102554	KLF5	ENSMUSG00000005148	ENSRNOG00000008785
ENSG00000102572	STK24	ENSMUSG00000063410	ENSRNOG00000011511
ENSG00000102575	ACP5	ENSMUSG00000001348	ENSRNOG00000046261
ENSG00000102580	DNAJC3	ENSMUSG00000022136	ENSRNOG00000010352
ENSG00000102595	UGGT2	ENSMUSG00000042104	ENSRNOG00000058057
ENSG00000102606	ARHGEF7	ENSMUSG00000031511	ENSRNOG00000012934
ENSG00000102678	FGF9	ENSMUSG00000021974	ENSRNOG00000011471
ENSG00000102683	SGCG	ENSMUSG00000035296	ENSRNOG00000014603
ENSG00000102699	PARP4	ENSMUSG00000054509	ENSRNOG00000061152
ENSG00000102710	SUPT20H	ENSMUSG00000027751	ENSRNOG00000059480
ENSG00000102738	MRPS31	ENSMUSG00000031533	ENSRNOG00000011839
ENSG00000102743	SLC25A15	ENSMUSG00000031482	ENSRNOG00000011881
ENSG00000102753	KPNA3	ENSMUSG00000021929	ENSRNOG00000014945
ENSG00000102755	FLT1	ENSMUSG00000029648	ENSRNOG00000000940
ENSG00000102763	VWA8	ENSMUSG00000058997	ENSRNOG00000053145
ENSG00000102780	DGKH	ENSMUSG00000034731	ENSRNOG00000010065
ENSG00000102781	KATNAL1	ENSMUSG00000041298	ENSRNOG00000047618
ENSG00000102786	INTS6	ENSMUSG00000035161	ENSRNOG00000009873
ENSG00000102794	ACOD1	ENSMUSG00000022126	ENSRNOG00000009919
ENSG00000102802	MEDAG	ENSMUSG00000029659	ENSRNOG00000000906
ENSG00000102804	TSC22D1	ENSMUSG00000022010	ENSRNOG00000001030
ENSG00000102837	OLFM4	ENSMUSG00000022026	ENSRNOG00000013280
ENSG00000102854	MSLN	ENSMUSG00000063011	ENSRNOG00000019445
ENSG00000102858	MGRN1	ENSMUSG00000022517	ENSRNOG00000003234
ENSG00000102870	ZNF629	ENSMUSG00000045639	ENSRNOG00000018877
ENSG00000102871	TRADD	ENSMUSG00000031887	ENSRNOG00000015179
ENSG00000102878	HSF4	ENSMUSG00000033249	ENSRNOG00000015253
ENSG00000102879	CORO1A	ENSMUSG00000030707	ENSRNOG00000019430
ENSG00000102886	GDPD3	ENSMUSG00000030703	ENSRNOG00000019685
ENSG00000102890	ELMO3	ENSMUSG00000014791	ENSRNOG00000015800
ENSG00000102891	MT4	ENSMUSG00000031757	ENSRNOG00000019004
ENSG00000102893	PHKB	ENSMUSG00000036879	ENSRNOG00000024101
ENSG00000102897	LYRM1	ENSMUSG00000030922	ENSRNOG00000024530
ENSG00000102900	NUP93	ENSMUSG00000032939	ENSRNOG00000018564
ENSG00000102901	CENPT	ENSMUSG00000036672	ENSRNOG00000024178
ENSG00000102904	TSNAXIP1	ENSMUSG00000031893	ENSRNOG00000018954
ENSG00000102908	NFAT5	ENSMUSG00000003847	ENSRNOG00000011879
ENSG00000102910	LONP2	ENSMUSG00000047866	ENSRNOG00000015162
ENSG00000102921	N4BP1	ENSMUSG00000031652	ENSRNOG00000015121
ENSG00000102924	CBLN1	ENSMUSG00000031654	ENSRNOG00000000010
ENSG00000102931	ARL2BP	ENSMUSG00000031776	ENSRNOG00000016991
ENSG00000102934	PLLP	ENSMUSG00000031775	ENSRNOG00000016558
ENSG00000102935	ZNF423	ENSMUSG00000045333	ENSRNOG00000014658
ENSG00000102962	CCL22	ENSMUSG00000031779	ENSRNOG00000016535
ENSG00000102967	DHODH	ENSMUSG00000031730	ENSRNOG00000015063
ENSG00000102970	CCL17	ENSMUSG00000031780	ENSRNOG00000016278
ENSG00000102974	CTCF	ENSMUSG00000005698	ENSRNOG00000017674
ENSG00000102977	ACD	ENSMUSG00000038000	ENSRNOG00000038973
ENSG00000102978	POLR2C	ENSMUSG00000031783	ENSRNOG00000015720
ENSG00000102981	PARD6A	ENSMUSG00000005699	ENSRNOG00000017746
ENSG00000102984	ZNF821	ENSMUSG00000031728	ENSRNOG00000000262
ENSG00000102996	MMP15	ENSMUSG00000031790	ENSRNOG00000012622
ENSG00000103005	USB1	ENSMUSG00000031792	ENSRNOG00000013216
ENSG00000103018	CYB5B	ENSMUSG00000031924	ENSRNOG00000011142
ENSG00000103021	CFAP263	ENSMUSG00000036598	ENSRNOG00000051510
ENSG00000103023	PRSS54	ENSMUSG00000048400	ENSRNOG00000023092
ENSG00000103024	NME3	ENSMUSG00000073435	ENSRNOG00000015749
ENSG00000103034	NDRG4	ENSMUSG00000036564	ENSRNOG00000012482
ENSG00000103035	PSMD7	ENSMUSG00000039067	ENSRNOG00000014097
ENSG00000103037	SETD6	ENSMUSG00000031671	ENSRNOG00000012447
ENSG00000103042	SLC38A7	ENSMUSG00000036534	ENSRNOG00000012007
ENSG00000103043	VAC14	ENSMUSG00000010936	ENSRNOG00000017219
ENSG00000103044	HAS3	ENSMUSG00000031910	ENSRNOG00000022524
ENSG00000103051	COG4	ENSMUSG00000031753	ENSRNOG00000017745
ENSG00000103056	SMPD3	ENSMUSG00000031906	ENSRNOG00000000257
ENSG00000103061	SLC7A6OS	ENSMUSG00000033106	ENSRNOG00000020049
ENSG00000103064	SLC7A6	ENSMUSG00000031904	ENSRNOG00000019943
ENSG00000103066	PLA2G15	ENSMUSG00000031903	ENSRNOG00000019859
ENSG00000103067	ESRP2	ENSMUSG00000084128	ENSRNOG00000023177
ENSG00000103089	FA2H	ENSMUSG00000033579	ENSRNOG00000018950
ENSG00000103091	WDR59	ENSMUSG00000031959	ENSRNOG00000018967
ENSG00000103111	MON1B	ENSMUSG00000078908	ENSRNOG00000084202
ENSG00000103126	AXIN1	ENSMUSG00000024182	ENSRNOG00000062714
ENSG00000103145	HCFC1R1	ENSMUSG00000023904	ENSRNOG00000003542
ENSG00000103148	NPRL3	ENSMUSG00000020289	ENSRNOG00000020541
ENSG00000103150	MLYCD	ENSMUSG00000074064	ENSRNOG00000014522
ENSG00000103152	MPG	ENSMUSG00000020287	ENSRNOG00000020571
ENSG00000103154	NECAB2	ENSMUSG00000031837	ENSRNOG00000015084
ENSG00000103160	HSDL1	ENSMUSG00000034189	ENSRNOG00000015576
ENSG00000103168	TAF1C	ENSMUSG00000031832	ENSRNOG00000015632
ENSG00000103174	NAGPA	ENSMUSG00000023143	ENSRNOG00000002895
ENSG00000103175	WFDC1	ENSMUSG00000023336	ENSRNOG00000015904
ENSG00000103184	SEC14L5	ENSMUSG00000091712	ENSRNOG00000002917
ENSG00000103194	USP10	ENSMUSG00000031826	ENSRNOG00000016509
ENSG00000103196	CRISPLD2	ENSMUSG00000031825	ENSRNOG00000016752
ENSG00000103197	TSC2	ENSMUSG00000002496	ENSRNOG00000011375
ENSG00000103202	NME4	ENSMUSG00000024177	ENSRNOG00000075475
ENSG00000103222	ABCC1	ENSMUSG00000023088	ENSRNOG00000022305
ENSG00000103227	LMF1	ENSMUSG00000002279	ENSRNOG00000000230
ENSG00000103241	FOXF1	ENSMUSG00000042812	ENSRNOG00000049906
ENSG00000103245	CIAO3	ENSMUSG00000002280	ENSRNOG00000019522
ENSG00000103248	MTHFSD	ENSMUSG00000031816	ENSRNOG00000046443
ENSG00000103249	CLCN7	ENSMUSG00000036636	ENSRNOG00000016976
ENSG00000103253	HAGHL	ENSMUSG00000061046	ENSRNOG00000019612
ENSG00000103254	ANTKMT	ENSMUSG00000057411	ENSRNOG00000019684
ENSG00000103257	SLC7A5	ENSMUSG00000040010	ENSRNOG00000018824
ENSG00000103260	METRN	ENSMUSG00000002274	ENSRNOG00000019692
ENSG00000103264	FBXO31	ENSMUSG00000052934	ENSRNOG00000042274
ENSG00000103266	STUB1	ENSMUSG00000039615	ENSRNOG00000019798
ENSG00000103269	RHBDL1	ENSMUSG00000025735	ENSRNOG00000019921
ENSG00000103274	NUBP1	ENSMUSG00000022503	ENSRNOG00000077863
ENSG00000103275	UBE2I	ENSMUSG00000015120	ENSRNOG00000017907
ENSG00000103310	ZP2	ENSMUSG00000030911	ENSRNOG00000057989
ENSG00000103313	MEFV	ENSMUSG00000022534	ENSRNOG00000008134
ENSG00000103316	CRYM	ENSMUSG00000030905	ENSRNOG00000061215
ENSG00000103319	EEF2K	ENSMUSG00000035064	ENSRNOG00000016448
ENSG00000103326	CAPN15	ENSMUSG00000037326	ENSRNOG00000020239
ENSG00000103335	PIEZO1	ENSMUSG00000014444	ENSRNOG00000056786
ENSG00000103342	GSPT1	ENSMUSG00000062203	ENSRNOG00000046271
ENSG00000103343	ZNF174	ENSMUSG00000054939	ENSRNOG00000007655
ENSG00000103351	CLUAP1	ENSMUSG00000014232	ENSRNOG00000007117
ENSG00000103353	UBFD1	ENSMUSG00000030870	ENSRNOG00000018243
ENSG00000103355	PRSS33	ENSMUSG00000049620	ENSRNOG00000029279
ENSG00000103356	EARS2	ENSMUSG00000030871	ENSRNOG00000067512
ENSG00000103365	GGA2	ENSMUSG00000030872	ENSRNOG00000018599
ENSG00000103375	AQP8	ENSMUSG00000030762	ENSRNOG00000014652
ENSG00000103404	USP31	ENSMUSG00000063317	ENSRNOG00000025793
ENSG00000103415	HMOX2	ENSMUSG00000004070	ENSRNOG00000003773
ENSG00000103423	DNAJA3	ENSMUSG00000004069	ENSRNOG00000003855
ENSG00000103429	BFAR	ENSMUSG00000022684	ENSRNOG00000003151
ENSG00000103449	SALL1	ENSMUSG00000031665	ENSRNOG00000013907
ENSG00000103460	TOX3	ENSMUSG00000043668	ENSRNOG00000028649
ENSG00000103479	RBL2	ENSMUSG00000031666	ENSRNOG00000012153
ENSG00000103485	QPRT	ENSMUSG00000030674	ENSRNOG00000016980
ENSG00000103489	XYLT1	ENSMUSG00000030657	ENSRNOG00000056658
ENSG00000103490	PYCARD	ENSMUSG00000030793	ENSRNOG00000019675
ENSG00000103494	RPGRIP1L	ENSMUSG00000033282	ENSRNOG00000011829
ENSG00000103495	MAZ	ENSMUSG00000030678	ENSRNOG00000055082
ENSG00000103496	STX4	ENSMUSG00000030805	ENSRNOG00000019302
ENSG00000103502	CDIPT	ENSMUSG00000030682	ENSRNOG00000024144
ENSG00000103507	BCKDK	ENSMUSG00000030802	ENSRNOG00000077965
ENSG00000103510	KAT8	ENSMUSG00000030801	ENSRNOG00000019485
ENSG00000103522	IL21R	ENSMUSG00000030745	ENSRNOG00000015773
ENSG00000103528	SYT17	ENSMUSG00000058420	ENSRNOG00000017136
ENSG00000103534	TMC5	ENSMUSG00000030650	ENSRNOG00000036760
ENSG00000103540	CCP110	ENSMUSG00000033904	ENSRNOG00000027405
ENSG00000103544	VPS35L	ENSMUSG00000030982	ENSRNOG00000016063
ENSG00000103546	SLC6A2	ENSMUSG00000055368	ENSRNOG00000016311
ENSG00000103549	RNF40	ENSMUSG00000030816	ENSRNOG00000018840
ENSG00000103550	KNOP1	ENSMUSG00000030980	ENSRNOG00000070112
ENSG00000103569	AQP9	ENSMUSG00000032204	ENSRNOG00000061883
ENSG00000103591	AAGAB	ENSMUSG00000037257	ENSRNOG00000008424
ENSG00000103599	IQCH	ENSMUSG00000037801	ENSRNOG00000008353
ENSG00000103642	LACTB	ENSMUSG00000032370	ENSRNOG00000018081
ENSG00000103647	CORO2B	ENSMUSG00000041729	ENSRNOG00000015257
ENSG00000103653	CSK	ENSMUSG00000032312	ENSRNOG00000019374
ENSG00000103657	HERC1	ENSMUSG00000038664	ENSRNOG00000051671
ENSG00000103671	TRIP4	ENSMUSG00000032386	ENSRNOG00000016121
ENSG00000103707	MTFMT	ENSMUSG00000059183	ENSRNOG00000014602
ENSG00000103710	RASL12	ENSMUSG00000041696	ENSRNOG00000032339
ENSG00000103723	AP3B2	ENSMUSG00000062444	ENSRNOG00000019249
ENSG00000103740	ACSBG1	ENSMUSG00000032281	ENSRNOG00000011381
ENSG00000103742	IGDCC4	ENSMUSG00000032816	ENSRNOG00000033496
ENSG00000103769	RAB11A	ENSMUSG00000004771	ENSRNOG00000011302
ENSG00000103811	CTSH	ENSMUSG00000032359	ENSRNOG00000014064
ENSG00000103852	TTC23	ENSMUSG00000030555	ENSRNOG00000013877
ENSG00000103855	CD276	ENSMUSG00000035914	ENSRNOG00000033608
ENSG00000103876	FAH	ENSMUSG00000030630	ENSRNOG00000013223
ENSG00000103888	CEMIP	ENSMUSG00000052353	ENSRNOG00000012442
ENSG00000103932	RPAP1	ENSMUSG00000034032	ENSRNOG00000005483
ENSG00000103942	HOMER2	ENSMUSG00000025813	ENSRNOG00000061450
ENSG00000103966	EHD4	ENSMUSG00000027293	ENSRNOG00000007584
ENSG00000103978	TMEM87A	ENSMUSG00000033808	ENSRNOG00000008455
ENSG00000103994	ZNF106	ENSMUSG00000027288	ENSRNOG00000052583
ENSG00000103995	CEP152	ENSMUSG00000068394	ENSRNOG00000065817
ENSG00000104043	ATP8B4	ENSMUSG00000060131	ENSRNOG00000031598
ENSG00000104044	OCA2	ENSMUSG00000030450	ENSRNOG00000014465
ENSG00000104047	DTWD1	ENSMUSG00000023330	ENSRNOG00000009593
ENSG00000104055	TGM5	ENSMUSG00000053675	ENSRNOG00000058755
ENSG00000104059	ENTREP2	ENSMUSG00000030518	ENSRNOG00000023496
ENSG00000104067	TJP1	ENSMUSG00000030516	ENSRNOG00000011077
ENSG00000104081	BMF	ENSMUSG00000040093	ENSRNOG00000007529
ENSG00000104093	DMXL2	ENSMUSG00000041268	ENSRNOG00000009170
ENSG00000104112	SCG3	ENSMUSG00000032181	ENSRNOG00000010784
ENSG00000104133	SPG11	ENSMUSG00000033396	ENSRNOG00000021954
ENSG00000104140	RHOV	ENSMUSG00000034226	ENSRNOG00000013380
ENSG00000104142	VPS18	ENSMUSG00000034216	ENSRNOG00000013689
ENSG00000104147	OIP5	ENSMUSG00000072980	ENSRNOG00000057458
ENSG00000104154	SLC30A4	ENSMUSG00000005802	ENSRNOG00000000170
ENSG00000104164	BLOC1S6	ENSMUSG00000005804	ENSRNOG00000037160
ENSG00000104205	SGK3	ENSMUSG00000025915	ENSRNOG00000049052
ENSG00000104213	PDGFRL	ENSMUSG00000031595	ENSRNOG00000010832
ENSG00000104218	CSPP1	ENSMUSG00000056763	ENSRNOG00000021718
ENSG00000104219	ZDHHC2	ENSMUSG00000039470	ENSRNOG00000022686
ENSG00000104221	BRF2	ENSMUSG00000031487	ENSRNOG00000012739
ENSG00000104228	TRIM35	ENSMUSG00000022043	ENSRNOG00000009449
ENSG00000104231	ZFAND1	ENSMUSG00000039795	ENSRNOG00000010342
ENSG00000104237	RP1	ENSMUSG00000025900	ENSRNOG00000008807
ENSG00000104267	CA2	ENSMUSG00000027562	ENSRNOG00000009629
ENSG00000104290	FZD3	ENSMUSG00000007989	ENSRNOG00000047211
ENSG00000104299	INTS9	ENSMUSG00000021975	ENSRNOG00000013459
ENSG00000104312	RIPK2	ENSMUSG00000041135	ENSRNOG00000009389
ENSG00000104313	EYA1	ENSMUSG00000025932	ENSRNOG00000007590
ENSG00000104320	NBN	ENSMUSG00000028224	ENSRNOG00000008580
ENSG00000104321	TRPA1	ENSMUSG00000032769	ENSRNOG00000007354
ENSG00000104324	CPQ	ENSMUSG00000039007	ENSRNOG00000005931
ENSG00000104325	DECR1	ENSMUSG00000028223	ENSRNOG00000008236
ENSG00000104327	CALB1	ENSMUSG00000028222	ENSRNOG00000007456
ENSG00000104331	BPNT2	ENSMUSG00000066324	ENSRNOG00000046647
ENSG00000104332	SFRP1	ENSMUSG00000031548	ENSRNOG00000017783
ENSG00000104341	LAPTM4B	ENSMUSG00000022257	ENSRNOG00000006766
ENSG00000104356	POP1	ENSMUSG00000022325	ENSRNOG00000005243
ENSG00000104361	NIPAL2	ENSMUSG00000038879	ENSRNOG00000005190
ENSG00000104365	IKBKB	ENSMUSG00000031537	ENSRNOG00000019073
ENSG00000104368	PLAT	ENSMUSG00000031538	ENSRNOG00000019018
ENSG00000104369	JPH1	ENSMUSG00000042686	ENSRNOG00000006110
ENSG00000104371	DKK4	ENSMUSG00000031535	ENSRNOG00000019267
ENSG00000104375	STK3	ENSMUSG00000022329	ENSRNOG00000011278
ENSG00000104381	GDAP1	ENSMUSG00000025777	ENSRNOG00000005850
ENSG00000104388	RAB2A	ENSMUSG00000047187	ENSRNOG00000005963
ENSG00000104408	EIF3E	ENSMUSG00000022336	ENSRNOG00000027690
ENSG00000104412	EMC2	ENSMUSG00000022337	ENSRNOG00000005123
ENSG00000104413	ESRP1	ENSMUSG00000040728	ENSRNOG00000008184
ENSG00000104415	CCN4	ENSMUSG00000005124	ENSRNOG00000007078
ENSG00000104419	NDRG1	ENSMUSG00000005125	ENSRNOG00000007393
ENSG00000104427	ZC2HC1A	ENSMUSG00000043542	ENSRNOG00000022356
ENSG00000104432	IL7	ENSMUSG00000040329	ENSRNOG00000011973
ENSG00000104435	STMN2	ENSMUSG00000027500	ENSRNOG00000011705
ENSG00000104442	ARMC1	ENSMUSG00000027599	ENSRNOG00000013253
ENSG00000104447	TRPS1	ENSMUSG00000038679	ENSRNOG00000024998
ENSG00000104450	SPAG1	ENSMUSG00000037617	ENSRNOG00000010078
ENSG00000104472	CHRAC1	ENSMUSG00000068391	ENSRNOG00000087692
ENSG00000104490	NCALD	ENSMUSG00000051359	ENSRNOG00000042978
ENSG00000104497	SNX16	ENSMUSG00000027534	ENSRNOG00000009953
ENSG00000104517	UBR5	ENSMUSG00000037487	ENSRNOG00000006816
ENSG00000104518	GSDMD	ENSMUSG00000022575	ENSRNOG00000007728
ENSG00000104522	GFUS	ENSMUSG00000022570	ENSRNOG00000009020
ENSG00000104529	EEF1D	ENSMUSG00000055762	ENSRNOG00000021638
ENSG00000104537	ANXA13	ENSMUSG00000055114	ENSRNOG00000007980
ENSG00000104549	SQLE	ENSMUSG00000022351	ENSRNOG00000009550
ENSG00000104611	SH2D4A	ENSMUSG00000053886	ENSRNOG00000013541
ENSG00000104613	INTS10	ENSMUSG00000031864	ENSRNOG00000055331
ENSG00000104626	ERI1	ENSMUSG00000031527	ENSRNOG00000011448
ENSG00000104635	SLC39A14	ENSMUSG00000022094	ENSRNOG00000009832
ENSG00000104643	MTMR9	ENSMUSG00000035078	ENSRNOG00000011560
ENSG00000104660	LEPROTL1	ENSMUSG00000031513	ENSRNOG00000012601
ENSG00000104671	DCTN6	ENSMUSG00000031516	ENSRNOG00000013254
ENSG00000104679	R3HCC1	ENSMUSG00000034194	ENSRNOG00000016777
ENSG00000104687	GSR	ENSMUSG00000031584	ENSRNOG00000014915
ENSG00000104691	UBXN8	ENSMUSG00000052906	ENSRNOG00000091028
ENSG00000104695	PPP2CB	ENSMUSG00000009630	ENSRNOG00000015182
ENSG00000104714	ERICH1	ENSMUSG00000051978	ENSRNOG00000042114
ENSG00000104723	TUSC3	ENSMUSG00000118664	ENSRNOG00000013061
ENSG00000104728	ARHGEF10	ENSMUSG00000071176	ENSRNOG00000012561
ENSG00000104731	KLHDC4	ENSMUSG00000040263	ENSRNOG00000018801
ENSG00000104738	MCM4	ENSMUSG00000022673	ENSRNOG00000001833
ENSG00000104755	ADAM2	ENSMUSG00000022039	ENSRNOG00000017027
ENSG00000104756	KCTD9	ENSMUSG00000034327	ENSRNOG00000012951
ENSG00000104760	FGL1	ENSMUSG00000031594	ENSRNOG00000010714
ENSG00000104763	ASAH1	ENSMUSG00000031591	ENSRNOG00000010034
ENSG00000104765	BNIP3L	ENSMUSG00000022051	ENSRNOG00000009820
ENSG00000104774	MAN2B1	ENSMUSG00000005142	ENSRNOG00000023910
ENSG00000104783	KCNN4	ENSMUSG00000054342	ENSRNOG00000019440
ENSG00000104804	TULP2	ENSMUSG00000023467	ENSRNOG00000020927
ENSG00000104805	NUCB1	ENSMUSG00000030824	ENSRNOG00000020889
ENSG00000104808	DHDH	ENSMUSG00000011382	ENSRNOG00000020883
ENSG00000104812	GYS1	ENSMUSG00000003865	ENSRNOG00000020812
ENSG00000104814	MAP4K1	ENSMUSG00000037337	ENSRNOG00000020505
ENSG00000104823	ECH1	ENSMUSG00000053898	ENSRNOG00000020308
ENSG00000104825	NFKBIB	ENSMUSG00000030595	ENSRNOG00000020063
ENSG00000104833	TUBB4A	ENSMUSG00000062591	ENSRNOG00000047505
ENSG00000104835	SARS2	ENSMUSG00000070699	ENSRNOG00000019962
ENSG00000104848	KCNA7	ENSMUSG00000038201	ENSRNOG00000020779
ENSG00000104852	SNRNP70	ENSMUSG00000063511	ENSRNOG00000020763
ENSG00000104853	CLPTM1	ENSMUSG00000002981	ENSRNOG00000018255
ENSG00000104856	RELB	ENSMUSG00000002983	ENSRNOG00000033235
ENSG00000104859	CLASRP	ENSMUSG00000061028	ENSRNOG00000046000
ENSG00000104863	LIN7B	ENSMUSG00000003872	ENSRNOG00000020746
ENSG00000104866	PPP1R37	ENSMUSG00000051403	ENSRNOG00000017692
ENSG00000104870	FCGRT	ENSMUSG00000003420	ENSRNOG00000020583
ENSG00000104872	PIH1D1	ENSMUSG00000003423	ENSRNOG00000020634
ENSG00000104879	CKM	ENSMUSG00000030399	ENSRNOG00000016837
ENSG00000104880	ARHGEF18	ENSMUSG00000004568	ENSRNOG00000028090
ENSG00000104881	PPP1R13L	ENSMUSG00000040734	ENSRNOG00000025350
ENSG00000104883	PEX11G	ENSMUSG00000069633	ENSRNOG00000028100
ENSG00000104884	ERCC2	ENSMUSG00000030400	ENSRNOG00000017753
ENSG00000104885	DOT1L	ENSMUSG00000061589	ENSRNOG00000032546
ENSG00000104886	PLEKHJ1	ENSMUSG00000035278	ENSRNOG00000075264
ENSG00000104888	SLC17A7	ENSMUSG00000070570	ENSRNOG00000020650
ENSG00000104889	RNASEH2A	ENSMUSG00000052926	ENSRNOG00000003504
ENSG00000104892	KLC3	ENSMUSG00000040714	ENSRNOG00000018101
ENSG00000104894	CD37	ENSMUSG00000030798	ENSRNOG00000020699
ENSG00000104897	SF3A2	ENSMUSG00000020211	ENSRNOG00000019349
ENSG00000104899	AMH	ENSMUSG00000035262	ENSRNOG00000019377
ENSG00000104901	DKKL1	ENSMUSG00000030792	ENSRNOG00000020686
ENSG00000104903	LYL1	ENSMUSG00000034041	ENSRNOG00000002950
ENSG00000104904	OAZ1	ENSMUSG00000035242	ENSRNOG00000019459
ENSG00000104907	TRMT1	ENSMUSG00000001909	ENSRNOG00000002914
ENSG00000104918	RETN	ENSMUSG00000012705	ENSRNOG00000001001
ENSG00000104921	FCER2	ENSMUSG00000005540	ENSRNOG00000001005
ENSG00000104936	DMPK	ENSMUSG00000030409	ENSRNOG00000015085
ENSG00000104941	RSPH6A	ENSMUSG00000040866	ENSRNOG00000061526
ENSG00000104946	TBC1D17	ENSMUSG00000038520	ENSRNOG00000020191
ENSG00000104951	IL4I1	ENSMUSG00000074141	ENSRNOG00000020148
ENSG00000104953	TLE6	ENSMUSG00000034758	ENSRNOG00000006350
ENSG00000104957	YJU2B	ENSMUSG00000004994	ENSRNOG00000008319
ENSG00000104960	PTOV1	ENSMUSG00000038502	ENSRNOG00000020358
ENSG00000104964	TLE5	ENSMUSG00000054452	ENSRNOG00000052025
ENSG00000104967	NOVA2	ENSMUSG00000030411	ENSRNOG00000013847
ENSG00000104969	SGTA	ENSMUSG00000004937	ENSRNOG00000019891
ENSG00000104973	MED25	ENSMUSG00000002968	ENSRNOG00000020363
ENSG00000104976	SNAPC2	ENSMUSG00000011837	ENSRNOG00000001056
ENSG00000104980	TIMM44	ENSMUSG00000002949	ENSRNOG00000001058
ENSG00000104983	CCDC61	ENSMUSG00000074358	ENSRNOG00000013767
ENSG00000104998	IL27RA	ENSMUSG00000005465	ENSRNOG00000005747
ENSG00000105011	ASF1B	ENSMUSG00000005470	ENSRNOG00000005115
ENSG00000105048	TNNT1	ENSMUSG00000064179	ENSRNOG00000028041
ENSG00000105053	VRK3	ENSMUSG00000002205	ENSRNOG00000026517
ENSG00000105063	PPP6R1	ENSMUSG00000052296	ENSRNOG00000018090
ENSG00000105072	C19orf44	ENSMUSG00000052794	ENSRNOG00000023700
ENSG00000105085	MED26	ENSMUSG00000045248	ENSRNOG00000012270
ENSG00000105088	OLFM2	ENSMUSG00000032172	ENSRNOG00000020519
ENSG00000105122	RASAL3	ENSMUSG00000052142	ENSRNOG00000006167
ENSG00000105127	AKAP8	ENSMUSG00000024045	ENSRNOG00000006559
ENSG00000105131	EPHX3	ENSMUSG00000037577	ENSRNOG00000027319
ENSG00000105135	HACL2	ENSMUSG00000032763	ENSRNOG00000028512
ENSG00000105137	SYDE1	ENSMUSG00000032714	ENSRNOG00000007307
ENSG00000105141	CASP14	ENSMUSG00000005355	ENSRNOG00000007352
ENSG00000105143	SLC1A6	ENSMUSG00000005357	ENSRNOG00000007509
ENSG00000105146	AURKC	ENSMUSG00000070837	ENSRNOG00000015825
ENSG00000105171	POP4	ENSMUSG00000030423	ENSRNOG00000027646
ENSG00000105173	CCNE1	ENSMUSG00000002068	ENSRNOG00000014786
ENSG00000105176	URI1	ENSMUSG00000030421	ENSRNOG00000014463
ENSG00000105185	PDCD5	ENSMUSG00000030417	ENSRNOG00000078933
ENSG00000105186	ANKRD27	ENSMUSG00000034867	ENSRNOG00000052814
ENSG00000105193	RPS16	ENSMUSG00000037563	ENSRNOG00000031439
ENSG00000105197	TIMM50	ENSMUSG00000003438	ENSRNOG00000037638
ENSG00000105202	FBL	ENSMUSG00000046865	ENSRNOG00000019229
ENSG00000105204	DYRK1B	ENSMUSG00000002409	ENSRNOG00000019254
ENSG00000105220	GPI	ENSMUSG00000036427	ENSRNOG00000023150
ENSG00000105221	AKT2	ENSMUSG00000004056	ENSRNOG00000018677
ENSG00000105223	PLD3	ENSMUSG00000003363	ENSRNOG00000018390
ENSG00000105227	PRX	ENSMUSG00000053198	ENSRNOG00000018369
ENSG00000105229	PIAS4	ENSMUSG00000004934	ENSRNOG00000020230
ENSG00000105245	NUMBL	ENSMUSG00000063160	ENSRNOG00000020867
ENSG00000105246	EBI3	ENSMUSG00000003206	ENSRNOG00000050509
ENSG00000105251	SHD	ENSMUSG00000039154	ENSRNOG00000049983
ENSG00000105254	TBCB	ENSMUSG00000006095	ENSRNOG00000020781
ENSG00000105255	FSD1	ENSMUSG00000011589	ENSRNOG00000050318
ENSG00000105258	POLR2I	ENSMUSG00000019738	ENSRNOG00000020799
ENSG00000105261	OVOL3	ENSMUSG00000100512	ENSRNOG00000062751
ENSG00000105270	CLIP3	ENSMUSG00000013921	ENSRNOG00000050104
ENSG00000105278	ZFR2	ENSMUSG00000034949	ENSRNOG00000020416
ENSG00000105281	SLC1A5	ENSMUSG00000001918	ENSRNOG00000015948
ENSG00000105287	PRKD2	ENSMUSG00000041187	ENSRNOG00000016434
ENSG00000105289	TJP3	ENSMUSG00000034917	ENSRNOG00000020501
ENSG00000105290	APLP1	ENSMUSG00000006651	ENSRNOG00000020851
ENSG00000105298	CACTIN	ENSMUSG00000034889	ENSRNOG00000039852
ENSG00000105321	CCDC9	ENSMUSG00000041375	ENSRNOG00000048848
ENSG00000105323	HNRNPUL1	ENSMUSG00000040725	ENSRNOG00000020683
ENSG00000105325	FZR1	ENSMUSG00000020235	ENSRNOG00000004169
ENSG00000105327	BBC3	ENSMUSG00000002083	ENSRNOG00000062473
ENSG00000105329	TGFB1	ENSMUSG00000002603	ENSRNOG00000020652
ENSG00000105339	DENND3	ENSMUSG00000036661	ENSRNOG00000010794
ENSG00000105341	DMAC2	ENSMUSG00000057229	ENSRNOG00000020596
ENSG00000105357	MYH14	ENSMUSG00000030739	ENSRNOG00000020014
ENSG00000105364	MRPL4	ENSMUSG00000003299	ENSRNOG00000020659
ENSG00000105369	CD79A	ENSMUSG00000003379	ENSRNOG00000020125
ENSG00000105370	LIM2	ENSMUSG00000118560	ENSRNOG00000017681
ENSG00000105371	ICAM4	ENSMUSG00000001014	ENSRNOG00000042078
ENSG00000105373	NOP53	ENSMUSG00000041560	ENSRNOG00000013023
ENSG00000105374	NKG7	ENSMUSG00000004612	ENSRNOG00000017749
ENSG00000105376	ICAM5	ENSMUSG00000032174	ENSRNOG00000020694
ENSG00000105379	ETFB	ENSMUSG00000004610	ENSRNOG00000017851
ENSG00000105392	CRX	ENSMUSG00000041578	ENSRNOG00000013890
ENSG00000105393	BABAM1	ENSMUSG00000031820	ENSRNOG00000017071
ENSG00000105397	TYK2	ENSMUSG00000032175	ENSRNOG00000032948
ENSG00000105401	CDC37	ENSMUSG00000019471	ENSRNOG00000033426
ENSG00000105402	NAPA	ENSMUSG00000006024	ENSRNOG00000001494
ENSG00000105404	RABAC1	ENSMUSG00000003380	ENSRNOG00000020233
ENSG00000105409	ATP1A3	ENSMUSG00000040907	ENSRNOG00000020263
ENSG00000105426	PTPRS	ENSMUSG00000013236	ENSRNOG00000047247
ENSG00000105427	CNFN	ENSMUSG00000063651	ENSRNOG00000020530
ENSG00000105428	ZNRF4	ENSMUSG00000044526	ENSRNOG00000048875
ENSG00000105429	MEGF8	ENSMUSG00000045039	ENSRNOG00000052687
ENSG00000105438	KDELR1	ENSMUSG00000002778	ENSRNOG00000021082
ENSG00000105443	CYTH2	ENSMUSG00000003269	ENSRNOG00000021051
ENSG00000105447	GRWD1	ENSMUSG00000053801	ENSRNOG00000021058
ENSG00000105464	GRIN2D	ENSMUSG00000002771	ENSRNOG00000021063
ENSG00000105467	SYNGR4	ENSMUSG00000040231	ENSRNOG00000021093
ENSG00000105472	CLEC11A	ENSMUSG00000004473	ENSRNOG00000019138
ENSG00000105486	LIG1	ENSMUSG00000056394	ENSRNOG00000014193
ENSG00000105499	PLA2G4C	ENSMUSG00000033847	ENSRNOG00000026764
ENSG00000105507	CABP5	ENSMUSG00000005649	ENSRNOG00000014787
ENSG00000105509	HAS1	ENSMUSG00000003665	ENSRNOG00000010994
ENSG00000105514	RAB3D	ENSMUSG00000019066	ENSRNOG00000011582
ENSG00000105516	DBP	ENSMUSG00000059824	ENSRNOG00000021027
ENSG00000105518	TMEM205	ENSMUSG00000040883	ENSRNOG00000011747
ENSG00000105520	PLPPR2	ENSMUSG00000040563	ENSRNOG00000012164
ENSG00000105523	FAM83E	ENSMUSG00000054161	ENSRNOG00000021039
ENSG00000105538	RASIP1	ENSMUSG00000044562	ENSRNOG00000021004
ENSG00000105549	SPMAP2	ENSMUSG00000020317	ENSRNOG00000007960
ENSG00000105550	FGF21	ENSMUSG00000030827	ENSRNOG00000020990
ENSG00000105552	BCAT2	ENSMUSG00000030826	ENSRNOG00000020956
ENSG00000105556	MIER2	ENSMUSG00000042570	ENSRNOG00000000175
ENSG00000105559	PLEKHA4	ENSMUSG00000040428	ENSRNOG00000020942
ENSG00000105576	TNPO2	ENSMUSG00000031691	ENSRNOG00000003970
ENSG00000105583	WDR83OS	ENSMUSG00000059355	ENSRNOG00000033611
ENSG00000105605	CACNG7	ENSMUSG00000069806	ENSRNOG00000056257
ENSG00000105607	GCDH	ENSMUSG00000003809	ENSRNOG00000003307
ENSG00000105610	KLF1	ENSMUSG00000054191	ENSRNOG00000003443
ENSG00000105612	DNASE2	ENSMUSG00000003812	ENSRNOG00000023830
ENSG00000105613	MAST1	ENSMUSG00000053693	ENSRNOG00000003469
ENSG00000105617	LENG1	ENSMUSG00000078813	ENSRNOG00000061893
ENSG00000105618	PRPF31	ENSMUSG00000008373	ENSRNOG00000061039
ENSG00000105619	TFPT	ENSMUSG00000006335	ENSRNOG00000056098
ENSG00000105639	JAK3	ENSMUSG00000031805	ENSRNOG00000018669
ENSG00000105641	SLC5A5	ENSMUSG00000000792	ENSRNOG00000018822
ENSG00000105642	KCNN1	ENSMUSG00000002908	ENSRNOG00000029264
ENSG00000105643	ARRDC2	ENSMUSG00000002910	ENSRNOG00000019009
ENSG00000105647	PIK3R2	ENSMUSG00000031834	ENSRNOG00000019228
ENSG00000105649	RAB3A	ENSMUSG00000031840	ENSRNOG00000019433
ENSG00000105650	PDE4C	ENSMUSG00000031842	ENSRNOG00000019518
ENSG00000105655	ISYNA1	ENSMUSG00000019139	ENSRNOG00000019741
ENSG00000105656	ELL	ENSMUSG00000070002	ENSRNOG00000019824
ENSG00000105662	CRTC1	ENSMUSG00000003575	ENSRNOG00000022421
ENSG00000105664	COMP	ENSMUSG00000031849	ENSRNOG00000048472
ENSG00000105668	UPK1A	ENSMUSG00000006313	ENSRNOG00000024331
ENSG00000105669	COPE	ENSMUSG00000055681	ENSRNOG00000020178
ENSG00000105671	DDX49	ENSMUSG00000057788	ENSRNOG00000022368
ENSG00000105672	ETV2	ENSMUSG00000006311	ENSRNOG00000024288
ENSG00000105675	ATP4A	ENSMUSG00000005553	ENSRNOG00000020985
ENSG00000105676	ARMC6	ENSMUSG00000002343	ENSRNOG00000020280
ENSG00000105677	TMEM147	ENSMUSG00000006315	ENSRNOG00000021006
ENSG00000105679	GAPDHS	ENSMUSG00000061099	ENSRNOG00000021009
ENSG00000105695	MAG	ENSMUSG00000036634	ENSRNOG00000021023
ENSG00000105696	TMEM59L	ENSMUSG00000035964	ENSRNOG00000022432
ENSG00000105698	USF2	ENSMUSG00000058239	ENSRNOG00000053725
ENSG00000105699	LSR	ENSMUSG00000001247	ENSRNOG00000021053
ENSG00000105700	KXD1	ENSMUSG00000055553	ENSRNOG00000019971
ENSG00000105701	FKBP8	ENSMUSG00000019428	ENSRNOG00000058359
ENSG00000105705	SUGP1	ENSMUSG00000011306	ENSRNOG00000052111
ENSG00000105707	HPN	ENSMUSG00000001249	ENSRNOG00000021097
ENSG00000105711	SCN1B	ENSMUSG00000019194	ENSRNOG00000021102
ENSG00000105717	PBX4	ENSMUSG00000031860	ENSRNOG00000010736
ENSG00000105722	ERF	ENSMUSG00000040857	ENSRNOG00000020426
ENSG00000105723	GSK3A	ENSMUSG00000057177	ENSRNOG00000020417
ENSG00000105726	ATP13A1	ENSMUSG00000031862	ENSRNOG00000010776
ENSG00000105732	ZNF574	ENSMUSG00000045252	ENSRNOG00000055761
ENSG00000105737	GRIK5	ENSMUSG00000003378	ENSRNOG00000020310
ENSG00000105738	SIPA1L3	ENSMUSG00000030583	ENSRNOG00000020703
ENSG00000105755	ETHE1	ENSMUSG00000064254	ENSRNOG00000019982
ENSG00000105767	CADM4	ENSMUSG00000054793	ENSRNOG00000024243
ENSG00000105771	SMG9	ENSMUSG00000002210	ENSRNOG00000019596
ENSG00000105778	AVL9	ENSMUSG00000029787	ENSRNOG00000013314
ENSG00000105784	RUNDC3B	ENSMUSG00000040570	ENSRNOG00000008463
ENSG00000105792	CFAP69	ENSMUSG00000040473	ENSRNOG00000006114
ENSG00000105793	GTPBP10	ENSMUSG00000040464	ENSRNOG00000007098
ENSG00000105810	CDK6	ENSMUSG00000040274	ENSRNOG00000009258
ENSG00000105819	PMPCB	ENSMUSG00000029017	ENSRNOG00000012693
ENSG00000105821	DNAJC2	ENSMUSG00000029014	ENSRNOG00000012392
ENSG00000105825	TFPI2	ENSMUSG00000029664	ENSRNOG00000010513
ENSG00000105835	NAMPT	ENSMUSG00000020572	ENSRNOG00000009754
ENSG00000105849	POLR1F	ENSMUSG00000020561	ENSRNOG00000010750
ENSG00000105851	PIK3CG	ENSMUSG00000020573	ENSRNOG00000009385
ENSG00000105852	PON3	ENSMUSG00000029759	ENSRNOG00000009096
ENSG00000105854	PON2	ENSMUSG00000032667	ENSRNOG00000009112
ENSG00000105855	ITGB8	ENSMUSG00000025321	ENSRNOG00000006569
ENSG00000105856	HBP1	ENSMUSG00000002996	ENSRNOG00000008927
ENSG00000105865	DUS4L	ENSMUSG00000020648	ENSRNOG00000008155
ENSG00000105866	SP4	ENSMUSG00000025323	ENSRNOG00000005472
ENSG00000105875	WDR91	ENSMUSG00000058486	ENSRNOG00000010421
ENSG00000105877	DNAH11	ENSMUSG00000018581	ENSRNOG00000005451
ENSG00000105879	CBLL1	ENSMUSG00000020659	ENSRNOG00000007253
ENSG00000105880	DLX5	ENSMUSG00000029755	ENSRNOG00000010905
ENSG00000105887	MTPN	ENSMUSG00000029840	ENSRNOG00000011857
ENSG00000105894	PTN	ENSMUSG00000029838	ENSRNOG00000011946
ENSG00000105926	PALS2	ENSMUSG00000038388	ENSRNOG00000021579
ENSG00000105928	GSDME	ENSMUSG00000029821	ENSRNOG00000009970
ENSG00000105929	ATP6V0A4	ENSMUSG00000038600	ENSRNOG00000013428
ENSG00000105939	ZC3HAV1	ENSMUSG00000029826	ENSRNOG00000013948
ENSG00000105948	IFT56	ENSMUSG00000056832	ENSRNOG00000027617
ENSG00000105953	OGDH	ENSMUSG00000020456	ENSRNOG00000005130
ENSG00000105954	NPVF	ENSMUSG00000029831	ENSRNOG00000010806
ENSG00000105963	ADAP1	ENSMUSG00000056413	ENSRNOG00000054033
ENSG00000105967	TFEC	ENSMUSG00000029553	ENSRNOG00000061595
ENSG00000105971	CAV2	ENSMUSG00000000058	ENSRNOG00000057713
ENSG00000105974	CAV1	ENSMUSG00000007655	ENSRNOG00000056836
ENSG00000105976	MET	ENSMUSG00000009376	ENSRNOG00000052745
ENSG00000105982	RNF32	ENSMUSG00000029130	ENSRNOG00000005691
ENSG00000105983	LMBR1	ENSMUSG00000010721	ENSRNOG00000059589
ENSG00000105989	WNT2	ENSMUSG00000010797	ENSRNOG00000089988
ENSG00000105991	HOXA1	ENSMUSG00000029844	ENSRNOG00000005628
ENSG00000105996	HOXA2	ENSMUSG00000014704	ENSRNOG00000005968
ENSG00000105997	HOXA3	ENSMUSG00000079560	ENSRNOG00000006281
ENSG00000106003	LFNG	ENSMUSG00000029570	ENSRNOG00000001250
ENSG00000106004	HOXA5	ENSMUSG00000038253	ENSRNOG00000047951
ENSG00000106009	BRAT1	ENSMUSG00000000148	ENSRNOG00000001236
ENSG00000106018	VIPR2	ENSMUSG00000011171	ENSRNOG00000004317
ENSG00000106025	TSPAN12	ENSMUSG00000029669	ENSRNOG00000059016
ENSG00000106028	SSBP1	ENSMUSG00000029911	ENSRNOG00000012100
ENSG00000106031	HOXA13	ENSMUSG00000038203	ENSRNOG00000057061
ENSG00000106034	CPED1	ENSMUSG00000062980	ENSRNOG00000021840
ENSG00000106038	EVX1	ENSMUSG00000005503	ENSRNOG00000046734
ENSG00000106049	HIBADH	ENSMUSG00000029776	ENSRNOG00000008063
ENSG00000106052	TAX1BP1	ENSMUSG00000004535	ENSRNOG00000008393
ENSG00000106066	CPVL	ENSMUSG00000052955	ENSRNOG00000009172
ENSG00000106069	CHN2	ENSMUSG00000004633	ENSRNOG00000009411
ENSG00000106070	GRB10	ENSMUSG00000020176	ENSRNOG00000004290
ENSG00000106077	ABHD11	ENSMUSG00000040532	ENSRNOG00000018910
ENSG00000106078	COBL	ENSMUSG00000020173	ENSRNOG00000004281
ENSG00000106080	FKBP14	ENSMUSG00000038074	ENSRNOG00000009886
ENSG00000106086	PLEKHA8	ENSMUSG00000005225	ENSRNOG00000009971
ENSG00000106089	STX1A	ENSMUSG00000007207	ENSRNOG00000029165
ENSG00000106100	NOD1	ENSMUSG00000038058	ENSRNOG00000010629
ENSG00000106105	GARS1	ENSMUSG00000029777	ENSRNOG00000011052
ENSG00000106113	CRHR2	ENSMUSG00000003476	ENSRNOG00000011145
ENSG00000106123	EPHB6	ENSMUSG00000029869	ENSRNOG00000014367
ENSG00000106125	MINDY4	ENSMUSG00000038022	ENSRNOG00000011530
ENSG00000106128	GHRHR	ENSMUSG00000004654	ENSRNOG00000011808
ENSG00000106144	CASP2	ENSMUSG00000029863	ENSRNOG00000016707
ENSG00000106211	HSPB1	ENSMUSG00000004951	ENSRNOG00000023546
ENSG00000106236	NPTX2	ENSMUSG00000059991	ENSRNOG00000001006
ENSG00000106244	PDAP1	ENSMUSG00000029623	ENSRNOG00000000990
ENSG00000106245	BUD31	ENSMUSG00000038722	ENSRNOG00000000989
ENSG00000106246	PTCD1	ENSMUSG00000029624	ENSRNOG00000000987
ENSG00000106261	ZKSCAN1	ENSMUSG00000029729	ENSRNOG00000001335
ENSG00000106263	EIF3B	ENSMUSG00000056076	ENSRNOG00000001253
ENSG00000106266	SNX8	ENSMUSG00000029560	ENSRNOG00000001258
ENSG00000106268	NUDT1	ENSMUSG00000036639	ENSRNOG00000001260
ENSG00000106278	PTPRZ1	ENSMUSG00000068748	ENSRNOG00000006030
ENSG00000106290	TAF6	ENSMUSG00000036980	ENSRNOG00000001355
ENSG00000106299	WASL	ENSMUSG00000029684	ENSRNOG00000006975
ENSG00000106302	HYAL4	ENSMUSG00000029680	ENSRNOG00000007212
ENSG00000106305	AIMP2	ENSMUSG00000029610	ENSRNOG00000001044
ENSG00000106327	TFR2	ENSMUSG00000029716	ENSRNOG00000001407
ENSG00000106328	FSCN3	ENSMUSG00000029707	ENSRNOG00000007942
ENSG00000106330	MOSPD3	ENSMUSG00000037221	ENSRNOG00000001396
ENSG00000106331	PAX4	ENSMUSG00000029706	ENSRNOG00000008020
ENSG00000106333	PCOLCE	ENSMUSG00000029718	ENSRNOG00000025001
ENSG00000106336	FBXO24	ENSMUSG00000089984	ENSRNOG00000024922
ENSG00000106341	PPP1R17	ENSMUSG00000002930	ENSRNOG00000012235
ENSG00000106344	RBM28	ENSMUSG00000029701	ENSRNOG00000005468
ENSG00000106346	USP42	ENSMUSG00000051306	ENSRNOG00000001059
ENSG00000106348	IMPDH1	ENSMUSG00000003500	ENSRNOG00000020032
ENSG00000106351	AGFG2	ENSMUSG00000029722	ENSRNOG00000001404
ENSG00000106355	LSM5	ENSMUSG00000091625	ENSRNOG00000027305
ENSG00000106366	SERPINE1	ENSMUSG00000037411	ENSRNOG00000001414
ENSG00000106367	AP1S1	ENSMUSG00000004849	ENSRNOG00000001415
ENSG00000106392	C1GALT1	ENSMUSG00000042460	ENSRNOG00000007804
ENSG00000106397	PLOD3	ENSMUSG00000004846	ENSRNOG00000001417
ENSG00000106399	RPA3	ENSMUSG00000012483	ENSRNOG00000037481
ENSG00000106400	ZNHIT1	ENSMUSG00000059518	ENSRNOG00000001418
ENSG00000106404	CLDN15	ENSMUSG00000001739	ENSRNOG00000001419
ENSG00000106410	NOBOX	ENSMUSG00000029736	ENSRNOG00000025720
ENSG00000106415	GLCCI1	ENSMUSG00000029638	ENSRNOG00000076831
ENSG00000106436	MYL10	ENSMUSG00000005474	ENSRNOG00000028981
ENSG00000106443	PHF14	ENSMUSG00000029629	ENSRNOG00000005775
ENSG00000106459	NRF1	ENSMUSG00000058440	ENSRNOG00000008752
ENSG00000106460	TMEM106B	ENSMUSG00000029571	ENSRNOG00000006206
ENSG00000106462	EZH2	ENSMUSG00000029687	ENSRNOG00000006048
ENSG00000106477	CEP41	ENSMUSG00000029790	ENSRNOG00000010950
ENSG00000106483	SFRP4	ENSMUSG00000021319	ENSRNOG00000054957
ENSG00000106484	MEST	ENSMUSG00000051855	ENSRNOG00000048088
ENSG00000106511	MEOX2	ENSMUSG00000036144	ENSRNOG00000006588
ENSG00000106524	ANKMY2	ENSMUSG00000036188	ENSRNOG00000005623
ENSG00000106536	POU6F2	ENSMUSG00000009734	ENSRNOG00000013237
ENSG00000106537	TSPAN13	ENSMUSG00000020577	ENSRNOG00000005046
ENSG00000106538	RARRES2	ENSMUSG00000009281	ENSRNOG00000024705
ENSG00000106541	AGR2	ENSMUSG00000020581	ENSRNOG00000005023
ENSG00000106546	AHR	ENSMUSG00000019256	ENSRNOG00000004342
ENSG00000106554	CHCHD3	ENSMUSG00000053768	ENSRNOG00000013211
ENSG00000106565	TMEM176B	ENSMUSG00000029810	ENSRNOG00000008465
ENSG00000106571	GLI3	ENSMUSG00000021318	ENSRNOG00000014395
ENSG00000106588	PSMA2	ENSMUSG00000015671	ENSRNOG00000049920
ENSG00000106591	MRPL32	ENSMUSG00000015672	ENSRNOG00000015989
ENSG00000106605	BLVRA	ENSMUSG00000001999	ENSRNOG00000011778
ENSG00000106608	URGCP	ENSMUSG00000049680	ENSRNOG00000012184
ENSG00000106609	TMEM248	ENSMUSG00000053094	ENSRNOG00000000893
ENSG00000106615	RHEB	ENSMUSG00000028945	ENSRNOG00000050578
ENSG00000106617	PRKAG2	ENSMUSG00000028944	ENSRNOG00000009085
ENSG00000106624	AEBP1	ENSMUSG00000020473	ENSRNOG00000013720
ENSG00000106628	POLD2	ENSMUSG00000020471	ENSRNOG00000014098
ENSG00000106631	MYL7	ENSMUSG00000020469	ENSRNOG00000014409
ENSG00000106633	GCK	ENSMUSG00000041798	ENSRNOG00000061527
ENSG00000106635	BCL7B	ENSMUSG00000029681	ENSRNOG00000032705
ENSG00000106636	YKT6	ENSMUSG00000002741	ENSRNOG00000014785
ENSG00000106638	TBL2	ENSMUSG00000005374	ENSRNOG00000046252
ENSG00000106648	GALNTL5	ENSMUSG00000028938	ENSRNOG00000040301
ENSG00000106665	CLIP2	ENSMUSG00000063146	ENSRNOG00000021611
ENSG00000106682	EIF4H	ENSMUSG00000040731	ENSRNOG00000001454
ENSG00000106683	LIMK1	ENSMUSG00000029674	ENSRNOG00000001470
ENSG00000106686	SPATA6L	ENSMUSG00000064202	ENSRNOG00000015137
ENSG00000106688	SLC1A1	ENSMUSG00000024935	ENSRNOG00000014816
ENSG00000106689	LHX2	ENSMUSG00000000247	ENSRNOG00000010551
ENSG00000106692	FKTN	ENSMUSG00000028414	ENSRNOG00000028129
ENSG00000106701	FSD1L	ENSMUSG00000054752	ENSRNOG00000059876
ENSG00000106733	NMRK1	ENSMUSG00000037847	ENSRNOG00000012665
ENSG00000106771	TMEM245	ENSMUSG00000055296	ENSRNOG00000026271
ENSG00000106772	PRUNE2	ENSMUSG00000039126	ENSRNOG00000015088
ENSG00000106780	MEGF9	ENSMUSG00000039270	ENSRNOG00000005932
ENSG00000106785	TRIM14	ENSMUSG00000039853	ENSRNOG00000008922
ENSG00000106789	CORO2A	ENSMUSG00000028337	ENSRNOG00000008901
ENSG00000106799	TGFBR1	ENSMUSG00000007613	ENSRNOG00000007036
ENSG00000106803	SEC61B	ENSMUSG00000053317	ENSRNOG00000086213
ENSG00000106804	C5	ENSMUSG00000026874	ENSRNOG00000018899
ENSG00000106809	OGN	ENSMUSG00000021390	ENSRNOG00000029792
ENSG00000106819	ASPN	ENSMUSG00000021388	ENSRNOG00000015410
ENSG00000106823	ECM2	ENSMUSG00000043631	ENSRNOG00000031716
ENSG00000106829	TLE4	ENSMUSG00000024642	ENSRNOG00000013239
ENSG00000106852	LHX6	ENSMUSG00000026890	ENSRNOG00000005996
ENSG00000106853	PTGR1	ENSMUSG00000028378	ENSRNOG00000015072
ENSG00000106868	SUSD1	ENSMUSG00000038578	ENSRNOG00000056819
ENSG00000106927	AMBP	ENSMUSG00000028356	ENSRNOG00000006889
ENSG00000106948	AKNA	ENSMUSG00000039158	ENSRNOG00000008005
ENSG00000106952	TNFSF8	ENSMUSG00000028362	ENSRNOG00000048321
ENSG00000106976	DNM1	ENSMUSG00000026825	ENSRNOG00000033835
ENSG00000106991	ENG	ENSMUSG00000026814	ENSRNOG00000050190
ENSG00000106992	AK1	ENSMUSG00000026817	ENSRNOG00000049056
ENSG00000106993	CDC37L1	ENSMUSG00000024780	ENSRNOG00000010967
ENSG00000107020	PLGRKT	ENSMUSG00000016495	ENSRNOG00000015932
ENSG00000107021	TBC1D13	ENSMUSG00000039678	ENSRNOG00000015970
ENSG00000107036	RIC1	ENSMUSG00000038658	ENSRNOG00000016172
ENSG00000107077	KDM4C	ENSMUSG00000028397	ENSRNOG00000006644
ENSG00000107099	DOCK8	ENSMUSG00000052085	ENSRNOG00000015894
ENSG00000107104	KANK1	ENSMUSG00000032702	ENSRNOG00000016023
ENSG00000107105	ELAVL2	ENSMUSG00000008489	ENSRNOG00000006853
ENSG00000107140	TESK1	ENSMUSG00000028458	ENSRNOG00000053729
ENSG00000107147	KCNT1	ENSMUSG00000058740	ENSRNOG00000017283
ENSG00000107159	CA9	ENSMUSG00000028463	ENSRNOG00000017073
ENSG00000107164	FUBP3	ENSMUSG00000026843	ENSRNOG00000009139
ENSG00000107165	TYRP1	ENSMUSG00000005994	ENSRNOG00000029318
ENSG00000107175	CREB3	ENSMUSG00000028466	ENSRNOG00000016452
ENSG00000107185	RGP1	ENSMUSG00000028468	ENSRNOG00000016309
ENSG00000107186	MPDZ	ENSMUSG00000028402	ENSRNOG00000007894
ENSG00000107187	LHX3	ENSMUSG00000026934	ENSRNOG00000018427
ENSG00000107201	RIGI	ENSMUSG00000040296	ENSRNOG00000006384
ENSG00000107223	EDF1	ENSMUSG00000015092	ENSRNOG00000084601
ENSG00000107242	PIP5K1B	ENSMUSG00000024867	ENSRNOG00000015232
ENSG00000107249	GLIS3	ENSMUSG00000052942	ENSRNOG00000014768
ENSG00000107262	BAG1	ENSMUSG00000028416	ENSRNOG00000008277
ENSG00000107263	RAPGEF1	ENSMUSG00000039844	ENSRNOG00000014316
ENSG00000107281	NPDC1	ENSMUSG00000015094	ENSRNOG00000090761
ENSG00000107282	APBA1	ENSMUSG00000024897	ENSRNOG00000014928
ENSG00000107290	SETX	ENSMUSG00000043535	ENSRNOG00000013491
ENSG00000107295	SH3GL2	ENSMUSG00000028488	ENSRNOG00000006761
ENSG00000107317	PTGDS	ENSMUSG00000015090	ENSRNOG00000015550
ENSG00000107331	ABCA2	ENSMUSG00000026944	ENSRNOG00000014268
ENSG00000107338	SHB	ENSMUSG00000044813	ENSRNOG00000011503
ENSG00000107341	UBE2R2	ENSMUSG00000036241	ENSRNOG00000010727
ENSG00000107362	ABHD17B	ENSMUSG00000047368	ENSRNOG00000012514
ENSG00000107371	EXOSC3	ENSMUSG00000028322	ENSRNOG00000012409
ENSG00000107372	ZFAND5	ENSMUSG00000024750	ENSRNOG00000018107
ENSG00000107404	DVL1	ENSMUSG00000029071	ENSRNOG00000019423
ENSG00000107438	PDLIM1	ENSMUSG00000055044	ENSRNOG00000016166
ENSG00000107443	CCNJ	ENSMUSG00000025010	ENSRNOG00000076838
ENSG00000107447	DNTT	ENSMUSG00000025014	ENSRNOG00000013615
ENSG00000107485	GATA3	ENSMUSG00000015619	ENSRNOG00000019336
ENSG00000107518	ATRNL1	ENSMUSG00000054843	ENSRNOG00000017406
ENSG00000107521	HPS1	ENSMUSG00000025188	ENSRNOG00000045838
ENSG00000107537	PHYH	ENSMUSG00000026664	ENSRNOG00000018044
ENSG00000107551	RASSF4	ENSMUSG00000042129	ENSRNOG00000013526
ENSG00000107554	DNMBP	ENSMUSG00000025195	ENSRNOG00000050742
ENSG00000107560	RAB11FIP2	ENSMUSG00000040022	ENSRNOG00000009523
ENSG00000107562	CXCL12	ENSMUSG00000061353	ENSRNOG00000013589
ENSG00000107566	ERLIN1	ENSMUSG00000025198	ENSRNOG00000012911
ENSG00000107581	EIF3A	ENSMUSG00000024991	ENSRNOG00000010117
ENSG00000107593	PKD2L1	ENSMUSG00000037578	ENSRNOG00000012591
ENSG00000107611	CUBN	ENSMUSG00000026726	ENSRNOG00000029047
ENSG00000107614	TRDMT1	ENSMUSG00000026723	ENSRNOG00000026132
ENSG00000107625	DDX50	ENSMUSG00000020076	ENSRNOG00000000396
ENSG00000107643	MAPK8	ENSMUSG00000021936	ENSRNOG00000020155
ENSG00000107651	SEC23IP	ENSMUSG00000055319	ENSRNOG00000020411
ENSG00000107669	ATE1	ENSMUSG00000030850	ENSRNOG00000024414
ENSG00000107672	NSMCE4A	ENSMUSG00000040331	ENSRNOG00000020452
ENSG00000107679	PLEKHA1	ENSMUSG00000040268	ENSRNOG00000020497
ENSG00000107719	PALD1	ENSMUSG00000020092	ENSRNOG00000000561
ENSG00000107731	UNC5B	ENSMUSG00000020099	ENSRNOG00000000567
ENSG00000107736	CDH23	ENSMUSG00000012819	ENSRNOG00000033087
ENSG00000107742	SPOCK2	ENSMUSG00000058297	ENSRNOG00000061544
ENSG00000107745	MICU1	ENSMUSG00000020111	ENSRNOG00000043436
ENSG00000107758	PPP3CB	ENSMUSG00000021816	ENSRNOG00000054782
ENSG00000107771	CCSER2	ENSMUSG00000058690	ENSRNOG00000022781
ENSG00000107779	BMPR1A	ENSMUSG00000021796	ENSRNOG00000052469
ENSG00000107796	ACTA2	ENSMUSG00000035783	ENSRNOG00000058039
ENSG00000107798	LIPA	ENSMUSG00000024781	ENSRNOG00000019077
ENSG00000107807	TLX1	ENSMUSG00000025215	ENSRNOG00000016120
ENSG00000107815	TWNK	ENSMUSG00000025209	ENSRNOG00000014935
ENSG00000107816	LZTS2	ENSMUSG00000035342	ENSRNOG00000014969
ENSG00000107819	SFXN3	ENSMUSG00000025212	ENSRNOG00000015442
ENSG00000107821	KAZALD1	ENSMUSG00000025213	ENSRNOG00000016058
ENSG00000107829	FBXW4	ENSMUSG00000040913	ENSRNOG00000046211
ENSG00000107831	FGF8	ENSMUSG00000025219	ENSRNOG00000017524
ENSG00000107833	NPM3	ENSMUSG00000056209	ENSRNOG00000017622
ENSG00000107854	TNKS2	ENSMUSG00000024811	ENSRNOG00000052664
ENSG00000107862	GBF1	ENSMUSG00000025224	ENSRNOG00000026048
ENSG00000107863	ARHGAP21	ENSMUSG00000036591	ENSRNOG00000008659
ENSG00000107864	CPEB3	ENSMUSG00000039652	ENSRNOG00000020689
ENSG00000107872	FBXL15	ENSMUSG00000025226	ENSRNOG00000019509
ENSG00000107874	CUEDC2	ENSMUSG00000036748	ENSRNOG00000019574
ENSG00000107882	SUFU	ENSMUSG00000025231	ENSRNOG00000019807
ENSG00000107902	LHPP	ENSMUSG00000030946	ENSRNOG00000017097
ENSG00000107929	LARP4B	ENSMUSG00000033499	ENSRNOG00000015888
ENSG00000107938	EDRF1	ENSMUSG00000039990	ENSRNOG00000017728
ENSG00000107949	BCCIP	ENSMUSG00000030983	ENSRNOG00000018066
ENSG00000107951	MTPAP	ENSMUSG00000024234	ENSRNOG00000016578
ENSG00000107954	NEURL1	ENSMUSG00000006435	ENSRNOG00000020339
ENSG00000107957	SH3PXD2A	ENSMUSG00000053617	ENSRNOG00000089802
ENSG00000107959	PITRM1	ENSMUSG00000021193	ENSRNOG00000016511
ENSG00000107960	STN1	ENSMUSG00000042694	ENSRNOG00000020376
ENSG00000107968	MAP3K8	ENSMUSG00000024235	ENSRNOG00000016378
ENSG00000107984	DKK1	ENSMUSG00000024868	ENSRNOG00000048688
ENSG00000108001	EBF3	ENSMUSG00000010476	ENSRNOG00000016102
ENSG00000108010	GLRX3	ENSMUSG00000031068	ENSRNOG00000016227
ENSG00000108018	SORCS1	ENSMUSG00000043531	ENSRNOG00000011313
ENSG00000108021	TASOR2	ENSMUSG00000033799	ENSRNOG00000018011
ENSG00000108039	XPNPEP1	ENSMUSG00000025027	ENSRNOG00000012084
ENSG00000108055	SMC3	ENSMUSG00000024974	ENSRNOG00000014173
ENSG00000108061	SHOC2	ENSMUSG00000024976	ENSRNOG00000015339
ENSG00000108064	TFAM	ENSMUSG00000003923	ENSRNOG00000000613
ENSG00000108091	CCDC6	ENSMUSG00000048701	ENSRNOG00000024019
ENSG00000108094	CUL2	ENSMUSG00000024231	ENSRNOG00000015292
ENSG00000108100	CCNY	ENSMUSG00000024286	ENSRNOG00000018123
ENSG00000108175	ZMIZ1	ENSMUSG00000007817	ENSRNOG00000010488
ENSG00000108176	DNAJC12	ENSMUSG00000036764	ENSRNOG00000051960
ENSG00000108179	PPIF	ENSMUSG00000021868	ENSRNOG00000010558
ENSG00000108219	TSPAN14	ENSMUSG00000037824	ENSRNOG00000010813
ENSG00000108231	LGI1	ENSMUSG00000067242	ENSRNOG00000014758
ENSG00000108239	TBC1D12	ENSMUSG00000048720	ENSRNOG00000036598
ENSG00000108244	KRT23	ENSMUSG00000006777	ENSRNOG00000011907
ENSG00000108255	CRYBA1	ENSMUSG00000000724	ENSRNOG00000008700
ENSG00000108256	NUFIP2	ENSMUSG00000037857	ENSRNOG00000024964
ENSG00000108262	GIT1	ENSMUSG00000011877	ENSRNOG00000061270
ENSG00000108306	FBXL20	ENSMUSG00000020883	ENSRNOG00000083773
ENSG00000108309	RUNDC3A	ENSMUSG00000006575	ENSRNOG00000020970
ENSG00000108312	UBTF	ENSMUSG00000020923	ENSRNOG00000020937
ENSG00000108342	CSF3	ENSMUSG00000038067	ENSRNOG00000008525
ENSG00000108344	PSMD3	ENSMUSG00000017221	ENSRNOG00000028103
ENSG00000108349	CASC3	ENSMUSG00000078676	ENSRNOG00000009716
ENSG00000108352	RAPGEFL1	ENSMUSG00000038020	ENSRNOG00000027871
ENSG00000108370	RGS9	ENSMUSG00000020599	ENSRNOG00000003800
ENSG00000108375	RNF43	ENSMUSG00000034177	ENSRNOG00000007606
ENSG00000108379	WNT3	ENSMUSG00000000125	ENSRNOG00000003845
ENSG00000108381	ASPA	ENSMUSG00000020774	ENSRNOG00000019659
ENSG00000108384	RAD51C	ENSMUSG00000007646	ENSRNOG00000006661
ENSG00000108389	MTMR4	ENSMUSG00000018401	ENSRNOG00000007496
ENSG00000108395	TRIM37	ENSMUSG00000018548	ENSRNOG00000006248
ENSG00000108405	P2RX1	ENSMUSG00000020787	ENSRNOG00000017606
ENSG00000108406	DHX40	ENSMUSG00000018425	ENSRNOG00000004549
ENSG00000108423	TUBD1	ENSMUSG00000020513	ENSRNOG00000053309
ENSG00000108424	KPNB1	ENSMUSG00000001440	ENSRNOG00000009275
ENSG00000108433	GOSR2	ENSMUSG00000020946	ENSRNOG00000003506
ENSG00000108439	PNPO	ENSMUSG00000018659	ENSRNOG00000046493
ENSG00000108443	RPS6KB1	ENSMUSG00000020516	ENSRNOG00000003919
ENSG00000108465	CDK5RAP3	ENSMUSG00000018669	ENSRNOG00000048747
ENSG00000108469	RECQL5	ENSMUSG00000020752	ENSRNOG00000005107
ENSG00000108474	PIGL	ENSMUSG00000014245	ENSRNOG00000003070
ENSG00000108479	GALK1	ENSMUSG00000020766	ENSRNOG00000006359
ENSG00000108506	INTS2	ENSMUSG00000018068	ENSRNOG00000059997
ENSG00000108509	CAMTA2	ENSMUSG00000040712	ENSRNOG00000004283
ENSG00000108510	MED13	ENSMUSG00000034297	ENSRNOG00000003679
ENSG00000108515	ENO3	ENSMUSG00000060600	ENSRNOG00000004078
ENSG00000108518	PFN1	ENSMUSG00000018293	ENSRNOG00000068258
ENSG00000108523	RNF167	ENSMUSG00000040746	ENSRNOG00000003879
ENSG00000108528	SLC25A11	ENSMUSG00000014606	ENSRNOG00000003815
ENSG00000108551	RASD1	ENSMUSG00000049892	ENSRNOG00000003348
ENSG00000108556	CHRNE	ENSMUSG00000014609	ENSRNOG00000003777
ENSG00000108557	RAI1	ENSMUSG00000062115	ENSRNOG00000060615
ENSG00000108559	NUP88	ENSMUSG00000040667	ENSRNOG00000006126
ENSG00000108561	C1QBP	ENSMUSG00000018446	ENSRNOG00000006949
ENSG00000108576	SLC6A4	ENSMUSG00000020838	ENSRNOG00000003476
ENSG00000108578	BLMH	ENSMUSG00000020840	ENSRNOG00000003563
ENSG00000108582	CPD	ENSMUSG00000020841	ENSRNOG00000003873
ENSG00000108587	GOSR1	ENSMUSG00000010392	ENSRNOG00000070572
ENSG00000108588	CCDC47	ENSMUSG00000078622	ENSRNOG00000009006
ENSG00000108590	MED31	ENSMUSG00000020801	ENSRNOG00000014618
ENSG00000108591	DRG2	ENSMUSG00000020537	ENSRNOG00000055309
ENSG00000108592	FTSJ3	ENSMUSG00000020706	ENSRNOG00000009857
ENSG00000108599	AKAP10	ENSMUSG00000047804	ENSRNOG00000002899
ENSG00000108602	ALDH3A1	ENSMUSG00000019102	ENSRNOG00000002331
ENSG00000108604	SMARCD2	ENSMUSG00000078619	ENSRNOG00000010557
ENSG00000108622	ICAM2	ENSMUSG00000001029	ENSRNOG00000025143
ENSG00000108639	SYNGR2	ENSMUSG00000048277	ENSRNOG00000050547
ENSG00000108641	B9D1	ENSMUSG00000001039	ENSRNOG00000002462
ENSG00000108651	UTP6	ENSMUSG00000035575	ENSRNOG00000014209
ENSG00000108654	DDX5	ENSMUSG00000020719	ENSRNOG00000030680
ENSG00000108666	C17orf75	ENSMUSG00000057181	ENSRNOG00000000237
ENSG00000108669	CYTH1	ENSMUSG00000017132	ENSRNOG00000043381
ENSG00000108671	PSMD11	ENSMUSG00000017428	ENSRNOG00000005538
ENSG00000108679	LGALS3BP	ENSMUSG00000033880	ENSRNOG00000003217
ENSG00000108684	ASIC2	ENSMUSG00000020704	ENSRNOG00000058308
ENSG00000108688	CCL7	ENSMUSG00000035373	ENSRNOG00000000239
ENSG00000108691	CCL2	ENSMUSG00000035385	ENSRNOG00000007159
ENSG00000108733	PEX12	ENSMUSG00000018733	ENSRNOG00000009718
ENSG00000108759	KRT32	ENSMUSG00000046095	ENSRNOG00000013611
ENSG00000108771	DHX58	ENSMUSG00000017830	ENSRNOG00000018247
ENSG00000108773	KAT2A	ENSMUSG00000020918	ENSRNOG00000018364
ENSG00000108774	RAB5C	ENSMUSG00000019173	ENSRNOG00000018568
ENSG00000108784	NAGLU	ENSMUSG00000001751	ENSRNOG00000032381
ENSG00000108786	HSD17B1	ENSMUSG00000019301	ENSRNOG00000019830
ENSG00000108788	MLX	ENSMUSG00000017801	ENSRNOG00000019983
ENSG00000108797	CNTNAP1	ENSMUSG00000017167	ENSRNOG00000020277
ENSG00000108798	ABI3	ENSMUSG00000018381	ENSRNOG00000005575
ENSG00000108799	EZH1	ENSMUSG00000006920	ENSRNOG00000020336
ENSG00000108813	DLX4	ENSMUSG00000020871	ENSRNOG00000004399
ENSG00000108819	PPP1R9B	ENSMUSG00000038976	ENSRNOG00000052113
ENSG00000108821	COL1A1	ENSMUSG00000001506	ENSRNOG00000003897
ENSG00000108823	SGCA	ENSMUSG00000001508	ENSRNOG00000003998
ENSG00000108826	MRPL27	ENSMUSG00000024414	ENSRNOG00000003724
ENSG00000108828	VAT1	ENSMUSG00000034993	ENSRNOG00000020684
ENSG00000108829	LRRC59	ENSMUSG00000020869	ENSRNOG00000003524
ENSG00000108839	ALOX12	ENSMUSG00000000320	ENSRNOG00000027037
ENSG00000108840	HDAC5	ENSMUSG00000008855	ENSRNOG00000020905
ENSG00000108846	ABCC3	ENSMUSG00000020865	ENSRNOG00000002948
ENSG00000108848	LUC7L3	ENSMUSG00000020863	ENSRNOG00000002835
ENSG00000108849	PPY	ENSMUSG00000017316	ENSRNOG00000020874
ENSG00000108852	MPP2	ENSMUSG00000017314	ENSRNOG00000059683
ENSG00000108854	SMURF2	ENSMUSG00000018363	ENSRNOG00000014623
ENSG00000108878	CACNG1	ENSMUSG00000020722	ENSRNOG00000003245
ENSG00000108883	EFTUD2	ENSMUSG00000020929	ENSRNOG00000002818
ENSG00000108924	HLF	ENSMUSG00000003949	ENSRNOG00000074026
ENSG00000108932	SLC16A6	ENSMUSG00000041920	ENSRNOG00000000245
ENSG00000108946	PRKAR1A	ENSMUSG00000020612	ENSRNOG00000049876
ENSG00000108950	FAM20A	ENSMUSG00000020614	ENSRNOG00000003969
ENSG00000108953	YWHAE	ENSMUSG00000020849	ENSRNOG00000005290
ENSG00000108960	MMD	ENSMUSG00000003948	ENSRNOG00000002436
ENSG00000108963	DPH1	ENSMUSG00000078789	ENSRNOG00000071270
ENSG00000108984	MAP2K6	ENSMUSG00000020623	ENSRNOG00000004437
ENSG00000109016	DHRS7B	ENSMUSG00000042569	ENSRNOG00000005360
ENSG00000109046	WSB1	ENSMUSG00000017677	ENSRNOG00000012929
ENSG00000109047	RCVRN	ENSMUSG00000020907	ENSRNOG00000003633
ENSG00000109061	MYH1	ENSMUSG00000056328	ENSRNOG00000083924
ENSG00000109062	NHERF1	ENSMUSG00000020733	ENSRNOG00000003232
ENSG00000109063	MYH3	ENSMUSG00000020908	ENSRNOG00000046276
ENSG00000109065	NAT9	ENSMUSG00000015542	ENSRNOG00000003264
ENSG00000109066	SLC38A12	ENSMUSG00000045980	ENSRNOG00000025669
ENSG00000109072	VTN	ENSMUSG00000017344	ENSRNOG00000010031
ENSG00000109079	TNFAIP1	ENSMUSG00000017615	ENSRNOG00000009069
ENSG00000109083	IFT20	ENSMUSG00000001105	ENSRNOG00000008891
ENSG00000109084	TMEM97	ENSMUSG00000037278	ENSRNOG00000084614
ENSG00000109089	CDR2L	ENSMUSG00000050910	ENSRNOG00000025815
ENSG00000109099	PMP22	ENSMUSG00000018217	ENSRNOG00000003338
ENSG00000109101	FOXN1	ENSMUSG00000002057	ENSRNOG00000010870
ENSG00000109103	UNC119	ENSMUSG00000002058	ENSRNOG00000011060
ENSG00000109107	ALDOC	ENSMUSG00000017390	ENSRNOG00000011452
ENSG00000109111	SUPT6H	ENSMUSG00000002052	ENSRNOG00000012240
ENSG00000109113	RAB34	ENSMUSG00000002059	ENSRNOG00000023375
ENSG00000109118	PHF12	ENSMUSG00000037791	ENSRNOG00000009566
ENSG00000109132	PHOX2B	ENSMUSG00000012520	ENSRNOG00000089491
ENSG00000109133	TMEM33	ENSMUSG00000037720	ENSRNOG00000002254
ENSG00000109158	GABRA4	ENSMUSG00000029211	ENSRNOG00000002336
ENSG00000109171	SLAIN2	ENSMUSG00000036087	ENSRNOG00000002271
ENSG00000109180	OCIAD1	ENSMUSG00000029152	ENSRNOG00000002205
ENSG00000109182	CWH43	ENSMUSG00000029154	ENSRNOG00000002174
ENSG00000109184	DCUN1D4	ENSMUSG00000051674	ENSRNOG00000002152
ENSG00000109189	USP46	ENSMUSG00000054814	ENSRNOG00000002106
ENSG00000109193	SULT1E1	ENSMUSG00000029272	ENSRNOG00000001957
ENSG00000109205	ODAM	ENSMUSG00000009580	ENSRNOG00000023372
ENSG00000109220	CHIC2	ENSMUSG00000029229	ENSRNOG00000002267
ENSG00000109255	NMU	ENSMUSG00000029236	ENSRNOG00000002164
ENSG00000109265	CRACD	ENSMUSG00000036377	ENSRNOG00000002139
ENSG00000109270	LAMTOR3	ENSMUSG00000091512	ENSRNOG00000088035
ENSG00000109320	NFKB1	ENSMUSG00000028163	ENSRNOG00000023258
ENSG00000109321	AREG	ENSMUSG00000029378	ENSRNOG00000002754
ENSG00000109323	MANBA	ENSMUSG00000028164	ENSRNOG00000052247
ENSG00000109332	UBE2D3	ENSMUSG00000078578	ENSRNOG00000013741
ENSG00000109339	MAPK10	ENSMUSG00000046709	ENSRNOG00000002079
ENSG00000109381	ELF2	ENSMUSG00000037174	ENSRNOG00000010815
ENSG00000109390	NDUFC1	ENSMUSG00000037152	ENSRNOG00000089477
ENSG00000109424	UCP1	ENSMUSG00000031710	ENSRNOG00000003580
ENSG00000109436	TBC1D9	ENSMUSG00000031709	ENSRNOG00000003496
ENSG00000109445	ZNF330	ENSMUSG00000031711	ENSRNOG00000003461
ENSG00000109452	INPP4B	ENSMUSG00000037940	ENSRNOG00000018382
ENSG00000109458	GAB1	ENSMUSG00000031714	ENSRNOG00000017879
ENSG00000109466	KLHL2	ENSMUSG00000031605	ENSRNOG00000029441
ENSG00000109471	IL2	ENSMUSG00000027720	ENSRNOG00000017348
ENSG00000109472	CPE	ENSMUSG00000037852	ENSRNOG00000043387
ENSG00000109475	RPL34	ENSMUSG00000062006	ENSRNOG00000038045
ENSG00000109501	WFS1	ENSMUSG00000039474	ENSRNOG00000005108
ENSG00000109511	ANXA10	ENSMUSG00000031635	ENSRNOG00000014339
ENSG00000109519	GRPEL1	ENSMUSG00000029198	ENSRNOG00000006593
ENSG00000109534	GAR1	ENSMUSG00000028010	ENSRNOG00000061146
ENSG00000109536	FRG1	ENSMUSG00000031590	ENSRNOG00000000964
ENSG00000109572	CLCN3	ENSMUSG00000004319	ENSRNOG00000010682
ENSG00000109576	AADAT	ENSMUSG00000057228	ENSRNOG00000011861
ENSG00000109586	GALNT7	ENSMUSG00000031608	ENSRNOG00000012037
ENSG00000109606	DHX15	ENSMUSG00000029169	ENSRNOG00000003844
ENSG00000109610	SOD3	ENSMUSG00000072941	ENSRNOG00000003869
ENSG00000109618	SEPSECS	ENSMUSG00000029173	ENSRNOG00000049244
ENSG00000109625	CPZ	ENSMUSG00000036596	ENSRNOG00000008947
ENSG00000109654	TRIM2	ENSMUSG00000027993	ENSRNOG00000010124
ENSG00000109667	SLC2A9	ENSMUSG00000005107	ENSRNOG00000005302
ENSG00000109670	FBXW7	ENSMUSG00000028086	ENSRNOG00000010889
ENSG00000109674	NEIL3	ENSMUSG00000039396	ENSRNOG00000011688
ENSG00000109680	TBC1D19	ENSMUSG00000039178	ENSRNOG00000003003
ENSG00000109684	CLNK	ENSMUSG00000039315	ENSRNOG00000051169
ENSG00000109685	NSD2	ENSMUSG00000057406	ENSRNOG00000038140
ENSG00000109686	SH3D19	ENSMUSG00000028082	ENSRNOG00000011752
ENSG00000109689	STIM2	ENSMUSG00000039156	ENSRNOG00000002956
ENSG00000109705	NKX3-2	ENSMUSG00000049691	ENSRNOG00000076257
ENSG00000109736	SLC75A1	ENSMUSG00000001082	ENSRNOG00000012534
ENSG00000109738	GLRB	ENSMUSG00000028020	ENSRNOG00000010199
ENSG00000109743	BST1	ENSMUSG00000029082	ENSRNOG00000003064
ENSG00000109756	RAPGEF2	ENSMUSG00000062232	ENSRNOG00000021581
ENSG00000109758	HGFAC	ENSMUSG00000029102	ENSRNOG00000009572
ENSG00000109762	SNX25	ENSMUSG00000038291	ENSRNOG00000011116
ENSG00000109771	LRP2BP	ENSMUSG00000031637	ENSRNOG00000011178
ENSG00000109775	UFSP2	ENSMUSG00000031634	ENSRNOG00000012087
ENSG00000109787	KLF3	ENSMUSG00000029178	ENSRNOG00000002163
ENSG00000109790	KLHL5	ENSMUSG00000054920	ENSRNOG00000008421
ENSG00000109794	FAM149A	ENSMUSG00000070044	ENSRNOG00000021693
ENSG00000109805	NCAPG	ENSMUSG00000015880	ENSRNOG00000038572
ENSG00000109814	UGDH	ENSMUSG00000029201	ENSRNOG00000002643
ENSG00000109819	PPARGC1A	ENSMUSG00000029167	ENSRNOG00000004473
ENSG00000109832	DDX25	ENSMUSG00000032101	ENSRNOG00000012260
ENSG00000109846	CRYAB	ENSMUSG00000032060	ENSRNOG00000010524
ENSG00000109851	DBX1	ENSMUSG00000030507	ENSRNOG00000014706
ENSG00000109854	HTATIP2	ENSMUSG00000039745	ENSRNOG00000022189
ENSG00000109861	CTSC	ENSMUSG00000030560	ENSRNOG00000016496
ENSG00000109881	CCDC34	ENSMUSG00000027160	ENSRNOG00000005902
ENSG00000109906	ZBTB16	ENSMUSG00000066687	ENSRNOG00000029980
ENSG00000109917	ZPR1	ENSMUSG00000032078	ENSRNOG00000018481
ENSG00000109919	MTCH2	ENSMUSG00000027282	ENSRNOG00000058658
ENSG00000109920	FNBP4	ENSMUSG00000008200	ENSRNOG00000007241
ENSG00000109927	TECTA	ENSMUSG00000037705	ENSRNOG00000031126
ENSG00000109929	SC5D	ENSMUSG00000032018	ENSRNOG00000065944
ENSG00000109943	CRTAM	ENSMUSG00000032021	ENSRNOG00000008153
ENSG00000109944	JHY	ENSMUSG00000032023	ENSRNOG00000008138
ENSG00000109956	B3GAT1	ENSMUSG00000045994	ENSRNOG00000007142
ENSG00000109991	P2RX3	ENSMUSG00000027071	ENSRNOG00000008552
ENSG00000110011	DNAJC4	ENSMUSG00000024963	ENSRNOG00000043060
ENSG00000110013	SIAE	ENSMUSG00000001942	ENSRNOG00000031266
ENSG00000110025	SNX15	ENSMUSG00000024787	ENSRNOG00000021007
ENSG00000110031	LPXN	ENSMUSG00000024696	ENSRNOG00000012611
ENSG00000110042	DTX4	ENSMUSG00000039982	ENSRNOG00000021086
ENSG00000110046	ATG2A	ENSMUSG00000024773	ENSRNOG00000060707
ENSG00000110047	EHD1	ENSMUSG00000024772	ENSRNOG00000043503
ENSG00000110048	OSBP	ENSMUSG00000024687	ENSRNOG00000021057
ENSG00000110057	UNC93B1	ENSMUSG00000036908	ENSRNOG00000017703
ENSG00000110060	PUS3	ENSMUSG00000032103	ENSRNOG00000012994
ENSG00000110063	DCPS	ENSMUSG00000032040	ENSRNOG00000072197
ENSG00000110066	KMT5B	ENSMUSG00000045098	ENSRNOG00000016790
ENSG00000110074	FOXRED1	ENSMUSG00000039048	ENSRNOG00000060379
ENSG00000110075	PPP6R3	ENSMUSG00000024908	ENSRNOG00000015540
ENSG00000110076	NRXN2	ENSMUSG00000033768	ENSRNOG00000021103
ENSG00000110080	ST3GAL4	ENSMUSG00000032038	ENSRNOG00000009850
ENSG00000110090	CPT1A	ENSMUSG00000024900	ENSRNOG00000014254
ENSG00000110092	CCND1	ENSMUSG00000070348	ENSRNOG00000020918
ENSG00000110104	CCDC86	ENSMUSG00000024732	ENSRNOG00000020925
ENSG00000110107	PRPF19	ENSMUSG00000024735	ENSRNOG00000020897
ENSG00000110108	TMEM109	ENSMUSG00000034659	ENSRNOG00000028017
ENSG00000110148	CCKBR	ENSMUSG00000030898	ENSRNOG00000017679
ENSG00000110169	HPX	ENSMUSG00000030895	ENSRNOG00000018257
ENSG00000110171	TRIM3	ENSMUSG00000036989	ENSRNOG00000018356
ENSG00000110172	CHORDC1	ENSMUSG00000001774	ENSRNOG00000026643
ENSG00000110195	FOLR1	ENSMUSG00000001827	ENSRNOG00000019902
ENSG00000110200	ANAPC15	ENSMUSG00000030649	ENSRNOG00000019936
ENSG00000110218	PANX1	ENSMUSG00000031934	ENSRNOG00000010060
ENSG00000110237	ARHGEF17	ENSMUSG00000032875	ENSRNOG00000053502
ENSG00000110243	APOA5	ENSMUSG00000032079	ENSRNOG00000018436
ENSG00000110244	APOA4	ENSMUSG00000032080	ENSRNOG00000055909
ENSG00000110245	APOC3	ENSMUSG00000032081	ENSRNOG00000047503
ENSG00000110274	CEP164	ENSMUSG00000043987	ENSRNOG00000029826
ENSG00000110315	RNF141	ENSMUSG00000030788	ENSRNOG00000079384
ENSG00000110318	CEP126	ENSMUSG00000040729	ENSRNOG00000021839
ENSG00000110324	IL10RA	ENSMUSG00000032089	ENSRNOG00000016308
ENSG00000110328	GALNT18	ENSMUSG00000038296	ENSRNOG00000017021
ENSG00000110330	BIRC2	ENSMUSG00000057367	ENSRNOG00000010602
ENSG00000110344	UBE4A	ENSMUSG00000059890	ENSRNOG00000026833
ENSG00000110367	DDX6	ENSMUSG00000032097	ENSRNOG00000053932
ENSG00000110375	UPK2	ENSMUSG00000041523	ENSRNOG00000043324
ENSG00000110395	CBL	ENSMUSG00000034342	ENSRNOG00000008444
ENSG00000110400	NECTIN1	ENSMUSG00000032012	ENSRNOG00000006403
ENSG00000110422	HIPK3	ENSMUSG00000027177	ENSRNOG00000011358
ENSG00000110427	KIAA1549L	ENSMUSG00000068373	ENSRNOG00000011132
ENSG00000110429	FBXO3	ENSMUSG00000027180	ENSRNOG00000009549
ENSG00000110435	PDHX	ENSMUSG00000010914	ENSRNOG00000006947
ENSG00000110436	SLC1A2	ENSMUSG00000005089	ENSRNOG00000005479
ENSG00000110442	COMMD9	ENSMUSG00000027163	ENSRNOG00000004755
ENSG00000110446	SLC15A3	ENSMUSG00000024737	ENSRNOG00000021644
ENSG00000110448	CD5	ENSMUSG00000024669	ENSRNOG00000020872
ENSG00000110455	ACCS	ENSMUSG00000040272	ENSRNOG00000042533
ENSG00000110492	MDK	ENSMUSG00000027239	ENSRNOG00000017560
ENSG00000110497	AMBRA1	ENSMUSG00000040506	ENSRNOG00000017422
ENSG00000110514	MADD	ENSMUSG00000040687	ENSRNOG00000012568
ENSG00000110536	PTPMT1	ENSMUSG00000063235	ENSRNOG00000009723
ENSG00000110583	NAA40	ENSMUSG00000024764	ENSRNOG00000021179
ENSG00000110619	CARS1	ENSMUSG00000010755	ENSRNOG00000020651
ENSG00000110628	SLC67A1	ENSMUSG00000000154	ENSRNOG00000020562
ENSG00000110651	CD81	ENSMUSG00000037706	ENSRNOG00000020451
ENSG00000110660	SLC35F2	ENSMUSG00000042195	ENSRNOG00000009014
ENSG00000110675	ELMOD1	ENSMUSG00000041986	ENSRNOG00000009054
ENSG00000110680	CALCA	ENSMUSG00000030669	ENSRNOG00000011130
ENSG00000110693	SOX6	ENSMUSG00000051910	ENSRNOG00000020514
ENSG00000110696	C11orf58	ENSMUSG00000030663	ENSRNOG00000053659
ENSG00000110697	PITPNM1	ENSMUSG00000024851	ENSRNOG00000018553
ENSG00000110700	RPS13	ENSMUSG00000090862	ENSRNOG00000048698
ENSG00000110711	AIP	ENSMUSG00000024847	ENSRNOG00000022289
ENSG00000110713	NUP98	ENSMUSG00000063550	ENSRNOG00000020347
ENSG00000110717	NDUFS8	ENSMUSG00000059734	ENSRNOG00000017446
ENSG00000110719	TCIRG1	ENSMUSG00000001750	ENSRNOG00000017220
ENSG00000110721	CHKA	ENSMUSG00000024843	ENSRNOG00000016791
ENSG00000110723	EXPH5	ENSMUSG00000034584	ENSRNOG00000025115
ENSG00000110756	HPS5	ENSMUSG00000014418	ENSRNOG00000055531
ENSG00000110768	GTF2H1	ENSMUSG00000006599	ENSRNOG00000012360
ENSG00000110777	POU2AF1	ENSMUSG00000032053	ENSRNOG00000011500
ENSG00000110786	PTPN5	ENSMUSG00000030854	ENSRNOG00000013981
ENSG00000110799	VWF	ENSMUSG00000001930	ENSRNOG00000019689
ENSG00000110801	PSMD9	ENSMUSG00000029440	ENSRNOG00000077689
ENSG00000110811	P3H3	ENSMUSG00000023191	ENSRNOG00000071218
ENSG00000110841	PPFIBP1	ENSMUSG00000016487	ENSRNOG00000031709
ENSG00000110844	PRPF40B	ENSMUSG00000023007	ENSRNOG00000052539
ENSG00000110848	CD69	ENSMUSG00000030156	ENSRNOG00000056783
ENSG00000110851	PRDM4	ENSMUSG00000035529	ENSRNOG00000004962
ENSG00000110871	COQ5	ENSMUSG00000041733	ENSRNOG00000001171
ENSG00000110876	SELPLG	ENSMUSG00000048163	ENSRNOG00000000699
ENSG00000110880	CORO1C	ENSMUSG00000004530	ENSRNOG00000000697
ENSG00000110881	ASIC1	ENSMUSG00000023017	ENSRNOG00000059765
ENSG00000110887	DAO	ENSMUSG00000042096	ENSRNOG00000054962
ENSG00000110888	CAPRIN2	ENSMUSG00000030309	ENSRNOG00000047319
ENSG00000110900	TSPAN11	ENSMUSG00000030351	ENSRNOG00000054360
ENSG00000110906	KCTD10	ENSMUSG00000001098	ENSRNOG00000047896
ENSG00000110911	SLC11A2	ENSMUSG00000023030	ENSRNOG00000019550
ENSG00000110917	MLEC	ENSMUSG00000048578	ENSRNOG00000064601
ENSG00000110921	MVK	ENSMUSG00000041939	ENSRNOG00000049604
ENSG00000110925	CSRNP2	ENSMUSG00000044636	ENSRNOG00000019653
ENSG00000110931	CAMKK2	ENSMUSG00000029471	ENSRNOG00000001309
ENSG00000110934	BIN2	ENSMUSG00000098112	ENSRNOG00000031930
ENSG00000110944	IL23A	ENSMUSG00000025383	ENSRNOG00000003254
ENSG00000110955	ATP5F1B	ENSMUSG00000025393	ENSRNOG00000002840
ENSG00000110975	SYT10	ENSMUSG00000063260	ENSRNOG00000014296
ENSG00000110987	BCL7A	ENSMUSG00000029438	ENSRNOG00000056017
ENSG00000111011	RSRC2	ENSMUSG00000029422	ENSRNOG00000001238
ENSG00000111012	CYP27B1	ENSMUSG00000006724	ENSRNOG00000046214
ENSG00000111046	MYF6	ENSMUSG00000035923	ENSRNOG00000004878
ENSG00000111049	MYF5	ENSMUSG00000000435	ENSRNOG00000004768
ENSG00000111052	LIN7A	ENSMUSG00000019906	ENSRNOG00000004527
ENSG00000111058	ACSS3	ENSMUSG00000035948	ENSRNOG00000004448
ENSG00000111077	TNS2	ENSMUSG00000037003	ENSRNOG00000010588
ENSG00000111087	GLI1	ENSMUSG00000025407	ENSRNOG00000025120
ENSG00000111110	PPM1H	ENSMUSG00000034613	ENSRNOG00000004314
ENSG00000111144	LTA4H	ENSMUSG00000015889	ENSRNOG00000004494
ENSG00000111145	ELK3	ENSMUSG00000008398	ENSRNOG00000004367
ENSG00000111181	SLC6A12	ENSMUSG00000030109	ENSRNOG00000013547
ENSG00000111186	WNT5B	ENSMUSG00000030170	ENSRNOG00000008168
ENSG00000111196	MAGOHB	ENSMUSG00000030188	ENSRNOG00000010316
ENSG00000111199	TRPV4	ENSMUSG00000014158	ENSRNOG00000001195
ENSG00000111203	ITFG2	ENSMUSG00000001518	ENSRNOG00000006264
ENSG00000111206	FOXM1	ENSMUSG00000001517	ENSRNOG00000005936
ENSG00000111218	PRMT8	ENSMUSG00000030350	ENSRNOG00000053804
ENSG00000111224	PARP11	ENSMUSG00000037997	ENSRNOG00000060689
ENSG00000111229	ARPC3	ENSMUSG00000029465	ENSRNOG00000008673
ENSG00000111231	GPN3	ENSMUSG00000029464	ENSRNOG00000001278
ENSG00000111237	VPS29	ENSMUSG00000029462	ENSRNOG00000001274
ENSG00000111241	FGF6	ENSMUSG00000000183	ENSRNOG00000084144
ENSG00000111245	MYL2	ENSMUSG00000013936	ENSRNOG00000030848
ENSG00000111247	RAD51AP1	ENSMUSG00000030346	ENSRNOG00000059878
ENSG00000111249	CUX2	ENSMUSG00000042589	ENSRNOG00000001259
ENSG00000111252	SH2B3	ENSMUSG00000042594	ENSRNOG00000028198
ENSG00000111254	AKAP3	ENSMUSG00000030344	ENSRNOG00000059227
ENSG00000111261	MANSC1	ENSMUSG00000032718	ENSRNOG00000028526
ENSG00000111262	KCNA1	ENSMUSG00000047976	ENSRNOG00000064052
ENSG00000111266	DUSP16	ENSMUSG00000030203	ENSRNOG00000006628
ENSG00000111269	CREBL2	ENSMUSG00000032652	ENSRNOG00000067300
ENSG00000111275	ALDH2	ENSMUSG00000029455	ENSRNOG00000073701
ENSG00000111276	CDKN1B	ENSMUSG00000003031	ENSRNOG00000007249
ENSG00000111291	GPRC5D	ENSMUSG00000030205	ENSRNOG00000008439
ENSG00000111300	NAA25	ENSMUSG00000042719	ENSRNOG00000001350
ENSG00000111305	GSG1	ENSMUSG00000030206	ENSRNOG00000008518
ENSG00000111319	SCNN1A	ENSMUSG00000030340	ENSRNOG00000019368
ENSG00000111321	LTBR	ENSMUSG00000030339	ENSRNOG00000019264
ENSG00000111325	OGFOD2	ENSMUSG00000023707	ENSRNOG00000001081
ENSG00000111331	OAS3	ENSMUSG00000032661	ENSRNOG00000059207
ENSG00000111335	OAS2	ENSMUSG00000032690	ENSRNOG00000049282
ENSG00000111339	ART4	ENSMUSG00000030217	ENSRNOG00000005670
ENSG00000111341	MGP	ENSMUSG00000030218	ENSRNOG00000005695
ENSG00000111344	RASAL1	ENSMUSG00000029602	ENSRNOG00000001374
ENSG00000111348	ARHGDIB	ENSMUSG00000030220	ENSRNOG00000005809
ENSG00000111358	GTF2H3	ENSMUSG00000029387	ENSRNOG00000001035
ENSG00000111361	EIF2B1	ENSMUSG00000029388	ENSRNOG00000001039
ENSG00000111364	DDX55	ENSMUSG00000029389	ENSRNOG00000001043
ENSG00000111371	SLC38A1	ENSMUSG00000023169	ENSRNOG00000005291
ENSG00000111404	RERGL	ENSMUSG00000092164	ENSRNOG00000008130
ENSG00000111405	ENDOU	ENSMUSG00000022468	ENSRNOG00000056446
ENSG00000111412	SPRING1	ENSMUSG00000032840	ENSRNOG00000001123
ENSG00000111424	VDR	ENSMUSG00000022479	ENSRNOG00000054420
ENSG00000111432	FZD10	ENSMUSG00000081683	ENSRNOG00000022784
ENSG00000111445	RFC5	ENSMUSG00000029363	ENSRNOG00000001134
ENSG00000111450	STX2	ENSMUSG00000029428	ENSRNOG00000000936
ENSG00000111452	ADGRD1	ENSMUSG00000044017	ENSRNOG00000023536
ENSG00000111481	COPZ1	ENSMUSG00000060992	ENSRNOG00000036835
ENSG00000111490	TBC1D30	ENSMUSG00000052302	ENSRNOG00000023951
ENSG00000111530	CAND1	ENSMUSG00000020114	ENSRNOG00000007834
ENSG00000111537	IFNG	ENSMUSG00000055170	ENSRNOG00000007468
ENSG00000111540	RAB5B	ENSMUSG00000000711	ENSRNOG00000006130
ENSG00000111554	MDM1	ENSMUSG00000020212	ENSRNOG00000007286
ENSG00000111581	NUP107	ENSMUSG00000052798	ENSRNOG00000006541
ENSG00000111596	CNOT2	ENSMUSG00000020166	ENSRNOG00000004909
ENSG00000111602	TIMELESS	ENSMUSG00000039994	ENSRNOG00000031916
ENSG00000111605	CPSF6	ENSMUSG00000055531	ENSRNOG00000005927
ENSG00000111615	KRR1	ENSMUSG00000063334	ENSRNOG00000004035
ENSG00000111639	MRPL51	ENSMUSG00000030335	ENSRNOG00000019165
ENSG00000111641	NOP2	ENSMUSG00000038279	ENSRNOG00000018453
ENSG00000111642	CHD4	ENSMUSG00000063870	ENSRNOG00000018309
ENSG00000111644	ACRBP	ENSMUSG00000072770	ENSRNOG00000017399
ENSG00000111647	BLTP3B	ENSMUSG00000019951	ENSRNOG00000050317
ENSG00000111652	COPS7A	ENSMUSG00000030127	ENSRNOG00000016778
ENSG00000111653	ING4	ENSMUSG00000030330	ENSRNOG00000023363
ENSG00000111664	GNB3	ENSMUSG00000023439	ENSRNOG00000015541
ENSG00000111665	CDCA3	ENSMUSG00000023505	ENSRNOG00000015529
ENSG00000111666	CHPT1	ENSMUSG00000060002	ENSRNOG00000058271
ENSG00000111667	USP5	ENSMUSG00000038429	ENSRNOG00000015409
ENSG00000111670	GNPTAB	ENSMUSG00000035311	ENSRNOG00000005228
ENSG00000111671	SPSB2	ENSMUSG00000038451	ENSRNOG00000015125
ENSG00000111674	ENO2	ENSMUSG00000004267	ENSRNOG00000013141
ENSG00000111676	ATN1	ENSMUSG00000004263	ENSRNOG00000060594
ENSG00000111679	PTPN6	ENSMUSG00000004266	ENSRNOG00000014294
ENSG00000111684	LPCAT3	ENSMUSG00000004270	ENSRNOG00000012269
ENSG00000111696	NT5DC3	ENSMUSG00000054027	ENSRNOG00000026793
ENSG00000111701	APOBEC1	ENSMUSG00000040613	ENSRNOG00000015411
ENSG00000111707	SUDS3	ENSMUSG00000066900	ENSRNOG00000001139
ENSG00000111711	GOLT1B	ENSMUSG00000030245	ENSRNOG00000058386
ENSG00000111713	GYS2	ENSMUSG00000030244	ENSRNOG00000059753
ENSG00000111716	LDHB	ENSMUSG00000030246	ENSRNOG00000013000
ENSG00000111725	PRKAB1	ENSMUSG00000029513	ENSRNOG00000001142
ENSG00000111726	CMAS	ENSMUSG00000030282	ENSRNOG00000013816
ENSG00000111727	HCFC2	ENSMUSG00000020246	ENSRNOG00000053510
ENSG00000111728	ST8SIA1	ENSMUSG00000030283	ENSRNOG00000014018
ENSG00000111729	CLEC4A	ENSMUSG00000049037	ENSRNOG00000042139
ENSG00000111731	C2CD5	ENSMUSG00000030279	ENSRNOG00000014382
ENSG00000111732	AICDA	ENSMUSG00000040627	ENSRNOG00000015478
ENSG00000111737	RAB35	ENSMUSG00000029518	ENSRNOG00000022014
ENSG00000111752	PHC1	ENSMUSG00000040669	ENSRNOG00000015191
ENSG00000111775	COX6A1	ENSMUSG00000041697	ENSRNOG00000001170
ENSG00000111783	RFX4	ENSMUSG00000020037	ENSRNOG00000051536
ENSG00000111785	RIC8B	ENSMUSG00000035620	ENSRNOG00000007323
ENSG00000111786	SRSF9	ENSMUSG00000029538	ENSRNOG00000001163
ENSG00000111790	FGFR1OP2	ENSMUSG00000040242	ENSRNOG00000001811
ENSG00000111799	COL12A1	ENSMUSG00000032332	ENSRNOG00000058470
ENSG00000111802	TDP2	ENSMUSG00000035958	ENSRNOG00000018246
ENSG00000111816	FRK	ENSMUSG00000019779	ENSRNOG00000000543
ENSG00000111817	DSE	ENSMUSG00000039497	ENSRNOG00000000824
ENSG00000111832	RWDD1	ENSMUSG00000019782	ENSRNOG00000042916
ENSG00000111834	RSPH4A	ENSMUSG00000039552	ENSRNOG00000049696
ENSG00000111837	MAK	ENSMUSG00000021363	ENSRNOG00000015101
ENSG00000111843	TMEM14C	ENSMUSG00000021361	ENSRNOG00000022144
ENSG00000111845	PAK1IP1	ENSMUSG00000038683	ENSRNOG00000015437
ENSG00000111846	GCNT2	ENSMUSG00000021360	ENSRNOG00000023778
ENSG00000111850	SMIM8	ENSMUSG00000028295	ENSRNOG00000023035
ENSG00000111859	NEDD9	ENSMUSG00000021365	ENSRNOG00000014548
ENSG00000111860	CEP85L	ENSMUSG00000038594	ENSRNOG00000000414
ENSG00000111863	ADTRP	ENSMUSG00000058022	ENSRNOG00000014481
ENSG00000111875	ASF1A	ENSMUSG00000019857	ENSRNOG00000000415
ENSG00000111877	MCM9	ENSMUSG00000058298	ENSRNOG00000003281
ENSG00000111879	FAM184A	ENSMUSG00000019856	ENSRNOG00000026407
ENSG00000111880	RNGTT	ENSMUSG00000028274	ENSRNOG00000007867
ENSG00000111885	MAN1A1	ENSMUSG00000003746	ENSRNOG00000000800
ENSG00000111886	GABRR2	ENSMUSG00000023267	ENSRNOG00000007490
ENSG00000111906	HDDC2	ENSMUSG00000000295	ENSRNOG00000021442
ENSG00000111907	TPD52L1	ENSMUSG00000000296	ENSRNOG00000021478
ENSG00000111911	HINT3	ENSMUSG00000019791	ENSRNOG00000014190
ENSG00000111912	NCOA7	ENSMUSG00000039697	ENSRNOG00000014004
ENSG00000111913	RIPOR2	ENSMUSG00000036006	ENSRNOG00000018804
ENSG00000111961	SASH1	ENSMUSG00000015305	ENSRNOG00000013160
ENSG00000111962	UST	ENSMUSG00000047712	ENSRNOG00000016381
ENSG00000112029	FBXO5	ENSMUSG00000019773	ENSRNOG00000024077
ENSG00000112031	MTRF1L	ENSMUSG00000019774	ENSRNOG00000018773
ENSG00000112033	PPARD	ENSMUSG00000002250	ENSRNOG00000000503
ENSG00000112038	OPRM1	ENSMUSG00000000766	ENSRNOG00000018191
ENSG00000112039	FANCE	ENSMUSG00000007570	ENSRNOG00000000504
ENSG00000112041	TULP1	ENSMUSG00000037446	ENSRNOG00000000507
ENSG00000112053	SLC26A8	ENSMUSG00000036196	ENSRNOG00000000512
ENSG00000112062	MAPK14	ENSMUSG00000053436	ENSRNOG00000000513
ENSG00000112077	RHAG	ENSMUSG00000023926	ENSRNOG00000050121
ENSG00000112078	KCTD20	ENSMUSG00000005936	ENSRNOG00000000517
ENSG00000112079	STK38	ENSMUSG00000024006	ENSRNOG00000000519
ENSG00000112081	SRSF3	ENSMUSG00000071172	ENSRNOG00000000520
ENSG00000112110	MRPL18	ENSMUSG00000057388	ENSRNOG00000014582
ENSG00000112115	IL17A	ENSMUSG00000025929	ENSRNOG00000012467
ENSG00000112116	IL17F	ENSMUSG00000041872	ENSRNOG00000012509
ENSG00000112118	MCM3	ENSMUSG00000041859	ENSRNOG00000012543
ENSG00000112137	PHACTR1	ENSMUSG00000054728	ENSRNOG00000014264
ENSG00000112139	MDGA1	ENSMUSG00000043557	ENSRNOG00000000536
ENSG00000112144	CILK1	ENSMUSG00000009828	ENSRNOG00000008691
ENSG00000112146	FBXO9	ENSMUSG00000001366	ENSRNOG00000008214
ENSG00000112149	CD83	ENSMUSG00000015396	ENSRNOG00000018092
ENSG00000112159	MDN1	ENSMUSG00000058006	ENSRNOG00000047513
ENSG00000112164	GLP1R	ENSMUSG00000024027	ENSRNOG00000001152
ENSG00000112167	SAYSD1	ENSMUSG00000045107	ENSRNOG00000088418
ENSG00000112175	BMP5	ENSMUSG00000032179	ENSRNOG00000010917
ENSG00000112182	BACH2	ENSMUSG00000040270	ENSRNOG00000006170
ENSG00000112183	RBM24	ENSMUSG00000038132	ENSRNOG00000046547
ENSG00000112186	CAP2	ENSMUSG00000021373	ENSRNOG00000043350
ENSG00000112195	TREML2	ENSMUSG00000071068	ENSRNOG00000013554
ENSG00000112200	ZNF451	ENSMUSG00000042197	ENSRNOG00000012718
ENSG00000112208	BAG2	ENSMUSG00000042215	ENSRNOG00000012709
ENSG00000112210	RAB23	ENSMUSG00000004768	ENSRNOG00000012629
ENSG00000112212	TSPO2	ENSMUSG00000023995	ENSRNOG00000050521
ENSG00000112214	FHL5	ENSMUSG00000028259	ENSRNOG00000007680
ENSG00000112218	GPR63	ENSMUSG00000040372	ENSRNOG00000007675
ENSG00000112232	KHDRBS2	ENSMUSG00000026058	ENSRNOG00000012284
ENSG00000112234	FBXL4	ENSMUSG00000040410	ENSRNOG00000005641
ENSG00000112237	CCNC	ENSMUSG00000028252	ENSRNOG00000007719
ENSG00000112238	PRDM13	ENSMUSG00000040478	ENSRNOG00000083626
ENSG00000112242	E2F3	ENSMUSG00000016477	ENSRNOG00000029273
ENSG00000112246	SIM1	ENSMUSG00000019913	ENSRNOG00000037600
ENSG00000112249	ASCC3	ENSMUSG00000038774	ENSRNOG00000037604
ENSG00000112276	POPDC1	ENSMUSG00000071317	ENSRNOG00000043199
ENSG00000112280	COL9A1	ENSMUSG00000026147	ENSRNOG00000012920
ENSG00000112282	MED23	ENSMUSG00000019984	ENSRNOG00000013422
ENSG00000112290	WASF1	ENSMUSG00000019831	ENSRNOG00000047476
ENSG00000112293	GPLD1	ENSMUSG00000021340	ENSRNOG00000017702
ENSG00000112294	ALDH5A1	ENSMUSG00000035936	ENSRNOG00000023538
ENSG00000112297	CRYBG1	ENSMUSG00000019866	ENSRNOG00000025998
ENSG00000112299	VNN1	ENSMUSG00000037440	ENSRNOG00000016219
ENSG00000112304	ACOT13	ENSMUSG00000006717	ENSRNOG00000018415
ENSG00000112305	SMAP1	ENSMUSG00000026155	ENSRNOG00000049127
ENSG00000112308	C6orf62	ENSMUSG00000019132	ENSRNOG00000018456
ENSG00000112309	B3GAT2	ENSMUSG00000026156	ENSRNOG00000046852
ENSG00000112312	GMNN	ENSMUSG00000006715	ENSRNOG00000018782
ENSG00000112319	EYA4	ENSMUSG00000010461	ENSRNOG00000016627
ENSG00000112320	SOBP	ENSMUSG00000038248	ENSRNOG00000000316
ENSG00000112333	NR2E1	ENSMUSG00000019803	ENSRNOG00000050550
ENSG00000112335	SNX3	ENSMUSG00000019804	ENSRNOG00000046705
ENSG00000112337	SLC17A2	ENSMUSG00000036110	ENSRNOG00000017180
ENSG00000112339	HBS1L	ENSMUSG00000019977	ENSRNOG00000014531
ENSG00000112357	PEX7	ENSMUSG00000020003	ENSRNOG00000012322
ENSG00000112365	ZBTB24	ENSMUSG00000019826	ENSRNOG00000000308
ENSG00000112367	FIG4	ENSMUSG00000038417	ENSRNOG00000000312
ENSG00000112378	PERP	ENSMUSG00000019851	ENSRNOG00000011994
ENSG00000112379	ARFGEF3	ENSMUSG00000019852	ENSRNOG00000011460
ENSG00000112394	SLC16A10	ENSMUSG00000019838	ENSRNOG00000000588
ENSG00000112406	HECA	ENSMUSG00000039879	ENSRNOG00000060972
ENSG00000112414	ADGRG6	ENSMUSG00000039116	ENSRNOG00000011411
ENSG00000112419	PHACTR2	ENSMUSG00000062866	ENSRNOG00000015473
ENSG00000112425	EPM2A	ENSMUSG00000055493	ENSRNOG00000040242
ENSG00000112462	OR12D3	ENSMUSG00000029184	ENSRNOG00000073887
ENSG00000112473	SLC39A7	ENSMUSG00000024327	ENSRNOG00000000465
ENSG00000112486	CCR6	ENSMUSG00000040899	ENSRNOG00000012964
ENSG00000112499	SLC22A2	ENSMUSG00000040966	ENSRNOG00000016625
ENSG00000112511	PHF1	ENSMUSG00000024193	ENSRNOG00000000480
ENSG00000112514	CUTA	ENSMUSG00000024194	ENSRNOG00000000481
ENSG00000112530	PACRG	ENSMUSG00000037196	ENSRNOG00000068261
ENSG00000112531	QKI	ENSMUSG00000062078	ENSRNOG00000048297
ENSG00000112539	C6orf118	ENSMUSG00000023873	ENSRNOG00000011243
ENSG00000112541	PDE10A	ENSMUSG00000023868	ENSRNOG00000011310
ENSG00000112559	MDFI	ENSMUSG00000032717	ENSRNOG00000014987
ENSG00000112561	TFEB	ENSMUSG00000023990	ENSRNOG00000014666
ENSG00000112562	SMOC2	ENSMUSG00000023886	ENSRNOG00000014166
ENSG00000112576	CCND3	ENSMUSG00000034165	ENSRNOG00000050258
ENSG00000112578	BYSL	ENSMUSG00000023988	ENSRNOG00000049121
ENSG00000112584	FAM120B	ENSMUSG00000014763	ENSRNOG00000058790
ENSG00000112592	TBP	ENSMUSG00000014767	ENSRNOG00000001489
ENSG00000112599	GUCA1B	ENSMUSG00000023979	ENSRNOG00000015623
ENSG00000112619	PRPH2	ENSMUSG00000023978	ENSRNOG00000068377
ENSG00000112624	BICRAL	ENSMUSG00000036568	ENSRNOG00000016229
ENSG00000112640	PPP2R5D	ENSMUSG00000059409	ENSRNOG00000016849
ENSG00000112651	MRPL2	ENSMUSG00000002767	ENSRNOG00000018057
ENSG00000112655	PTK7	ENSMUSG00000023972	ENSRNOG00000039976
ENSG00000112658	SRF	ENSMUSG00000015605	ENSRNOG00000018232
ENSG00000112659	CUL9	ENSMUSG00000040327	ENSRNOG00000018372
ENSG00000112667	DNPH1	ENSMUSG00000040658	ENSRNOG00000018397
ENSG00000112679	DUSP22	ENSMUSG00000069255	ENSRNOG00000056376
ENSG00000112685	EXOC2	ENSMUSG00000021357	ENSRNOG00000060266
ENSG00000112697	TMEM30A	ENSMUSG00000032328	ENSRNOG00000010895
ENSG00000112699	GMDS	ENSMUSG00000038372	ENSRNOG00000017605
ENSG00000112701	SENP6	ENSMUSG00000034252	ENSRNOG00000024336
ENSG00000112706	IMPG1	ENSMUSG00000032343	ENSRNOG00000012479
ENSG00000112715	VEGFA	ENSMUSG00000023951	ENSRNOG00000019598
ENSG00000112739	PRP4K	ENSMUSG00000021413	ENSRNOG00000016705
ENSG00000112742	TTK	ENSMUSG00000038379	ENSRNOG00000029055
ENSG00000112759	SLC29A1	ENSMUSG00000023942	ENSRNOG00000019752
ENSG00000112761	CCN6	ENSMUSG00000062074	ENSRNOG00000000597
ENSG00000112769	LAMA4	ENSMUSG00000019846	ENSRNOG00000000599
ENSG00000112773	TENT5A	ENSMUSG00000032265	ENSRNOG00000010240
ENSG00000112782	CLIC5	ENSMUSG00000023959	ENSRNOG00000074354
ENSG00000112787	FBRSL1	ENSMUSG00000043323	ENSRNOG00000030721
ENSG00000112796	ENPP5	ENSMUSG00000023960	ENSRNOG00000010232
ENSG00000112799	LY86	ENSMUSG00000021423	ENSRNOG00000000137
ENSG00000112812	PRSS16	ENSMUSG00000006179	ENSRNOG00000057865
ENSG00000112837	TBX18	ENSMUSG00000032419	ENSRNOG00000010685
ENSG00000112851	ERBIN	ENSMUSG00000021709	ENSRNOG00000047137
ENSG00000112852	PCDHB2	ENSMUSG00000051599	ENSRNOG00000039476
ENSG00000112855	HARS2	ENSMUSG00000019143	ENSRNOG00000016087
ENSG00000112874	NUDT12	ENSMUSG00000024228	ENSRNOG00000022576
ENSG00000112877	CEP72	ENSMUSG00000021572	ENSRNOG00000015465
ENSG00000112893	MAN2A1	ENSMUSG00000024085	ENSRNOG00000015439
ENSG00000112902	SEMA5A	ENSMUSG00000022231	ENSRNOG00000011977
ENSG00000112936	C7	ENSMUSG00000079105	ENSRNOG00000061379
ENSG00000112941	TENT4A	ENSMUSG00000034575	ENSRNOG00000017613
ENSG00000112964	GHR	ENSMUSG00000055737	ENSRNOG00000015654
ENSG00000112972	HMGCS1	ENSMUSG00000093930	ENSRNOG00000016552
ENSG00000112977	DAP	ENSMUSG00000039168	ENSRNOG00000010747
ENSG00000112981	NME5	ENSMUSG00000035984	ENSRNOG00000020118
ENSG00000112983	BRD8	ENSMUSG00000003778	ENSRNOG00000020340
ENSG00000112984	KIF20A	ENSMUSG00000003779	ENSRNOG00000024428
ENSG00000112992	NNT	ENSMUSG00000025453	ENSRNOG00000026842
ENSG00000112996	MRPS30	ENSMUSG00000021731	ENSRNOG00000012136
ENSG00000113013	HSPA9	ENSMUSG00000024359	ENSRNOG00000019525
ENSG00000113048	MRPS27	ENSMUSG00000041632	ENSRNOG00000017272
ENSG00000113068	PFDN1	ENSMUSG00000024346	ENSRNOG00000018653
ENSG00000113070	HBEGF	ENSMUSG00000024486	ENSRNOG00000018646
ENSG00000113073	SLC4A9	ENSMUSG00000024485	ENSRNOG00000018525
ENSG00000113083	LOX	ENSMUSG00000024529	ENSRNOG00000014426
ENSG00000113088	GZMK	ENSMUSG00000042385	ENSRNOG00000010661
ENSG00000113100	CDH9	ENSMUSG00000025370	ENSRNOG00000033837
ENSG00000113108	APBB3	ENSMUSG00000117679	ENSRNOG00000017849
ENSG00000113119	TMCO6	ENSMUSG00000006850	ENSRNOG00000017718
ENSG00000113140	SPARC	ENSMUSG00000018593	ENSRNOG00000012840
ENSG00000113161	HMGCR	ENSMUSG00000021670	ENSRNOG00000016122
ENSG00000113163	CERT1	ENSMUSG00000021669	ENSRNOG00000015686
ENSG00000113194	FAF2	ENSMUSG00000025873	ENSRNOG00000017607
ENSG00000113196	HAND1	ENSMUSG00000037335	ENSRNOG00000002582
ENSG00000113205	PCDHB3	ENSMUSG00000045498	ENSRNOG00000091262
ENSG00000113212	PCDHB7	ENSMUSG00000047033	ENSRNOG00000033123
ENSG00000113231	PDE8B	ENSMUSG00000021684	ENSRNOG00000010280
ENSG00000113240	CLK4	ENSMUSG00000020385	ENSRNOG00000003714
ENSG00000113248	PCDHB15	ENSMUSG00000073591	ENSRNOG00000020028
ENSG00000113262	GRM6	ENSMUSG00000000617	ENSRNOG00000000233
ENSG00000113263	ITK	ENSMUSG00000020395	ENSRNOG00000006860
ENSG00000113269	RNF130	ENSMUSG00000020376	ENSRNOG00000046330
ENSG00000113272	THG1L	ENSMUSG00000011254	ENSRNOG00000005539
ENSG00000113273	ARSB	ENSMUSG00000042082	ENSRNOG00000011150
ENSG00000113282	CLINT1	ENSMUSG00000006169	ENSRNOG00000005406
ENSG00000113296	THBS4	ENSMUSG00000021702	ENSRNOG00000012471
ENSG00000113300	CNOT6	ENSMUSG00000020362	ENSRNOG00000054891
ENSG00000113302	IL12B	ENSMUSG00000004296	ENSRNOG00000004380
ENSG00000113312	TTC1	ENSMUSG00000041278	ENSRNOG00000003980
ENSG00000113318	MSH3	ENSMUSG00000014850	ENSRNOG00000064838
ENSG00000113319	RASGRF2	ENSMUSG00000021708	ENSRNOG00000056151
ENSG00000113327	GABRG2	ENSMUSG00000020436	ENSRNOG00000003241
ENSG00000113328	CCNG1	ENSMUSG00000020326	ENSRNOG00000003256
ENSG00000113360	DROSHA	ENSMUSG00000022191	ENSRNOG00000013451
ENSG00000113361	CDH6	ENSMUSG00000039385	ENSRNOG00000013535
ENSG00000113368	LMNB1	ENSMUSG00000024590	ENSRNOG00000013774
ENSG00000113369	ARRDC3	ENSMUSG00000074794	ENSRNOG00000045649
ENSG00000113384	GOLPH3	ENSMUSG00000022200	ENSRNOG00000012186
ENSG00000113389	NPR3	ENSMUSG00000022206	ENSRNOG00000019184
ENSG00000113391	ARB2A	ENSMUSG00000064138	ENSRNOG00000013844
ENSG00000113396	SLC27A6	ENSMUSG00000024600	ENSRNOG00000058193
ENSG00000113407	TARS1	ENSMUSG00000022241	ENSRNOG00000019023
ENSG00000113430	IRX4	ENSMUSG00000021604	ENSRNOG00000012720
ENSG00000113441	LNPEP	ENSMUSG00000023845	ENSRNOG00000055229
ENSG00000113448	PDE4D	ENSMUSG00000021699	ENSRNOG00000042536
ENSG00000113456	RAD1	ENSMUSG00000022248	ENSRNOG00000018063
ENSG00000113460	BRIX1	ENSMUSG00000022247	ENSRNOG00000018021
ENSG00000113492	AGXT2	ENSMUSG00000089678	ENSRNOG00000017821
ENSG00000113494	PRLR	ENSMUSG00000005268	ENSRNOG00000057557
ENSG00000113504	SLC12A7	ENSMUSG00000017756	ENSRNOG00000016372
ENSG00000113520	IL4	ENSMUSG00000000869	ENSRNOG00000007624
ENSG00000113522	RAD50	ENSMUSG00000020380	ENSRNOG00000033065
ENSG00000113525	IL5	ENSMUSG00000036117	ENSRNOG00000008111
ENSG00000113532	ST8SIA4	ENSMUSG00000040710	ENSRNOG00000019128
ENSG00000113552	GNPDA1	ENSMUSG00000052102	ENSRNOG00000047213
ENSG00000113555	PCDH12	ENSMUSG00000024440	ENSRNOG00000019265
ENSG00000113558	SKP1	ENSMUSG00000036309	ENSRNOG00000005828
ENSG00000113569	NUP155	ENSMUSG00000022142	ENSRNOG00000013411
ENSG00000113575	PPP2CA	ENSMUSG00000020349	ENSRNOG00000001893
ENSG00000113578	FGF1	ENSMUSG00000036585	ENSRNOG00000087149
ENSG00000113580	NR3C1	ENSMUSG00000024431	ENSRNOG00000014096
ENSG00000113583	C5orf15	ENSMUSG00000036275	ENSRNOG00000006148
ENSG00000113593	PPWD1	ENSMUSG00000021713	ENSRNOG00000012505
ENSG00000113594	LIFR	ENSMUSG00000054263	ENSRNOG00000011696
ENSG00000113595	TRIM23	ENSMUSG00000021712	ENSRNOG00000012354
ENSG00000113597	TRAPPC13	ENSMUSG00000021711	ENSRNOG00000012124
ENSG00000113600	C9	ENSMUSG00000022149	ENSRNOG00000013736
ENSG00000113615	SEC24A	ENSMUSG00000036391	ENSRNOG00000004563
ENSG00000113621	TXNDC15	ENSMUSG00000021497	ENSRNOG00000000133
ENSG00000113638	TTC33	ENSMUSG00000022151	ENSRNOG00000013217
ENSG00000113643	RARS1	ENSMUSG00000018848	ENSRNOG00000007739
ENSG00000113645	WWC1	ENSMUSG00000018849	ENSRNOG00000008065
ENSG00000113648	MACROH2A1	ENSMUSG00000015937	ENSRNOG00000011523
ENSG00000113649	TCERG1	ENSMUSG00000024498	ENSRNOG00000018849
ENSG00000113657	DPYSL3	ENSMUSG00000024501	ENSRNOG00000018992
ENSG00000113658	SMAD5	ENSMUSG00000021540	ENSRNOG00000022870
ENSG00000113712	CSNK1A1	ENSMUSG00000024576	ENSRNOG00000072163
ENSG00000113716	HMGXB3	ENSMUSG00000024622	ENSRNOG00000018132
ENSG00000113719	ERGIC1	ENSMUSG00000001576	ENSRNOG00000003508
ENSG00000113721	PDGFRB	ENSMUSG00000024620	ENSRNOG00000018461
ENSG00000113722	CDX1	ENSMUSG00000024619	ENSRNOG00000060334
ENSG00000113732	ATP6V0E1	ENSMUSG00000015575	ENSRNOG00000003269
ENSG00000113734	BNIP1	ENSMUSG00000024191	ENSRNOG00000020753
ENSG00000113739	STC2	ENSMUSG00000020303	ENSRNOG00000020729
ENSG00000113742	CPEB4	ENSMUSG00000020300	ENSRNOG00000033169
ENSG00000113749	HRH2	ENSMUSG00000034987	ENSRNOG00000018260
ENSG00000113758	DBN1	ENSMUSG00000034675	ENSRNOG00000014170
ENSG00000113761	ZNF346	ENSMUSG00000021481	ENSRNOG00000016867
ENSG00000113763	UNC5A	ENSMUSG00000025876	ENSRNOG00000059840
ENSG00000113790	EHHADH	ENSMUSG00000022853	ENSRNOG00000001770
ENSG00000113805	CNTN3	ENSMUSG00000030075	ENSRNOG00000006144
ENSG00000113810	SMC4	ENSMUSG00000034349	ENSRNOG00000010274
ENSG00000113811	SELENOK	ENSMUSG00000042682	ENSRNOG00000078830
ENSG00000113812	ACTR8	ENSMUSG00000015971	ENSRNOG00000015280
ENSG00000113838	TBCCD1	ENSMUSG00000004462	ENSRNOG00000026458
ENSG00000113845	TIMMDC1	ENSMUSG00000002846	ENSRNOG00000002999
ENSG00000113851	CRBN	ENSMUSG00000005362	ENSRNOG00000006534
ENSG00000113916	BCL6	ENSMUSG00000022508	ENSRNOG00000001843
ENSG00000113924	HGD	ENSMUSG00000022821	ENSRNOG00000002701
ENSG00000113946	CLDN16	ENSMUSG00000038148	ENSRNOG00000055138
ENSG00000113966	ARL6	ENSMUSG00000022722	ENSRNOG00000001689
ENSG00000113971	NPHP3	ENSMUSG00000032558	ENSRNOG00000048978
ENSG00000114013	CD86	ENSMUSG00000022901	ENSRNOG00000038835
ENSG00000114019	AMOTL2	ENSMUSG00000032531	ENSRNOG00000008487
ENSG00000114021	NIT2	ENSMUSG00000022751	ENSRNOG00000027797
ENSG00000114026	OGG1	ENSMUSG00000030271	ENSRNOG00000052140
ENSG00000114030	KPNA1	ENSMUSG00000022905	ENSRNOG00000051711
ENSG00000114054	PCCB	ENSMUSG00000032527	ENSRNOG00000015869
ENSG00000114062	UBE3A	ENSMUSG00000025326	ENSRNOG00000015734
ENSG00000114098	ARMC8	ENSMUSG00000032468	ENSRNOG00000014521
ENSG00000114107	CEP70	ENSMUSG00000056267	ENSRNOG00000022845
ENSG00000114113	RBP2	ENSMUSG00000032454	ENSRNOG00000013794
ENSG00000114126	TFDP2	ENSMUSG00000032411	ENSRNOG00000011241
ENSG00000114127	XRN1	ENSMUSG00000032410	ENSRNOG00000042951
ENSG00000114166	KAT2B	ENSMUSG00000000708	ENSRNOG00000011871
ENSG00000114200	BCHE	ENSMUSG00000027792	ENSRNOG00000009826
ENSG00000114204	SERPINI2	ENSMUSG00000034139	ENSRNOG00000009903
ENSG00000114209	PDCD10	ENSMUSG00000027835	ENSRNOG00000010147
ENSG00000114248	LRRC31	ENSMUSG00000074653	ENSRNOG00000027971
ENSG00000114251	WNT5A	ENSMUSG00000021994	ENSRNOG00000015618
ENSG00000114268	PFKFB4	ENSMUSG00000025648	ENSRNOG00000020656
ENSG00000114279	FGF12	ENSMUSG00000022523	ENSRNOG00000090378
ENSG00000114302	PRKAR2A	ENSMUSG00000032601	ENSRNOG00000020284
ENSG00000114315	HES1	ENSMUSG00000022528	ENSRNOG00000001720
ENSG00000114316	USP4	ENSMUSG00000032612	ENSRNOG00000054863
ENSG00000114331	ACAP2	ENSMUSG00000049076	ENSRNOG00000001730
ENSG00000114346	ECT2	ENSMUSG00000027699	ENSRNOG00000024365
ENSG00000114349	GNAT1	ENSMUSG00000034837	ENSRNOG00000017589
ENSG00000114353	GNAI2	ENSMUSG00000032562	ENSRNOG00000016592
ENSG00000114354	TFG	ENSMUSG00000022757	ENSRNOG00000001633
ENSG00000114374	USP9Y	ENSMUSG00000069044	ENSRNOG00000058664
ENSG00000114378	HYAL1	ENSMUSG00000010051	ENSRNOG00000015858
ENSG00000114388	NPRL2	ENSMUSG00000010057	ENSRNOG00000021660
ENSG00000114391	RPL24	ENSMUSG00000098274	ENSRNOG00000001611
ENSG00000114395	CYB561D2	ENSMUSG00000037190	ENSRNOG00000021887
ENSG00000114405	CEP15	ENSMUSG00000033111	ENSRNOG00000039871
ENSG00000114423	CBLB	ENSMUSG00000022637	ENSRNOG00000001982
ENSG00000114439	BBX	ENSMUSG00000022641	ENSRNOG00000001971
ENSG00000114446	IFT57	ENSMUSG00000032965	ENSRNOG00000001958
ENSG00000114450	GNB4	ENSMUSG00000027669	ENSRNOG00000011070
ENSG00000114473	DRC9	ENSMUSG00000035578	ENSRNOG00000026420
ENSG00000114480	GBE1	ENSMUSG00000022707	ENSRNOG00000051232
ENSG00000114487	MORC1	ENSMUSG00000022652	ENSRNOG00000032101
ENSG00000114491	UMPS	ENSMUSG00000022814	ENSRNOG00000001797
ENSG00000114503	NCBP2	ENSMUSG00000022774	ENSRNOG00000001746
ENSG00000114520	SNX4	ENSMUSG00000022808	ENSRNOG00000001786
ENSG00000114529	C3orf52	ENSMUSG00000033187	ENSRNOG00000022136
ENSG00000114541	FRMD4B	ENSMUSG00000030064	ENSRNOG00000007764
ENSG00000114544	SLC41A3	ENSMUSG00000030089	ENSRNOG00000045821
ENSG00000114554	PLXNA1	ENSMUSG00000030084	ENSRNOG00000017003
ENSG00000114573	ATP6V1A	ENSMUSG00000052459	ENSRNOG00000001992
ENSG00000114626	ABTB1	ENSMUSG00000030083	ENSRNOG00000015762
ENSG00000114631	PODXL2	ENSMUSG00000033152	ENSRNOG00000016255
ENSG00000114638	UPK1B	ENSMUSG00000049436	ENSRNOG00000027380
ENSG00000114646	CSPG5	ENSMUSG00000032482	ENSRNOG00000020833
ENSG00000114648	KLHL18	ENSMUSG00000054792	ENSRNOG00000020880
ENSG00000114650	SCAP	ENSMUSG00000032485	ENSRNOG00000020853
ENSG00000114654	EFCC1	ENSMUSG00000068263	ENSRNOG00000009787
ENSG00000114656	CFAP92	ENSMUSG00000089997	ENSRNOG00000031408
ENSG00000114670	NEK11	ENSMUSG00000035032	ENSRNOG00000042432
ENSG00000114686	MRPL3	ENSMUSG00000032563	ENSRNOG00000012650
ENSG00000114698	PLSCR4	ENSMUSG00000032377	ENSRNOG00000008151
ENSG00000114735	HEMK1	ENSMUSG00000032579	ENSRNOG00000015458
ENSG00000114737	CISH	ENSMUSG00000032578	ENSRNOG00000029543
ENSG00000114738	MAPKAPK3	ENSMUSG00000032577	ENSRNOG00000014832
ENSG00000114739	ACVR2B	ENSMUSG00000061393	ENSRNOG00000014477
ENSG00000114742	WDR48	ENSMUSG00000032512	ENSRNOG00000016942
ENSG00000114744	COMMD2	ENSMUSG00000036513	ENSRNOG00000043386
ENSG00000114745	GORASP1	ENSMUSG00000032513	ENSRNOG00000018047
ENSG00000114757	PEX5L	ENSMUSG00000027674	ENSRNOG00000011211
ENSG00000114767	RRP9	ENSMUSG00000041506	ENSRNOG00000012927
ENSG00000114770	ABCC5	ENSMUSG00000022822	ENSRNOG00000029178
ENSG00000114771	AADAC	ENSMUSG00000027761	ENSRNOG00000013950
ENSG00000114779	ABHD14B	ENSMUSG00000042073	ENSRNOG00000012073
ENSG00000114784	EIF1B	ENSMUSG00000006941	ENSRNOG00000018848
ENSG00000114790	ARHGEF26	ENSMUSG00000036885	ENSRNOG00000014549
ENSG00000114796	KLHL24	ENSMUSG00000062901	ENSRNOG00000033372
ENSG00000114805	PLCH1	ENSMUSG00000036834	ENSRNOG00000009955
ENSG00000114812	VIPR1	ENSMUSG00000032528	ENSRNOG00000047457
ENSG00000114841	DNAH1	ENSMUSG00000019027	ENSRNOG00000026914
ENSG00000114850	SSR3	ENSMUSG00000027828	ENSRNOG00000011148
ENSG00000114853	ZBTB47	ENSMUSG00000013419	ENSRNOG00000019382
ENSG00000114854	TNNC1	ENSMUSG00000091898	ENSRNOG00000018943
ENSG00000114857	NKTR	ENSMUSG00000032525	ENSRNOG00000049128
ENSG00000114859	CLCN2	ENSMUSG00000022843	ENSRNOG00000001742
ENSG00000114861	FOXP1	ENSMUSG00000030067	ENSRNOG00000009184
ENSG00000114902	SPCS1	ENSMUSG00000021917	ENSRNOG00000018075
ENSG00000114904	NEK4	ENSMUSG00000021918	ENSRNOG00000017997
ENSG00000114923	SLC4A3	ENSMUSG00000006576	ENSRNOG00000020138
ENSG00000114933	INO80D	ENSMUSG00000040865	ENSRNOG00000024272
ENSG00000114948	ADAM23	ENSMUSG00000025964	ENSRNOG00000012424
ENSG00000114956	DGUOK	ENSMUSG00000014554	ENSRNOG00000011617
ENSG00000114982	KANSL3	ENSMUSG00000010453	ENSRNOG00000015417
ENSG00000114988	LMAN2L	ENSMUSG00000001143	ENSRNOG00000015699
ENSG00000114993	RTKN	ENSMUSG00000034930	ENSRNOG00000009022
ENSG00000114999	TTL	ENSMUSG00000027394	ENSRNOG00000018205
ENSG00000115008	IL1A	ENSMUSG00000027399	ENSRNOG00000004575
ENSG00000115020	PIKFYVE	ENSMUSG00000025949	ENSRNOG00000015158
ENSG00000115041	KCNIP3	ENSMUSG00000079056	ENSRNOG00000014152
ENSG00000115042	FAHD2A	ENSMUSG00000027371	ENSRNOG00000013974
ENSG00000115053	NCL	ENSMUSG00000026234	ENSRNOG00000018273
ENSG00000115073	ACTR1B	ENSMUSG00000037351	ENSRNOG00000016789
ENSG00000115084	SLC35F5	ENSMUSG00000026342	ENSRNOG00000003403
ENSG00000115085	ZAP70	ENSMUSG00000026117	ENSRNOG00000016995
ENSG00000115091	ACTR3	ENSMUSG00000026341	ENSRNOG00000003206
ENSG00000115107	STEAP3	ENSMUSG00000026389	ENSRNOG00000049471
ENSG00000115109	EPB41L5	ENSMUSG00000026383	ENSRNOG00000002538
ENSG00000115112	TFCP2L1	ENSMUSG00000026380	ENSRNOG00000002414
ENSG00000115128	SF3B6	ENSMUSG00000037361	ENSRNOG00000046172
ENSG00000115137	DNAJC27	ENSMUSG00000020657	ENSRNOG00000003988
ENSG00000115138	POMC	ENSMUSG00000020660	ENSRNOG00000012686
ENSG00000115145	STAM2	ENSMUSG00000055371	ENSRNOG00000027447
ENSG00000115155	OTOF	ENSMUSG00000062372	ENSRNOG00000009967
ENSG00000115159	GPD2	ENSMUSG00000026827	ENSRNOG00000033824
ENSG00000115163	CENPA	ENSMUSG00000029177	ENSRNOG00000071944
ENSG00000115165	CYTIP	ENSMUSG00000026832	ENSRNOG00000004772
ENSG00000115170	ACVR1	ENSMUSG00000026836	ENSRNOG00000005033
ENSG00000115183	TANC1	ENSMUSG00000035168	ENSRNOG00000025394
ENSG00000115194	SLC30A3	ENSMUSG00000029151	ENSRNOG00000006204
ENSG00000115204	MPV17	ENSMUSG00000107283	ENSRNOG00000049430
ENSG00000115207	GTF3C2	ENSMUSG00000106864	ENSRNOG00000056904
ENSG00000115211	EIF2B4	ENSMUSG00000029145	ENSRNOG00000005301
ENSG00000115216	NRBP1	ENSMUSG00000029148	ENSRNOG00000050570
ENSG00000115221	ITGB6	ENSMUSG00000026971	ENSRNOG00000008346
ENSG00000115226	FNDC4	ENSMUSG00000038552	ENSRNOG00000051056
ENSG00000115232	ITGA4	ENSMUSG00000027009	ENSRNOG00000004861
ENSG00000115233	PSMD14	ENSMUSG00000026914	ENSRNOG00000061129
ENSG00000115234	SNX17	ENSMUSG00000029146	ENSRNOG00000026884
ENSG00000115239	ASB3	ENSMUSG00000020305	ENSRNOG00000032471
ENSG00000115241	PPM1G	ENSMUSG00000029147	ENSRNOG00000026905
ENSG00000115252	PDE1A	ENSMUSG00000059173	ENSRNOG00000054212
ENSG00000115257	PCSK4	ENSMUSG00000020131	ENSRNOG00000016405
ENSG00000115263	GCG	ENSMUSG00000000394	ENSRNOG00000005498
ENSG00000115266	APC2	ENSMUSG00000020135	ENSRNOG00000033791
ENSG00000115267	IFIH1	ENSMUSG00000026896	ENSRNOG00000006227
ENSG00000115271	GCA	ENSMUSG00000026893	ENSRNOG00000007359
ENSG00000115274	INO80B	ENSMUSG00000030034	ENSRNOG00000008873
ENSG00000115275	MOGS	ENSMUSG00000030036	ENSRNOG00000054176
ENSG00000115286	NDUFS7	ENSMUSG00000020153	ENSRNOG00000024568
ENSG00000115289	PCGF1	ENSMUSG00000069678	ENSRNOG00000051433
ENSG00000115290	GRB14	ENSMUSG00000026888	ENSRNOG00000052498
ENSG00000115295	CLIP4	ENSMUSG00000024059	ENSRNOG00000008806
ENSG00000115297	TLX2	ENSMUSG00000068327	ENSRNOG00000055188
ENSG00000115306	SPTBN1	ENSMUSG00000020315	ENSRNOG00000005434
ENSG00000115307	AUP1	ENSMUSG00000068328	ENSRNOG00000007842
ENSG00000115310	RTN4	ENSMUSG00000020458	ENSRNOG00000004621
ENSG00000115317	HTRA2	ENSMUSG00000068329	ENSRNOG00000022448
ENSG00000115318	LOXL3	ENSMUSG00000000693	ENSRNOG00000061373
ENSG00000115325	DOK1	ENSMUSG00000068335	ENSRNOG00000007412
ENSG00000115339	GALNT3	ENSMUSG00000026994	ENSRNOG00000005727
ENSG00000115350	POLE4	ENSMUSG00000030042	ENSRNOG00000006102
ENSG00000115353	TACR1	ENSMUSG00000030043	ENSRNOG00000005853
ENSG00000115355	CCDC88A	ENSMUSG00000032740	ENSRNOG00000004057
ENSG00000115361	ACADL	ENSMUSG00000026003	ENSRNOG00000012966
ENSG00000115363	EVA1A	ENSMUSG00000035104	ENSRNOG00000007118
ENSG00000115364	MRPL19	ENSMUSG00000030045	ENSRNOG00000006968
ENSG00000115365	LANCL1	ENSMUSG00000026000	ENSRNOG00000013557
ENSG00000115368	WDR75	ENSMUSG00000025995	ENSRNOG00000003825
ENSG00000115380	EFEMP1	ENSMUSG00000020467	ENSRNOG00000003553
ENSG00000115392	FANCL	ENSMUSG00000004018	ENSRNOG00000027249
ENSG00000115414	FN1	ENSMUSG00000026193	ENSRNOG00000014288
ENSG00000115415	STAT1	ENSMUSG00000026104	ENSRNOG00000014079
ENSG00000115419	GLS	ENSMUSG00000026103	ENSRNOG00000056246
ENSG00000115421	PAPOLG	ENSMUSG00000020273	ENSRNOG00000006261
ENSG00000115423	DNAH6	ENSMUSG00000052861	ENSRNOG00000015581
ENSG00000115425	PECR	ENSMUSG00000026189	ENSRNOG00000055295
ENSG00000115446	UNC50	ENSMUSG00000026111	ENSRNOG00000018128
ENSG00000115457	IGFBP2	ENSMUSG00000039323	ENSRNOG00000016957
ENSG00000115459	ELMOD3	ENSMUSG00000056698	ENSRNOG00000038102
ENSG00000115461	IGFBP5	ENSMUSG00000026185	ENSRNOG00000017206
ENSG00000115464	USP34	ENSMUSG00000056342	ENSRNOG00000051889
ENSG00000115468	EFHD1	ENSMUSG00000026255	ENSRNOG00000015596
ENSG00000115474	KCNJ13	ENSMUSG00000079436	ENSRNOG00000016057
ENSG00000115484	CCT4	ENSMUSG00000007739	ENSRNOG00000009642
ENSG00000115486	GGCX	ENSMUSG00000053460	ENSRNOG00000012975
ENSG00000115488	NEU2	ENSMUSG00000079434	ENSRNOG00000016962
ENSG00000115504	EHBP1	ENSMUSG00000042302	ENSRNOG00000008917
ENSG00000115507	OTX1	ENSMUSG00000005917	ENSRNOG00000065081
ENSG00000115514	TXNDC9	ENSMUSG00000058407	ENSRNOG00000018593
ENSG00000115520	COQ10B	ENSMUSG00000025981	ENSRNOG00000014456
ENSG00000115524	SF3B1	ENSMUSG00000025982	ENSRNOG00000013516
ENSG00000115525	ST3GAL5	ENSMUSG00000056091	ENSRNOG00000010284
ENSG00000115526	CHST10	ENSMUSG00000026080	ENSRNOG00000012815
ENSG00000115539	PDCL3	ENSMUSG00000026078	ENSRNOG00000013286
ENSG00000115540	MOB4	ENSMUSG00000025979	ENSRNOG00000014980
ENSG00000115548	KDM3A	ENSMUSG00000053470	ENSRNOG00000007814
ENSG00000115556	PLCD4	ENSMUSG00000026173	ENSRNOG00000016361
ENSG00000115561	CHMP3	ENSMUSG00000053119	ENSRNOG00000007356
ENSG00000115568	ZNF142	ENSMUSG00000026135	ENSRNOG00000022414
ENSG00000115590	IL1R2	ENSMUSG00000026073	ENSRNOG00000014378
ENSG00000115592	PRKAG3	ENSMUSG00000006542	ENSRNOG00000017248
ENSG00000115593	SMYD1	ENSMUSG00000055027	ENSRNOG00000006776
ENSG00000115594	IL1R1	ENSMUSG00000026072	ENSRNOG00000014504
ENSG00000115596	WNT6	ENSMUSG00000033227	ENSRNOG00000017409
ENSG00000115598	IL1RL2	ENSMUSG00000070942	ENSRNOG00000014683
ENSG00000115602	IL1RL1	ENSMUSG00000026069	ENSRNOG00000014835
ENSG00000115604	IL18R1	ENSMUSG00000026070	ENSRNOG00000015027
ENSG00000115607	IL18RAP	ENSMUSG00000026068	ENSRNOG00000054218
ENSG00000115616	SLC9A2	ENSMUSG00000026062	ENSRNOG00000015567
ENSG00000115641	FHL2	ENSMUSG00000008136	ENSRNOG00000016866
ENSG00000115648	MLPH	ENSMUSG00000026303	ENSRNOG00000019763
ENSG00000115649	CNPPD1	ENSMUSG00000033159	ENSRNOG00000018325
ENSG00000115652	UXS1	ENSMUSG00000057363	ENSRNOG00000045605
ENSG00000115657	ABCB6	ENSMUSG00000026198	ENSRNOG00000018697
ENSG00000115661	STK16	ENSMUSG00000026201	ENSRNOG00000019294
ENSG00000115665	SLC5A7	ENSMUSG00000023945	ENSRNOG00000010597
ENSG00000115677	HDLBP	ENSMUSG00000034088	ENSRNOG00000031479
ENSG00000115687	PASK	ENSMUSG00000026274	ENSRNOG00000016888
ENSG00000115694	STK25	ENSMUSG00000026277	ENSRNOG00000018181
ENSG00000115705	TPO	ENSMUSG00000020673	ENSRNOG00000004646
ENSG00000115738	ID2	ENSMUSG00000020644	ENSRNOG00000007237
ENSG00000115750	TAF1B	ENSMUSG00000059669	ENSRNOG00000061415
ENSG00000115756	HPCAL1	ENSMUSG00000071379	ENSRNOG00000005492
ENSG00000115758	ODC1	ENSMUSG00000011179	ENSRNOG00000005424
ENSG00000115760	BIRC6	ENSMUSG00000024073	ENSRNOG00000027191
ENSG00000115761	NOL10	ENSMUSG00000061458	ENSRNOG00000005344
ENSG00000115762	PLEKHB2	ENSMUSG00000026123	ENSRNOG00000014162
ENSG00000115806	GORASP2	ENSMUSG00000014959	ENSRNOG00000023386
ENSG00000115808	STRN	ENSMUSG00000024077	ENSRNOG00000004806
ENSG00000115816	CEBPZ	ENSMUSG00000024081	ENSRNOG00000005087
ENSG00000115825	PRKD3	ENSMUSG00000024070	ENSRNOG00000005289
ENSG00000115827	DCAF17	ENSMUSG00000041966	ENSRNOG00000009403
ENSG00000115828	QPCT	ENSMUSG00000024084	ENSRNOG00000005705
ENSG00000115839	RAB3GAP1	ENSMUSG00000036104	ENSRNOG00000003953
ENSG00000115840	SLC25A12	ENSMUSG00000027010	ENSRNOG00000022922
ENSG00000115841	RMDN2	ENSMUSG00000036368	ENSRNOG00000006082
ENSG00000115844	DLX2	ENSMUSG00000023391	ENSRNOG00000001519
ENSG00000115850	LCT	ENSMUSG00000026354	ENSRNOG00000003681
ENSG00000115875	SRSF7	ENSMUSG00000024097	ENSRNOG00000027360
ENSG00000115884	SDC1	ENSMUSG00000020592	ENSRNOG00000059947
ENSG00000115896	PLCL1	ENSMUSG00000038349	ENSRNOG00000032659
ENSG00000115902	SLC1A4	ENSMUSG00000020142	ENSRNOG00000005248
ENSG00000115904	SOS1	ENSMUSG00000024241	ENSRNOG00000007106
ENSG00000115919	KYNU	ENSMUSG00000026866	ENSRNOG00000029993
ENSG00000115935	WIPF1	ENSMUSG00000075284	ENSRNOG00000018406
ENSG00000115942	ORC2	ENSMUSG00000026037	ENSRNOG00000012558
ENSG00000115944	COX7A2L	ENSMUSG00000024248	ENSRNOG00000004526
ENSG00000115947	ORC4	ENSMUSG00000026761	ENSRNOG00000005021
ENSG00000115956	PLEK	ENSMUSG00000020120	ENSRNOG00000005214
ENSG00000115963	RND3	ENSMUSG00000017144	ENSRNOG00000004624
ENSG00000115966	ATF2	ENSMUSG00000027104	ENSRNOG00000001597
ENSG00000115970	THADA	ENSMUSG00000024251	ENSRNOG00000025899
ENSG00000115977	AAK1	ENSMUSG00000057230	ENSRNOG00000018317
ENSG00000115993	TRAK2	ENSMUSG00000026028	ENSRNOG00000010881
ENSG00000115998	C2orf42	ENSMUSG00000046679	ENSRNOG00000017380
ENSG00000116001	TIA1	ENSMUSG00000071337	ENSRNOG00000016813
ENSG00000116005	PCYOX1	ENSMUSG00000029998	ENSRNOG00000016704
ENSG00000116014	KISS1R	ENSMUSG00000035773	ENSRNOG00000011954
ENSG00000116016	EPAS1	ENSMUSG00000024140	ENSRNOG00000021318
ENSG00000116017	ARID3A	ENSMUSG00000019564	ENSRNOG00000026435
ENSG00000116030	SUMO1	ENSMUSG00000026021	ENSRNOG00000016133
ENSG00000116031	CD207	ENSMUSG00000034783	ENSRNOG00000013222
ENSG00000116032	GRIN3B	ENSMUSG00000035745	ENSRNOG00000012562
ENSG00000116035	VAX2	ENSMUSG00000034777	ENSRNOG00000013261
ENSG00000116039	ATP6V1B1	ENSMUSG00000006269	ENSRNOG00000013573
ENSG00000116044	NFE2L2	ENSMUSG00000015839	ENSRNOG00000001548
ENSG00000116062	MSH6	ENSMUSG00000005370	ENSRNOG00000016134
ENSG00000116095	PLEKHA3	ENSMUSG00000002733	ENSRNOG00000011830
ENSG00000116106	EPHA4	ENSMUSG00000026235	ENSRNOG00000013213
ENSG00000116117	PARD3B	ENSMUSG00000052062	ENSRNOG00000024345
ENSG00000116120	FARSB	ENSMUSG00000026245	ENSRNOG00000014119
ENSG00000116127	ALMS1	ENSMUSG00000063810	ENSRNOG00000022343
ENSG00000116128	BCL9	ENSMUSG00000038256	ENSRNOG00000017516
ENSG00000116132	PRRX1	ENSMUSG00000026586	ENSRNOG00000003720
ENSG00000116133	DHCR24	ENSMUSG00000034926	ENSRNOG00000006787
ENSG00000116138	DNAJC16	ENSMUSG00000040697	ENSRNOG00000012503
ENSG00000116141	MARK1	ENSMUSG00000026620	ENSRNOG00000002339
ENSG00000116147	TNR	ENSMUSG00000015829	ENSRNOG00000002468
ENSG00000116151	MORN1	ENSMUSG00000029049	ENSRNOG00000014642
ENSG00000116157	GPX7	ENSMUSG00000028597	ENSRNOG00000009751
ENSG00000116161	CACYBP	ENSMUSG00000014226	ENSRNOG00000002572
ENSG00000116176	TPSG1	ENSMUSG00000033200	ENSRNOG00000018701
ENSG00000116183	PAPPA2	ENSMUSG00000073530	ENSRNOG00000042860
ENSG00000116191	RALGPS2	ENSMUSG00000026594	ENSRNOG00000004736
ENSG00000116194	ANGPTL1	ENSMUSG00000033544	ENSRNOG00000004712
ENSG00000116198	CEP104	ENSMUSG00000039523	ENSRNOG00000025000
ENSG00000116199	FAM20B	ENSMUSG00000033557	ENSRNOG00000004337
ENSG00000116205	TCEANC2	ENSMUSG00000028619	ENSRNOG00000009398
ENSG00000116209	TMEM59	ENSMUSG00000028618	ENSRNOG00000009778
ENSG00000116212	LRRC42	ENSMUSG00000028617	ENSRNOG00000009983
ENSG00000116213	WRAP73	ENSMUSG00000029029	ENSRNOG00000014805
ENSG00000116218	NPHS2	ENSMUSG00000026602	ENSRNOG00000004030
ENSG00000116221	MRPL37	ENSMUSG00000028622	ENSRNOG00000009078
ENSG00000116237	ICMT	ENSMUSG00000039662	ENSRNOG00000010953
ENSG00000116251	RPL22	ENSMUSG00000028936	ENSRNOG00000069581
ENSG00000116254	CHD5	ENSMUSG00000005045	ENSRNOG00000011268
ENSG00000116260	QSOX1	ENSMUSG00000033684	ENSRNOG00000003649
ENSG00000116266	STXBP3	ENSMUSG00000027882	ENSRNOG00000020392
ENSG00000116273	PHF13	ENSMUSG00000047777	ENSRNOG00000009046
ENSG00000116285	ERRFI1	ENSMUSG00000028967	ENSRNOG00000058186
ENSG00000116288	PARK7	ENSMUSG00000028964	ENSRNOG00000069013
ENSG00000116299	ELAPOR1	ENSMUSG00000040412	ENSRNOG00000020272
ENSG00000116329	OPRD1	ENSMUSG00000050511	ENSRNOG00000010531
ENSG00000116337	AMPD2	ENSMUSG00000027889	ENSRNOG00000019240
ENSG00000116350	SRSF4	ENSMUSG00000028911	ENSRNOG00000010007
ENSG00000116353	MECR	ENSMUSG00000028910	ENSRNOG00000028047
ENSG00000116396	KCNC4	ENSMUSG00000027895	ENSRNOG00000060988
ENSG00000116406	EDEM3	ENSMUSG00000043019	ENSRNOG00000028358
ENSG00000116455	WDR77	ENSMUSG00000000561	ENSRNOG00000016394
ENSG00000116459	ATP5PB	ENSMUSG00000000563	ENSRNOG00000064742
ENSG00000116473	RAP1A	ENSMUSG00000068798	ENSRNOG00000032463
ENSG00000116478	HDAC1	ENSMUSG00000028800	ENSRNOG00000013695
ENSG00000116514	RNF19B	ENSMUSG00000028793	ENSRNOG00000000123
ENSG00000116521	SCAMP3	ENSMUSG00000028049	ENSRNOG00000020500
ENSG00000116525	TRIM62	ENSMUSG00000041000	ENSRNOG00000067048
ENSG00000116539	ASH1L	ENSMUSG00000028053	ENSRNOG00000020386
ENSG00000116544	DLGAP3	ENSMUSG00000042388	ENSRNOG00000014302
ENSG00000116560	SFPQ	ENSMUSG00000028820	ENSRNOG00000058461
ENSG00000116574	RHOU	ENSMUSG00000039960	ENSRNOG00000062578
ENSG00000116584	ARHGEF2	ENSMUSG00000028059	ENSRNOG00000020027
ENSG00000116586	LAMTOR2	ENSMUSG00000028062	ENSRNOG00000019908
ENSG00000116604	MEF2D	ENSMUSG00000001419	ENSRNOG00000031778
ENSG00000116641	DOCK7	ENSMUSG00000028556	ENSRNOG00000008298
ENSG00000116649	SRM	ENSMUSG00000006442	ENSRNOG00000070709
ENSG00000116661	FBXO2	ENSMUSG00000041556	ENSRNOG00000009409
ENSG00000116663	FBXO6	ENSMUSG00000055401	ENSRNOG00000009217
ENSG00000116667	C1orf21	ENSMUSG00000032666	ENSRNOG00000028236
ENSG00000116668	SWT1	ENSMUSG00000052748	ENSRNOG00000032258
ENSG00000116670	MAD2L2	ENSMUSG00000029003	ENSRNOG00000009134
ENSG00000116675	DNAJC6	ENSMUSG00000028528	ENSRNOG00000052887
ENSG00000116678	LEPR	ENSMUSG00000057722	ENSRNOG00000023664
ENSG00000116679	IVNS1ABP	ENSMUSG00000023150	ENSRNOG00000002618
ENSG00000116685	KIAA2013	ENSMUSG00000044496	ENSRNOG00000007968
ENSG00000116688	MFN2	ENSMUSG00000029020	ENSRNOG00000046424
ENSG00000116690	PRG4	ENSMUSG00000006014	ENSRNOG00000002385
ENSG00000116691	MIIP	ENSMUSG00000029022	ENSRNOG00000024139
ENSG00000116698	SMG7	ENSMUSG00000042772	ENSRNOG00000027962
ENSG00000116701	NCF2	ENSMUSG00000026480	ENSRNOG00000028016
ENSG00000116703	PDC	ENSMUSG00000006007	ENSRNOG00000002517
ENSG00000116704	SLC35D1	ENSMUSG00000028521	ENSRNOG00000022967
ENSG00000116711	PLA2G4A	ENSMUSG00000056220	ENSRNOG00000002657
ENSG00000116717	GADD45A	ENSMUSG00000036390	ENSRNOG00000005615
ENSG00000116729	WLS	ENSMUSG00000028173	ENSRNOG00000036816
ENSG00000116731	PRDM2	ENSMUSG00000057637	ENSRNOG00000033522
ENSG00000116741	RGS2	ENSMUSG00000026360	ENSRNOG00000003687
ENSG00000116745	RPE65	ENSMUSG00000028174	ENSRNOG00000009582
ENSG00000116747	RO60	ENSMUSG00000018199	ENSRNOG00000003434
ENSG00000116748	AMPD1	ENSMUSG00000070385	ENSRNOG00000018656
ENSG00000116750	UCHL5	ENSMUSG00000018189	ENSRNOG00000003545
ENSG00000116752	BCAS2	ENSMUSG00000005687	ENSRNOG00000018783
ENSG00000116754	SRSF11	ENSMUSG00000055436	ENSRNOG00000029592
ENSG00000116761	CTH	ENSMUSG00000028179	ENSRNOG00000010658
ENSG00000116771	AGMAT	ENSMUSG00000040706	ENSRNOG00000012315
ENSG00000116774	OLFML3	ENSMUSG00000027848	ENSRNOG00000019211
ENSG00000116783	TNNI3K	ENSMUSG00000040086	ENSRNOG00000028225
ENSG00000116786	PLEKHM2	ENSMUSG00000028917	ENSRNOG00000012163
ENSG00000116791	CRYZ	ENSMUSG00000028199	ENSRNOG00000028319
ENSG00000116793	PHTF1	ENSMUSG00000058388	ENSRNOG00000019785
ENSG00000116809	ZBTB17	ENSMUSG00000006215	ENSRNOG00000010436
ENSG00000116819	TFAP2E	ENSMUSG00000042477	ENSRNOG00000027595
ENSG00000116824	CD2	ENSMUSG00000027863	ENSRNOG00000015821
ENSG00000116833	NR5A2	ENSMUSG00000026398	ENSRNOG00000000653
ENSG00000116852	KIF21B	ENSMUSG00000041642	ENSRNOG00000008471
ENSG00000116857	TMEM9	ENSMUSG00000026411	ENSRNOG00000010204
ENSG00000116863	ADPRS	ENSMUSG00000042558	ENSRNOG00000010849
ENSG00000116871	MAP7D1	ENSMUSG00000028849	ENSRNOG00000010237
ENSG00000116874	WARS2	ENSMUSG00000004233	ENSRNOG00000019508
ENSG00000116882	HAO2	ENSMUSG00000027870	ENSRNOG00000019470
ENSG00000116885	OSCP1	ENSMUSG00000042616	ENSRNOG00000026978
ENSG00000116898	MRPS15	ENSMUSG00000028861	ENSRNOG00000008279
ENSG00000116903	EXOC8	ENSMUSG00000074030	ENSRNOG00000071599
ENSG00000116906	GNPAT	ENSMUSG00000031985	ENSRNOG00000019205
ENSG00000116918	TSNAX	ENSMUSG00000056820	ENSRNOG00000049784
ENSG00000116922	AIRIM	ENSMUSG00000044730	ENSRNOG00000025065
ENSG00000116954	RRAGC	ENSMUSG00000028646	ENSRNOG00000017426
ENSG00000116962	NID1	ENSMUSG00000005397	ENSRNOG00000002461
ENSG00000116977	LGALS8	ENSMUSG00000057554	ENSRNOG00000018046
ENSG00000116981	NT5C1A	ENSMUSG00000054958	ENSRNOG00000068555
ENSG00000116983	HPCAL4	ENSMUSG00000046093	ENSRNOG00000050983
ENSG00000116984	MTR	ENSMUSG00000021311	ENSRNOG00000017593
ENSG00000116990	MYCL	ENSMUSG00000028654	ENSRNOG00000014259
ENSG00000116991	SIPA1L2	ENSMUSG00000001995	ENSRNOG00000019791
ENSG00000117000	RLF	ENSMUSG00000049878	ENSRNOG00000027921
ENSG00000117009	KMO	ENSMUSG00000039783	ENSRNOG00000003709
ENSG00000117013	KCNQ4	ENSMUSG00000028631	ENSRNOG00000060435
ENSG00000117016	RIMS3	ENSMUSG00000032890	ENSRNOG00000011171
ENSG00000117020	AKT3	ENSMUSG00000019699	ENSRNOG00000021497
ENSG00000117036	ETV3	ENSMUSG00000003382	ENSRNOG00000043095
ENSG00000117054	ACADM	ENSMUSG00000062908	ENSRNOG00000009845
ENSG00000117069	ST6GALNAC5	ENSMUSG00000039037	ENSRNOG00000049676
ENSG00000117090	SLAMF1	ENSMUSG00000015316	ENSRNOG00000059073
ENSG00000117091	CD48	ENSMUSG00000015355	ENSRNOG00000004737
ENSG00000117114	ADGRL2	ENSMUSG00000028184	ENSRNOG00000065347
ENSG00000117115	PADI2	ENSMUSG00000028927	ENSRNOG00000007574
ENSG00000117118	SDHB	ENSMUSG00000009863	ENSRNOG00000007967
ENSG00000117122	MFAP2	ENSMUSG00000060572	ENSRNOG00000008257
ENSG00000117133	RPF1	ENSMUSG00000028187	ENSRNOG00000015969
ENSG00000117139	KDM5B	ENSMUSG00000042207	ENSRNOG00000060544
ENSG00000117151	CTBS	ENSMUSG00000028189	ENSRNOG00000015573
ENSG00000117152	RGS4	ENSMUSG00000038530	ENSRNOG00000002773
ENSG00000117153	KLHL12	ENSMUSG00000026455	ENSRNOG00000004193
ENSG00000117154	IGSF21	ENSMUSG00000040972	ENSRNOG00000049959
ENSG00000117155	SSX2IP	ENSMUSG00000036825	ENSRNOG00000015425
ENSG00000117174	ZNHIT6	ENSMUSG00000074182	ENSRNOG00000030049
ENSG00000117215	PLA2G2D	ENSMUSG00000041202	ENSRNOG00000016826
ENSG00000117222	RBBP5	ENSMUSG00000026439	ENSRNOG00000021289
ENSG00000117245	KIF17	ENSMUSG00000028758	ENSRNOG00000014970
ENSG00000117266	CDK18	ENSMUSG00000026437	ENSRNOG00000008137
ENSG00000117280	RAB29	ENSMUSG00000026433	ENSRNOG00000049641
ENSG00000117281	CD160	ENSMUSG00000038304	ENSRNOG00000000097
ENSG00000117298	ECE1	ENSMUSG00000057530	ENSRNOG00000014241
ENSG00000117305	HMGCL	ENSMUSG00000028672	ENSRNOG00000009422
ENSG00000117308	GALE	ENSMUSG00000028671	ENSRNOG00000009712
ENSG00000117318	ID3	ENSMUSG00000007872	ENSRNOG00000026124
ENSG00000117322	CR2	ENSMUSG00000026616	ENSRNOG00000034164
ENSG00000117335	CD46	ENSMUSG00000016493	ENSRNOG00000026207
ENSG00000117360	PRPF3	ENSMUSG00000015748	ENSRNOG00000025629
ENSG00000117362	APH1A	ENSMUSG00000015750	ENSRNOG00000023816
ENSG00000117385	P3H1	ENSMUSG00000028641	ENSRNOG00000053991
ENSG00000117394	SLC2A1	ENSMUSG00000028645	ENSRNOG00000007284
ENSG00000117395	EBNA1BP2	ENSMUSG00000028729	ENSRNOG00000045760
ENSG00000117399	CDC20	ENSMUSG00000006398	ENSRNOG00000028415
ENSG00000117400	MPL	ENSMUSG00000006389	ENSRNOG00000028377
ENSG00000117407	ARTN	ENSMUSG00000028539	ENSRNOG00000019842
ENSG00000117408	IPO13	ENSMUSG00000033365	ENSRNOG00000019758
ENSG00000117411	B4GALT2	ENSMUSG00000028541	ENSRNOG00000019609
ENSG00000117419	ERI3	ENSMUSG00000033423	ENSRNOG00000019381
ENSG00000117425	PTCH2	ENSMUSG00000028681	ENSRNOG00000057616
ENSG00000117448	AKR1A1	ENSMUSG00000028692	ENSRNOG00000016727
ENSG00000117461	PIK3R3	ENSMUSG00000028698	ENSRNOG00000000145
ENSG00000117472	TSPAN1	ENSMUSG00000028699	ENSRNOG00000023320
ENSG00000117475	BLZF1	ENSMUSG00000026577	ENSRNOG00000002884
ENSG00000117477	CCDC181	ENSMUSG00000026578	ENSRNOG00000002860
ENSG00000117479	SLC19A2	ENSMUSG00000040918	ENSRNOG00000002839
ENSG00000117480	FAAH	ENSMUSG00000034171	ENSRNOG00000045949
ENSG00000117500	TMED5	ENSMUSG00000063406	ENSRNOG00000000073
ENSG00000117501	MROH9	ENSMUSG00000071890	ENSRNOG00000003698
ENSG00000117505	DR1	ENSMUSG00000029265	ENSRNOG00000000070
ENSG00000117519	CNN3	ENSMUSG00000053931	ENSRNOG00000011559
ENSG00000117523	PRRC2C	ENSMUSG00000040225	ENSRNOG00000068743
ENSG00000117525	F3	ENSMUSG00000028128	ENSRNOG00000011800
ENSG00000117528	ABCD3	ENSMUSG00000028127	ENSRNOG00000011929
ENSG00000117533	VAMP4	ENSMUSG00000026696	ENSRNOG00000003071
ENSG00000117543	DPH5	ENSMUSG00000033554	ENSRNOG00000013719
ENSG00000117560	FASLG	ENSMUSG00000000817	ENSRNOG00000002978
ENSG00000117569	PTBP2	ENSMUSG00000028134	ENSRNOG00000010827
ENSG00000117586	TNFSF4	ENSMUSG00000026700	ENSRNOG00000002968
ENSG00000117593	DARS2	ENSMUSG00000026709	ENSRNOG00000002813
ENSG00000117595	IRF6	ENSMUSG00000026638	ENSRNOG00000005082
ENSG00000117597	UTP25	ENSMUSG00000016181	ENSRNOG00000004789
ENSG00000117598	PLPPR5	ENSMUSG00000033342	ENSRNOG00000016878
ENSG00000117600	PLPPR4	ENSMUSG00000044667	ENSRNOG00000016872
ENSG00000117601	SERPINC1	ENSMUSG00000026715	ENSRNOG00000002783
ENSG00000117602	RCAN3	ENSMUSG00000059713	ENSRNOG00000018576
ENSG00000117614	SYF2	ENSMUSG00000028821	ENSRNOG00000060597
ENSG00000117620	SLC35A3	ENSMUSG00000027957	ENSRNOG00000015502
ENSG00000117625	RCOR3	ENSMUSG00000037395	ENSRNOG00000046445
ENSG00000117632	STMN1	ENSMUSG00000028832	ENSRNOG00000016810
ENSG00000117640	MTFR1L	ENSMUSG00000046671	ENSRNOG00000016937
ENSG00000117643	MAN1C1	ENSMUSG00000037306	ENSRNOG00000017087
ENSG00000117676	RPS6KA1	ENSMUSG00000003644	ENSRNOG00000042411
ENSG00000117682	DHDDS	ENSMUSG00000012117	ENSRNOG00000014665
ENSG00000117697	NSL1	ENSMUSG00000062510	ENSRNOG00000042286
ENSG00000117707	PROX1	ENSMUSG00000010175	ENSRNOG00000003694
ENSG00000117713	ARID1A	ENSMUSG00000007880	ENSRNOG00000006137
ENSG00000117724	CENPF	ENSMUSG00000026605	ENSRNOG00000003388
ENSG00000117748	RPA2	ENSMUSG00000028884	ENSRNOG00000013005
ENSG00000117751	PPP1R8	ENSMUSG00000028882	ENSRNOG00000059550
ENSG00000117758	STX12	ENSMUSG00000028879	ENSRNOG00000011804
ENSG00000117791	MTARC2	ENSMUSG00000073481	ENSRNOG00000077900
ENSG00000117834	SLC5A9	ENSMUSG00000028544	ENSRNOG00000042950
ENSG00000117859	OSBPL9	ENSMUSG00000028559	ENSRNOG00000033593
ENSG00000117862	TXNDC12	ENSMUSG00000028567	ENSRNOG00000008090
ENSG00000117868	ESYT2	ENSMUSG00000021171	ENSRNOG00000032391
ENSG00000117877	POLR1G	ENSMUSG00000047649	ENSRNOG00000016825
ENSG00000117899	MESD	ENSMUSG00000038503	ENSRNOG00000012366
ENSG00000117906	RCN2	ENSMUSG00000032320	ENSRNOG00000015780
ENSG00000117971	CHRNB4	ENSMUSG00000035200	ENSRNOG00000014427
ENSG00000117983	MUC5B	ENSMUSG00000066108	ENSRNOG00000019846
ENSG00000117984	CTSD	ENSMUSG00000007891	ENSRNOG00000020206
ENSG00000118004	COLEC11	ENSMUSG00000036655	ENSRNOG00000008373
ENSG00000118007	STAG1	ENSMUSG00000037286	ENSRNOG00000015389
ENSG00000118017	A4GNT	ENSMUSG00000037953	ENSRNOG00000042649
ENSG00000118046	STK11	ENSMUSG00000003068	ENSRNOG00000014287
ENSG00000118058	KMT2A	ENSMUSG00000002028	ENSRNOG00000015133
ENSG00000118094	TREH	ENSMUSG00000032098	ENSRNOG00000052010
ENSG00000118096	IFT46	ENSMUSG00000002031	ENSRNOG00000013919
ENSG00000118113	MMP8	ENSMUSG00000005800	ENSRNOG00000009907
ENSG00000118137	APOA1	ENSMUSG00000032083	ENSRNOG00000045679
ENSG00000118156	ZNF541	ENSMUSG00000078796	ENSRNOG00000021800
ENSG00000118160	SLC8A2	ENSMUSG00000030376	ENSRNOG00000001492
ENSG00000118162	KPTN	ENSMUSG00000006021	ENSRNOG00000085682
ENSG00000118181	RPS25	ENSMUSG00000009927	ENSRNOG00000082176
ENSG00000118193	KIF14	ENSMUSG00000041498	ENSRNOG00000037211
ENSG00000118194	TNNT2	ENSMUSG00000026414	ENSRNOG00000033734
ENSG00000118197	DDX59	ENSMUSG00000026404	ENSRNOG00000042451
ENSG00000118200	CAMSAP2	ENSMUSG00000041570	ENSRNOG00000008741
ENSG00000118217	ATF6	ENSMUSG00000026663	ENSRNOG00000024632
ENSG00000118242	MREG	ENSMUSG00000039395	ENSRNOG00000015774
ENSG00000118246	FASTKD2	ENSMUSG00000025962	ENSRNOG00000023923
ENSG00000118257	NRP2	ENSMUSG00000025969	ENSRNOG00000031232
ENSG00000118260	CREB1	ENSMUSG00000025958	ENSRNOG00000013412
ENSG00000118263	KLF7	ENSMUSG00000025959	ENSRNOG00000046242
ENSG00000118271	TTR	ENSMUSG00000061808	ENSRNOG00000016275
ENSG00000118276	B4GALT6	ENSMUSG00000056124	ENSRNOG00000015895
ENSG00000118292	C1orf54	ENSMUSG00000038543	ENSRNOG00000059750
ENSG00000118298	CA14	ENSMUSG00000038526	ENSRNOG00000023162
ENSG00000118307	DNAI7	ENSMUSG00000043541	ENSRNOG00000027630
ENSG00000118308	IRAG2	ENSMUSG00000030263	ENSRNOG00000029308
ENSG00000118322	ATP10B	ENSMUSG00000055415	ENSRNOG00000003781
ENSG00000118363	SPCS2	ENSMUSG00000035227	ENSRNOG00000018164
ENSG00000118369	USP35	ENSMUSG00000035713	ENSRNOG00000024961
ENSG00000118402	ELOVL4	ENSMUSG00000032262	ENSRNOG00000009773
ENSG00000118407	FILIP1	ENSMUSG00000034898	ENSRNOG00000011521
ENSG00000118412	CASP8AP2	ENSMUSG00000028282	ENSRNOG00000006487
ENSG00000118418	HMGN3	ENSMUSG00000066456	ENSRNOG00000073426
ENSG00000118420	UBE3D	ENSMUSG00000032415	ENSRNOG00000010802
ENSG00000118432	CNR1	ENSMUSG00000044288	ENSRNOG00000008223
ENSG00000118434	SPACA1	ENSMUSG00000028264	ENSRNOG00000008232
ENSG00000118454	ANKRD13C	ENSMUSG00000039988	ENSRNOG00000011340
ENSG00000118473	SGIP1	ENSMUSG00000028524	ENSRNOG00000006357
ENSG00000118482	PHF3	ENSMUSG00000048874	ENSRNOG00000011756
ENSG00000118491	ZC2HC1B	ENSMUSG00000019815	ENSRNOG00000042705
ENSG00000118492	ADGB	ENSMUSG00000050994	ENSRNOG00000042741
ENSG00000118495	PLAGL1	ENSMUSG00000019817	ENSRNOG00000025587
ENSG00000118496	FBXO30	ENSMUSG00000047648	ENSRNOG00000014852
ENSG00000118503	TNFAIP3	ENSMUSG00000019850	ENSRNOG00000049517
ENSG00000118507	AKAP7	ENSMUSG00000039166	ENSRNOG00000013202
ENSG00000118513	MYB	ENSMUSG00000019982	ENSRNOG00000055858
ENSG00000118514	ALDH8A1	ENSMUSG00000037542	ENSRNOG00000014907
ENSG00000118515	SGK1	ENSMUSG00000019970	ENSRNOG00000011815
ENSG00000118518	RNF146	ENSMUSG00000038876	ENSRNOG00000011588
ENSG00000118520	ARG1	ENSMUSG00000019987	ENSRNOG00000013304
ENSG00000118523	CCN2	ENSMUSG00000019997	ENSRNOG00000015036
ENSG00000118526	TCF21	ENSMUSG00000045680	ENSRNOG00000016700
ENSG00000118557	PMFBP1	ENSMUSG00000031727	ENSRNOG00000014505
ENSG00000118564	FBXL5	ENSMUSG00000039753	ENSRNOG00000005261
ENSG00000118579	MED28	ENSMUSG00000015804	ENSRNOG00000003592
ENSG00000118596	SLC16A7	ENSMUSG00000020102	ENSRNOG00000007839
ENSG00000118600	RXYLT1	ENSMUSG00000034620	ENSRNOG00000004421
ENSG00000118640	VAMP8	ENSMUSG00000050732	ENSRNOG00000012748
ENSG00000118655	DCLRE1B	ENSMUSG00000027845	ENSRNOG00000019367
ENSG00000118680	MYL12B	ENSMUSG00000034868	ENSRNOG00000091388
ENSG00000118689	FOXO3	ENSMUSG00000048756	ENSRNOG00000000299
ENSG00000118690	ARMC2	ENSMUSG00000071324	ENSRNOG00000026217
ENSG00000118702	GHRH	ENSMUSG00000027643	ENSRNOG00000007782
ENSG00000118705	RPN2	ENSMUSG00000027642	ENSRNOG00000007492
ENSG00000118729	CASQ2	ENSMUSG00000027861	ENSRNOG00000016243
ENSG00000118733	OLFM3	ENSMUSG00000027965	ENSRNOG00000017969
ENSG00000118785	SPP1	ENSMUSG00000029304	ENSRNOG00000043451
ENSG00000118804	STBD1	ENSMUSG00000047963	ENSRNOG00000002218
ENSG00000118816	CCNI	ENSMUSG00000063015	ENSRNOG00000002125
ENSG00000118849	RARRES1	ENSMUSG00000049404	ENSRNOG00000037853
ENSG00000118855	MFSD1	ENSMUSG00000027775	ENSRNOG00000013790
ENSG00000118873	RAB3GAP2	ENSMUSG00000039318	ENSRNOG00000002353
ENSG00000118898	PPL	ENSMUSG00000039457	ENSRNOG00000002930
ENSG00000118900	UBN1	ENSMUSG00000039473	ENSRNOG00000003019
ENSG00000118922	KLF12	ENSMUSG00000072294	ENSRNOG00000009145
ENSG00000118946	PCDH17	ENSMUSG00000035566	ENSRNOG00000008970
ENSG00000118960	HS1BP3	ENSMUSG00000020605	ENSRNOG00000006062
ENSG00000118961	LDAH	ENSMUSG00000037669	ENSRNOG00000021475
ENSG00000118965	WDR35	ENSMUSG00000066643	ENSRNOG00000028783
ENSG00000118971	CCND2	ENSMUSG00000000184	ENSRNOG00000076926
ENSG00000118972	FGF23	ENSMUSG00000000182	ENSRNOG00000066556
ENSG00000118985	ELL2	ENSMUSG00000001542	ENSRNOG00000027089
ENSG00000119004	CYP20A1	ENSMUSG00000049439	ENSRNOG00000017631
ENSG00000119041	GTF3C3	ENSMUSG00000041303	ENSRNOG00000002091
ENSG00000119042	SATB2	ENSMUSG00000038331	ENSRNOG00000010188
ENSG00000119048	UBE2B	ENSMUSG00000020390	ENSRNOG00000059348
ENSG00000119121	TRPM6	ENSMUSG00000024727	ENSRNOG00000013053
ENSG00000119125	GDA	ENSMUSG00000058624	ENSRNOG00000018282
ENSG00000119138	KLF9	ENSMUSG00000033863	ENSRNOG00000014215
ENSG00000119139	TJP2	ENSMUSG00000024812	ENSRNOG00000015030
ENSG00000119147	ECRG4	ENSMUSG00000026051	ENSRNOG00000023576
ENSG00000119185	ITGB1BP1	ENSMUSG00000062352	ENSRNOG00000059402
ENSG00000119203	CPSF3	ENSMUSG00000054309	ENSRNOG00000052418
ENSG00000119242	CCDC92	ENSMUSG00000037979	ENSRNOG00000021691
ENSG00000119280	C1orf198	ENSMUSG00000031983	ENSRNOG00000018836
ENSG00000119283	TRIM67	ENSMUSG00000036913	ENSRNOG00000019024
ENSG00000119285	HEATR1	ENSMUSG00000050244	ENSRNOG00000047594
ENSG00000119314	PTBP3	ENSMUSG00000028382	ENSRNOG00000016334
ENSG00000119318	RAD23B	ENSMUSG00000028426	ENSRNOG00000016137
ENSG00000119321	FKBP15	ENSMUSG00000066151	ENSRNOG00000024663
ENSG00000119326	CTNNAL1	ENSMUSG00000038816	ENSRNOG00000010593
ENSG00000119328	ABITRAM	ENSMUSG00000038827	ENSRNOG00000010532
ENSG00000119333	DYNC2I2	ENSMUSG00000039715	ENSRNOG00000015636
ENSG00000119335	SET	ENSMUSG00000054766	ENSRNOG00000069776
ENSG00000119383	PTPA	ENSMUSG00000039515	ENSRNOG00000018457
ENSG00000119396	RAB14	ENSMUSG00000026878	ENSRNOG00000071747
ENSG00000119397	CNTRL	ENSMUSG00000057110	ENSRNOG00000022015
ENSG00000119401	TRIM32	ENSMUSG00000051675	ENSRNOG00000010303
ENSG00000119402	FBXW2	ENSMUSG00000035949	ENSRNOG00000018687
ENSG00000119403	PHF19	ENSMUSG00000026873	ENSRNOG00000018874
ENSG00000119408	NEK6	ENSMUSG00000026749	ENSRNOG00000010897
ENSG00000119411	BSPRY	ENSMUSG00000028392	ENSRNOG00000015105
ENSG00000119414	PPP6C	ENSMUSG00000026753	ENSRNOG00000015145
ENSG00000119421	NDUFA8	ENSMUSG00000026895	ENSRNOG00000005668
ENSG00000119431	HDHD3	ENSMUSG00000038422	ENSRNOG00000064638
ENSG00000119446	RBM18	ENSMUSG00000026889	ENSRNOG00000006763
ENSG00000119457	SLC46A2	ENSMUSG00000028386	ENSRNOG00000017324
ENSG00000119471	HSDL2	ENSMUSG00000028383	ENSRNOG00000016692
ENSG00000119487	MAPKAP1	ENSMUSG00000038696	ENSRNOG00000017583
ENSG00000119508	NR4A3	ENSMUSG00000028341	ENSRNOG00000005964
ENSG00000119509	INVS	ENSMUSG00000028344	ENSRNOG00000008632
ENSG00000119514	GALNT12	ENSMUSG00000039774	ENSRNOG00000008099
ENSG00000119522	DENND1A	ENSMUSG00000035392	ENSRNOG00000010526
ENSG00000119523	ALG2	ENSMUSG00000039740	ENSRNOG00000006369
ENSG00000119535	CSF3R	ENSMUSG00000028859	ENSRNOG00000008759
ENSG00000119537	KDSR	ENSMUSG00000009905	ENSRNOG00000002781
ENSG00000119541	VPS4B	ENSMUSG00000009907	ENSRNOG00000002705
ENSG00000119547	ONECUT2	ENSMUSG00000045991	ENSRNOG00000052665
ENSG00000119559	C19orf25	ENSMUSG00000020133	ENSRNOG00000079774
ENSG00000119574	ZBTB45	ENSMUSG00000049600	ENSRNOG00000027459
ENSG00000119596	YLPM1	ENSMUSG00000021244	ENSRNOG00000027317
ENSG00000119608	PROX2	ENSMUSG00000042320	ENSRNOG00000005054
ENSG00000119614	VSX2	ENSMUSG00000021239	ENSRNOG00000011918
ENSG00000119616	FCF1	ENSMUSG00000021243	ENSRNOG00000004723
ENSG00000119630	PGF	ENSMUSG00000004791	ENSRNOG00000005650
ENSG00000119636	BBOF1	ENSMUSG00000057265	ENSRNOG00000011376
ENSG00000119638	NEK9	ENSMUSG00000034290	ENSRNOG00000058572
ENSG00000119650	IFT43	ENSMUSG00000007867	ENSRNOG00000010194
ENSG00000119655	NPC2	ENSMUSG00000021242	ENSRNOG00000012062
ENSG00000119661	DNAL1	ENSMUSG00000042523	ENSRNOG00000042333
ENSG00000119669	IRF2BPL	ENSMUSG00000034168	ENSRNOG00000011026
ENSG00000119681	LTBP2	ENSMUSG00000002020	ENSRNOG00000012094
ENSG00000119682	AREL1	ENSMUSG00000042350	ENSRNOG00000004382
ENSG00000119684	MLH3	ENSMUSG00000021245	ENSRNOG00000006699
ENSG00000119686	FLVCR2	ENSMUSG00000034258	ENSRNOG00000008754
ENSG00000119688	ABCD4	ENSMUSG00000021240	ENSRNOG00000011964
ENSG00000119689	DLST	ENSMUSG00000004789	ENSRNOG00000005061
ENSG00000119698	PPP4R4	ENSMUSG00000021209	ENSRNOG00000054052
ENSG00000119699	TGFB3	ENSMUSG00000021253	ENSRNOG00000009867
ENSG00000119703	ZC2HC1C	ENSMUSG00000045064	ENSRNOG00000027115
ENSG00000119705	SLIRP	ENSMUSG00000021040	ENSRNOG00000068606
ENSG00000119711	ALDH6A1	ENSMUSG00000021238	ENSRNOG00000011419
ENSG00000119714	GPR68	ENSMUSG00000047415	ENSRNOG00000046309
ENSG00000119715	ESRRB	ENSMUSG00000021255	ENSRNOG00000010259
ENSG00000119718	EIF2B2	ENSMUSG00000004788	ENSRNOG00000006467
ENSG00000119720	NRDE2	ENSMUSG00000021179	ENSRNOG00000004004
ENSG00000119723	COQ6	ENSMUSG00000021235	ENSRNOG00000011164
ENSG00000119725	ZNF410	ENSMUSG00000042472	ENSRNOG00000010985
ENSG00000119729	RHOQ	ENSMUSG00000024143	ENSRNOG00000083467
ENSG00000119737	GPR75	ENSMUSG00000043999	ENSRNOG00000022176
ENSG00000119760	SUPT7L	ENSMUSG00000053134	ENSRNOG00000004927
ENSG00000119771	KLHL29	ENSMUSG00000020627	ENSRNOG00000005371
ENSG00000119772	DNMT3A	ENSMUSG00000020661	ENSRNOG00000026649
ENSG00000119777	TMEM214	ENSMUSG00000038828	ENSRNOG00000008812
ENSG00000119778	ATAD2B	ENSMUSG00000052812	ENSRNOG00000058973
ENSG00000119782	FKBP1B	ENSMUSG00000020635	ENSRNOG00000047143
ENSG00000119787	ATL2	ENSMUSG00000059811	ENSRNOG00000006523
ENSG00000119801	YPEL5	ENSMUSG00000039770	ENSRNOG00000026742
ENSG00000119812	FAM98A	ENSMUSG00000002017	ENSRNOG00000030328
ENSG00000119844	AFTPH	ENSMUSG00000049659	ENSRNOG00000005411
ENSG00000119865	CNRIP1	ENSMUSG00000044629	ENSRNOG00000005326
ENSG00000119866	BCL11A	ENSMUSG00000000861	ENSRNOG00000007049
ENSG00000119878	CRIPT	ENSMUSG00000024146	ENSRNOG00000015215
ENSG00000119888	EPCAM	ENSMUSG00000045394	ENSRNOG00000015667
ENSG00000119899	SLC17A5	ENSMUSG00000049624	ENSRNOG00000090360
ENSG00000119900	OGFRL1	ENSMUSG00000026158	ENSRNOG00000014142
ENSG00000119906	SLF2	ENSMUSG00000036097	ENSRNOG00000014482
ENSG00000119912	IDE	ENSMUSG00000056999	ENSRNOG00000016833
ENSG00000119913	TECTB	ENSMUSG00000024979	ENSRNOG00000015671
ENSG00000119915	ELOVL3	ENSMUSG00000038754	ENSRNOG00000019124
ENSG00000119919	NKX2-3	ENSMUSG00000044220	ENSRNOG00000016656
ENSG00000119922	IFIT2	ENSMUSG00000045932	ENSRNOG00000036604
ENSG00000119927	GPAM	ENSMUSG00000024978	ENSRNOG00000015124
ENSG00000119929	CUTC	ENSMUSG00000025193	ENSRNOG00000017298
ENSG00000119938	PPP1R3C	ENSMUSG00000067279	ENSRNOG00000018494
ENSG00000119943	PYROXD2	ENSMUSG00000060224	ENSRNOG00000015807
ENSG00000119946	CNNM1	ENSMUSG00000025189	ENSRNOG00000016302
ENSG00000119950	MXI1	ENSMUSG00000025025	ENSRNOG00000034078
ENSG00000119953	SMNDC1	ENSMUSG00000025024	ENSRNOG00000014833
ENSG00000119965	C10orf88	ENSMUSG00000040177	ENSRNOG00000020597
ENSG00000119969	HELLS	ENSMUSG00000025001	ENSRNOG00000047692
ENSG00000119973	PRLHR	ENSMUSG00000045052	ENSRNOG00000009922
ENSG00000119977	TCTN3	ENSMUSG00000025008	ENSRNOG00000062728
ENSG00000119979	DENND10	ENSMUSG00000024993	ENSRNOG00000010230
ENSG00000119986	AVPI1	ENSMUSG00000018821	ENSRNOG00000014828
ENSG00000120008	WDR11	ENSMUSG00000042055	ENSRNOG00000020430
ENSG00000120029	ARMH3	ENSMUSG00000039901	ENSRNOG00000025523
ENSG00000120049	KCNIP2	ENSMUSG00000025221	ENSRNOG00000018018
ENSG00000120051	CFAP58	ENSMUSG00000046585	ENSRNOG00000049596
ENSG00000120053	GOT1	ENSMUSG00000025190	ENSRNOG00000016356
ENSG00000120054	CPN1	ENSMUSG00000025196	ENSRNOG00000013439
ENSG00000120055	C10orf95	ENSMUSG00000099655	ENSRNOG00000066499
ENSG00000120057	SFRP5	ENSMUSG00000018822	ENSRNOG00000014940
ENSG00000120063	GNA13	ENSMUSG00000020611	ENSRNOG00000063135
ENSG00000120068	HOXB8	ENSMUSG00000056648	ENSRNOG00000007585
ENSG00000120071	KANSL1	ENSMUSG00000018412	ENSRNOG00000053680
ENSG00000120075	HOXB5	ENSMUSG00000038700	ENSRNOG00000081481
ENSG00000120088	CRHR1	ENSMUSG00000018634	ENSRNOG00000004900
ENSG00000120093	HOXB3	ENSMUSG00000048763	ENSRNOG00000008313
ENSG00000120094	HOXB1	ENSMUSG00000018973	ENSRNOG00000008506
ENSG00000120129	DUSP1	ENSMUSG00000024190	ENSRNOG00000069024
ENSG00000120137	PANK3	ENSMUSG00000018846	ENSRNOG00000007419
ENSG00000120149	MSX2	ENSMUSG00000021469	ENSRNOG00000018355
ENSG00000120156	TEK	ENSMUSG00000006386	ENSRNOG00000008587
ENSG00000120158	RCL1	ENSMUSG00000024785	ENSRNOG00000015491
ENSG00000120159	CAAP1	ENSMUSG00000028578	ENSRNOG00000007299
ENSG00000120160	EQTN	ENSMUSG00000028575	ENSRNOG00000026323
ENSG00000120162	MOB3B	ENSMUSG00000073910	ENSRNOG00000009453
ENSG00000120210	INSL6	ENSMUSG00000050957	ENSRNOG00000015868
ENSG00000120215	MLANA	ENSMUSG00000024806	ENSRNOG00000036608
ENSG00000120217	CD274	ENSMUSG00000016496	ENSRNOG00000016112
ENSG00000120251	GRIA2	ENSMUSG00000033981	ENSRNOG00000054204
ENSG00000120253	NUP43	ENSMUSG00000040034	ENSRNOG00000049505
ENSG00000120254	MTHFD1L	ENSMUSG00000040675	ENSRNOG00000019582
ENSG00000120256	LRP11	ENSMUSG00000019796	ENSRNOG00000014303
ENSG00000120262	CCDC170	ENSMUSG00000019767	ENSRNOG00000024280
ENSG00000120265	PCMT1	ENSMUSG00000019795	ENSRNOG00000014330
ENSG00000120278	PLEKHG1	ENSMUSG00000040624	ENSRNOG00000016011
ENSG00000120279	MYCT1	ENSMUSG00000046916	ENSRNOG00000018858
ENSG00000120280	TASL	ENSMUSG00000025058	ENSRNOG00000003748
ENSG00000120314	WDR55	ENSMUSG00000042660	ENSRNOG00000017251
ENSG00000120318	ARAP3	ENSMUSG00000024451	ENSRNOG00000055527
ENSG00000120329	SLC25A2	ENSMUSG00000050304	ENSRNOG00000020024
ENSG00000120332	TNN	ENSMUSG00000026725	ENSRNOG00000002548
ENSG00000120333	MRPS14	ENSMUSG00000058267	ENSRNOG00000079901
ENSG00000120334	CENPL	ENSMUSG00000026708	ENSRNOG00000038789
ENSG00000120337	TNFSF18	ENSMUSG00000066755	ENSRNOG00000026607
ENSG00000120341	SEC16B	ENSMUSG00000026589	ENSRNOG00000005229
ENSG00000120370	GORAB	ENSMUSG00000040124	ENSRNOG00000003861
ENSG00000120436	GPR31	ENSMUSG00000071311	ENSRNOG00000072725
ENSG00000120438	TCP1	ENSMUSG00000068039	ENSRNOG00000014160
ENSG00000120440	TTLL2	ENSMUSG00000079722	ENSRNOG00000033901
ENSG00000120451	SNX19	ENSMUSG00000031993	ENSRNOG00000014719
ENSG00000120457	KCNJ5	ENSMUSG00000032034	ENSRNOG00000033796
ENSG00000120458	MSANTD2	ENSMUSG00000042138	ENSRNOG00000009950
ENSG00000120498	TEX11	ENSMUSG00000009670	ENSRNOG00000025672
ENSG00000120500	ARR3	ENSMUSG00000060890	ENSRNOG00000002904
ENSG00000120509	PDZD11	ENSMUSG00000015668	ENSRNOG00000084220
ENSG00000120519	SLC10A7	ENSMUSG00000031684	ENSRNOG00000011991
ENSG00000120526	NUDCD1	ENSMUSG00000038736	ENSRNOG00000024929
ENSG00000120533	ENY2	ENSMUSG00000022338	ENSRNOG00000004681
ENSG00000120539	MASTL	ENSMUSG00000026779	ENSRNOG00000054474
ENSG00000120549	KIAA1217	ENSMUSG00000036617	ENSRNOG00000008666
ENSG00000120594	PLXDC2	ENSMUSG00000026748	ENSRNOG00000000142
ENSG00000120616	EPC1	ENSMUSG00000024240	ENSRNOG00000014834
ENSG00000120645	IQSEC3	ENSMUSG00000040797	ENSRNOG00000014083
ENSG00000120647	CCDC77	ENSMUSG00000030177	ENSRNOG00000037206
ENSG00000120656	TAF12	ENSMUSG00000028899	ENSRNOG00000048288
ENSG00000120658	ENOX1	ENSMUSG00000022012	ENSRNOG00000047817
ENSG00000120659	TNFSF11	ENSMUSG00000022015	ENSRNOG00000071047
ENSG00000120662	MTRF1	ENSMUSG00000022022	ENSRNOG00000047106
ENSG00000120669	SOHLH2	ENSMUSG00000027794	ENSRNOG00000038091
ENSG00000120675	DNAJC15	ENSMUSG00000022013	ENSRNOG00000009063
ENSG00000120685	PROSER1	ENSMUSG00000049504	ENSRNOG00000010980
ENSG00000120686	UFM1	ENSMUSG00000027746	ENSRNOG00000038176
ENSG00000120688	WBP4	ENSMUSG00000022023	ENSRNOG00000011678
ENSG00000120690	ELF1	ENSMUSG00000036461	ENSRNOG00000011762
ENSG00000120694	HSPH1	ENSMUSG00000029657	ENSRNOG00000000902
ENSG00000120697	ALG5	ENSMUSG00000036632	ENSRNOG00000058694
ENSG00000120699	EXOSC8	ENSMUSG00000027752	ENSRNOG00000051623
ENSG00000120705	ETF1	ENSMUSG00000024360	ENSRNOG00000019450
ENSG00000120708	TGFBI	ENSMUSG00000035493	ENSRNOG00000012216
ENSG00000120709	FAM53C	ENSMUSG00000034300	ENSRNOG00000020261
ENSG00000120725	SIL1	ENSMUSG00000024357	ENSRNOG00000019826
ENSG00000120727	PAIP2	ENSMUSG00000037058	ENSRNOG00000019934
ENSG00000120729	MYOT	ENSMUSG00000024471	ENSRNOG00000047186
ENSG00000120733	KDM3B	ENSMUSG00000038773	ENSRNOG00000050200
ENSG00000120738	EGR1	ENSMUSG00000038418	ENSRNOG00000019422
ENSG00000120742	SERP1	ENSMUSG00000027808	ENSRNOG00000011763
ENSG00000120756	PLS1	ENSMUSG00000049493	ENSRNOG00000009945
ENSG00000120784	ZFP30	ENSMUSG00000047473	ENSRNOG00000055519
ENSG00000120798	NR2C1	ENSMUSG00000005897	ENSRNOG00000006983
ENSG00000120800	UTP20	ENSMUSG00000004356	ENSRNOG00000005823
ENSG00000120802	TMPO	ENSMUSG00000019961	ENSRNOG00000008797
ENSG00000120805	ARL1	ENSMUSG00000060904	ENSRNOG00000005763
ENSG00000120820	GLT8D2	ENSMUSG00000020251	ENSRNOG00000033579
ENSG00000120832	MTERF2	ENSMUSG00000049038	ENSRNOG00000006978
ENSG00000120833	SOCS2	ENSMUSG00000020027	ENSRNOG00000008965
ENSG00000120837	NFYB	ENSMUSG00000020248	ENSRNOG00000010309
ENSG00000120860	WASHC3	ENSMUSG00000020056	ENSRNOG00000005102
ENSG00000120868	APAF1	ENSMUSG00000019979	ENSRNOG00000008022
ENSG00000120875	DUSP4	ENSMUSG00000031530	ENSRNOG00000011921
ENSG00000120885	CLU	ENSMUSG00000022037	ENSRNOG00000016460
ENSG00000120896	SORBS3	ENSMUSG00000022091	ENSRNOG00000008829
ENSG00000120899	PTK2B	ENSMUSG00000059456	ENSRNOG00000027839
ENSG00000120903	CHRNA2	ENSMUSG00000022041	ENSRNOG00000017424
ENSG00000120907	ADRA1A	ENSMUSG00000045875	ENSRNOG00000009522
ENSG00000120910	PPP3CC	ENSMUSG00000022092	ENSRNOG00000009745
ENSG00000120913	PDLIM2	ENSMUSG00000022090	ENSRNOG00000008543
ENSG00000120915	EPHX2	ENSMUSG00000022040	ENSRNOG00000017286
ENSG00000120925	RNF170	ENSMUSG00000013878	ENSRNOG00000069749
ENSG00000120937	NPPB	ENSMUSG00000029019	ENSRNOG00000008141
ENSG00000120942	UBIAD1	ENSMUSG00000047719	ENSRNOG00000009575
ENSG00000120948	TARDBP	ENSMUSG00000041459	ENSRNOG00000012455
ENSG00000120949	TNFRSF8	ENSMUSG00000028602	ENSRNOG00000016782
ENSG00000120963	ZNF706	ENSMUSG00000062397	ENSRNOG00000060956
ENSG00000120992	LYPLA1	ENSMUSG00000025903	ENSRNOG00000008320
ENSG00000121005	CRISPLD1	ENSMUSG00000025776	ENSRNOG00000017773
ENSG00000121022	COPS5	ENSMUSG00000025917	ENSRNOG00000006499
ENSG00000121039	RDH10	ENSMUSG00000025921	ENSRNOG00000006681
ENSG00000121053	EPX	ENSMUSG00000052234	ENSRNOG00000008707
ENSG00000121057	AKAP1	ENSMUSG00000018428	ENSRNOG00000002373
ENSG00000121058	COIL	ENSMUSG00000033983	ENSRNOG00000000244
ENSG00000121060	TRIM25	ENSMUSG00000000275	ENSRNOG00000002341
ENSG00000121064	SCPEP1	ENSMUSG00000000278	ENSRNOG00000002358
ENSG00000121068	TBX2	ENSMUSG00000000093	ENSRNOG00000003517
ENSG00000121073	SLC35B1	ENSMUSG00000020873	ENSRNOG00000004510
ENSG00000121075	TBX4	ENSMUSG00000000094	ENSRNOG00000003544
ENSG00000121101	TEX14	ENSMUSG00000010342	ENSRNOG00000023698
ENSG00000121104	FAM117A	ENSMUSG00000038893	ENSRNOG00000004417
ENSG00000121152	NCAPH	ENSMUSG00000034906	ENSRNOG00000012051
ENSG00000121207	LRAT	ENSMUSG00000028003	ENSRNOG00000025608
ENSG00000121210	TMEM131L	ENSMUSG00000033767	ENSRNOG00000009837
ENSG00000121211	MND1	ENSMUSG00000033752	ENSRNOG00000024733
ENSG00000121236	TRIM6	ENSMUSG00000072244	ENSRNOG00000017147
ENSG00000121274	TENT4B	ENSMUSG00000036779	ENSRNOG00000024212
ENSG00000121281	ADCY7	ENSMUSG00000031659	ENSRNOG00000014776
ENSG00000121289	CEP89	ENSMUSG00000023072	ENSRNOG00000012140
ENSG00000121297	TSHZ3	ENSMUSG00000021217	ENSRNOG00000013938
ENSG00000121310	ECHDC2	ENSMUSG00000028601	ENSRNOG00000029333
ENSG00000121316	PLBD1	ENSMUSG00000030214	ENSRNOG00000008933
ENSG00000121350	PYROXD1	ENSMUSG00000041671	ENSRNOG00000012472
ENSG00000121351	IAPP	ENSMUSG00000041681	ENSRNOG00000082704
ENSG00000121361	KCNJ8	ENSMUSG00000030247	ENSRNOG00000013463
ENSG00000121377	TAS2R7	ENSMUSG00000054497	ENSRNOG00000005645
ENSG00000121380	BCL2L14	ENSMUSG00000030200	ENSRNOG00000028632
ENSG00000121390	PSPC1	ENSMUSG00000021938	ENSRNOG00000020782
ENSG00000121413	ZSCAN18	ENSMUSG00000070822	ENSRNOG00000026861
ENSG00000121440	PDZRN3	ENSMUSG00000035357	ENSRNOG00000057556
ENSG00000121446	RGSL1	ENSMUSG00000042641	ENSRNOG00000026952
ENSG00000121454	LHX4	ENSMUSG00000026468	ENSRNOG00000003595
ENSG00000121481	RNF2	ENSMUSG00000026484	ENSRNOG00000002454
ENSG00000121486	TRMT1L	ENSMUSG00000053286	ENSRNOG00000002580
ENSG00000121542	SEC22A	ENSMUSG00000034473	ENSRNOG00000043069
ENSG00000121570	DPPA4	ENSMUSG00000058550	ENSRNOG00000025404
ENSG00000121577	POPDC2	ENSMUSG00000022803	ENSRNOG00000058752
ENSG00000121578	B4GALT4	ENSMUSG00000022793	ENSRNOG00000003114
ENSG00000121579	NAA50	ENSMUSG00000022698	ENSRNOG00000039017
ENSG00000121594	CD80	ENSMUSG00000075122	ENSRNOG00000001527
ENSG00000121621	KIF18A	ENSMUSG00000027115	ENSRNOG00000005037
ENSG00000121634	GJA8	ENSMUSG00000049908	ENSRNOG00000046703
ENSG00000121644	DESI2	ENSMUSG00000026502	ENSRNOG00000004524
ENSG00000121653	MAPK8IP1	ENSMUSG00000027223	ENSRNOG00000058478
ENSG00000121671	CRY2	ENSMUSG00000068742	ENSRNOG00000007478
ENSG00000121680	PEX16	ENSMUSG00000027222	ENSRNOG00000006539
ENSG00000121690	DEPDC7	ENSMUSG00000027173	ENSRNOG00000012262
ENSG00000121691	CAT	ENSMUSG00000027187	ENSRNOG00000008364
ENSG00000121741	ZMYM2	ENSMUSG00000021945	ENSRNOG00000008734
ENSG00000121742	GJB6	ENSMUSG00000040055	ENSRNOG00000022116
ENSG00000121743	GJA3	ENSMUSG00000048582	ENSRNOG00000008847
ENSG00000121749	TBC1D15	ENSMUSG00000020130	ENSRNOG00000003889
ENSG00000121753	ADGRB2	ENSMUSG00000028782	ENSRNOG00000014375
ENSG00000121764	HCRTR1	ENSMUSG00000028778	ENSRNOG00000013838
ENSG00000121766	ZCCHC17	ENSMUSG00000028772	ENSRNOG00000012266
ENSG00000121769	FABP3	ENSMUSG00000028773	ENSRNOG00000012879
ENSG00000121774	KHDRBS1	ENSMUSG00000028790	ENSRNOG00000046794
ENSG00000121775	TMEM39B	ENSMUSG00000053730	ENSRNOG00000023746
ENSG00000121797	CCRL2	ENSMUSG00000043953	ENSRNOG00000033234
ENSG00000121807	CCR2	ENSMUSG00000049103	ENSRNOG00000063127
ENSG00000121853	GHSR	ENSMUSG00000051136	ENSRNOG00000024119
ENSG00000121858	TNFSF10	ENSMUSG00000039304	ENSRNOG00000086118
ENSG00000121864	ZNF639	ENSMUSG00000027667	ENSRNOG00000043053
ENSG00000121871	SLITRK3	ENSMUSG00000048304	ENSRNOG00000009821
ENSG00000121879	PIK3CA	ENSMUSG00000027665	ENSRNOG00000056371
ENSG00000121892	PDS5A	ENSMUSG00000029202	ENSRNOG00000002541
ENSG00000121895	TMEM156	ENSMUSG00000037913	ENSRNOG00000026518
ENSG00000121897	LIAS	ENSMUSG00000029199	ENSRNOG00000002759
ENSG00000121898	CPXM2	ENSMUSG00000030862	ENSRNOG00000015902
ENSG00000121900	TMEM54	ENSMUSG00000028786	ENSRNOG00000024259
ENSG00000121903	ZSCAN20	ENSMUSG00000061894	ENSRNOG00000005886
ENSG00000121904	CSMD2	ENSMUSG00000028804	ENSRNOG00000007057
ENSG00000121905	HPCA	ENSMUSG00000028785	ENSRNOG00000006979
ENSG00000121931	LRIF1	ENSMUSG00000056260	ENSRNOG00000017784
ENSG00000121933	TMIGD3	ENSMUSG00000074344	ENSRNOG00000043375
ENSG00000121940	CLCC1	ENSMUSG00000027884	ENSRNOG00000020360
ENSG00000121957	GPSM2	ENSMUSG00000027883	ENSRNOG00000012149
ENSG00000121964	QTMAN	ENSMUSG00000036890	ENSRNOG00000031038
ENSG00000121966	CXCR4	ENSMUSG00000045382	ENSRNOG00000003866
ENSG00000121988	ZRANB3	ENSMUSG00000036086	ENSRNOG00000003979
ENSG00000121989	ACVR2A	ENSMUSG00000052155	ENSRNOG00000065897
ENSG00000122008	POLK	ENSMUSG00000021668	ENSRNOG00000060626
ENSG00000122012	SV2C	ENSMUSG00000051111	ENSRNOG00000018094
ENSG00000122025	FLT3	ENSMUSG00000042817	ENSRNOG00000054764
ENSG00000122033	MTIF3	ENSMUSG00000016510	ENSRNOG00000070811
ENSG00000122034	GTF3A	ENSMUSG00000016503	ENSRNOG00000050016
ENSG00000122035	RASL11A	ENSMUSG00000029641	ENSRNOG00000000956
ENSG00000122042	UBL3	ENSMUSG00000001687	ENSRNOG00000000921
ENSG00000122068	FYTTD1	ENSMUSG00000022800	ENSRNOG00000034233
ENSG00000122085	MTERF4	ENSMUSG00000026273	ENSRNOG00000037376
ENSG00000122121	XPNPEP2	ENSMUSG00000037005	ENSRNOG00000004009
ENSG00000122122	SASH3	ENSMUSG00000031101	ENSRNOG00000004409
ENSG00000122126	OCRL	ENSMUSG00000001173	ENSRNOG00000003875
ENSG00000122140	MRPS2	ENSMUSG00000035772	ENSRNOG00000010164
ENSG00000122145	TBX22	ENSMUSG00000031241	ENSRNOG00000002346
ENSG00000122176	FMOD	ENSMUSG00000041559	ENSRNOG00000003183
ENSG00000122180	MYOG	ENSMUSG00000026459	ENSRNOG00000030743
ENSG00000122188	LAX1	ENSMUSG00000051998	ENSRNOG00000028250
ENSG00000122203	KIAA1191	ENSMUSG00000025871	ENSRNOG00000017133
ENSG00000122218	COPA	ENSMUSG00000026553	ENSRNOG00000006247
ENSG00000122224	LY9	ENSMUSG00000004707	ENSRNOG00000025069
ENSG00000122254	HS3ST2	ENSMUSG00000046321	ENSRNOG00000017659
ENSG00000122257	RBBP6	ENSMUSG00000030779	ENSRNOG00000012806
ENSG00000122299	ZC3H7A	ENSMUSG00000037965	ENSRNOG00000002420
ENSG00000122304	PRM2	ENSMUSG00000038015	ENSRNOG00000002539
ENSG00000122335	SERAC1	ENSMUSG00000015659	ENSRNOG00000017889
ENSG00000122359	ANXA11	ENSMUSG00000021866	ENSRNOG00000010984
ENSG00000122367	LDB3	ENSMUSG00000021798	ENSRNOG00000059166
ENSG00000122375	OPN4	ENSMUSG00000021799	ENSRNOG00000053893
ENSG00000122376	SHLD2	ENSMUSG00000041471	ENSRNOG00000059057
ENSG00000122378	PRXL2A	ENSMUSG00000021792	ENSRNOG00000011140
ENSG00000122386	ZNF205	ENSMUSG00000062012	ENSRNOG00000003455
ENSG00000122390	NAA60	ENSMUSG00000005982	ENSRNOG00000007280
ENSG00000122417	ODF2L	ENSMUSG00000028256	ENSRNOG00000014059
ENSG00000122420	PTGFR	ENSMUSG00000028036	ENSRNOG00000046468
ENSG00000122432	SPATA1	ENSMUSG00000028188	ENSRNOG00000015678
ENSG00000122435	TRMT13	ENSMUSG00000033439	ENSRNOG00000015140
ENSG00000122477	LRRC39	ENSMUSG00000027961	ENSRNOG00000015117
ENSG00000122481	RWDD3	ENSMUSG00000028133	ENSRNOG00000029893
ENSG00000122482	ZNF644	ENSMUSG00000049606	ENSRNOG00000002112
ENSG00000122483	CCDC18	ENSMUSG00000056531	ENSRNOG00000024545
ENSG00000122484	RPAP2	ENSMUSG00000033773	ENSRNOG00000023484
ENSG00000122490	SLC66A2	ENSMUSG00000034006	ENSRNOG00000059215
ENSG00000122507	BBS9	ENSMUSG00000035919	ENSRNOG00000015189
ENSG00000122512	PMS2	ENSMUSG00000079109	ENSRNOG00000001040
ENSG00000122515	ZMIZ2	ENSMUSG00000041164	ENSRNOG00000025923
ENSG00000122547	EEPD1	ENSMUSG00000036611	ENSRNOG00000006931
ENSG00000122550	KLHL7	ENSMUSG00000028986	ENSRNOG00000010453
ENSG00000122557	HERPUD2	ENSMUSG00000008429	ENSRNOG00000029995
ENSG00000122574	WIPF3	ENSMUSG00000086040	ENSRNOG00000009571
ENSG00000122584	NXPH1	ENSMUSG00000046178	ENSRNOG00000008939
ENSG00000122585	NPY	ENSMUSG00000029819	ENSRNOG00000046449
ENSG00000122591	HYCC1	ENSMUSG00000028995	ENSRNOG00000010517
ENSG00000122592	HOXA7	ENSMUSG00000038236	ENSRNOG00000046361
ENSG00000122641	INHBA	ENSMUSG00000041324	ENSRNOG00000014320
ENSG00000122642	FKBP9	ENSMUSG00000029781	ENSRNOG00000005478
ENSG00000122643	NT5C3A	ENSMUSG00000029780	ENSRNOG00000005981
ENSG00000122644	ARL4A	ENSMUSG00000047446	ENSRNOG00000069300
ENSG00000122678	POLM	ENSMUSG00000020474	ENSRNOG00000013647
ENSG00000122679	RAMP3	ENSMUSG00000041046	ENSRNOG00000053766
ENSG00000122687	MRM2	ENSMUSG00000029557	ENSRNOG00000043267
ENSG00000122691	TWIST1	ENSMUSG00000035799	ENSRNOG00000011101
ENSG00000122692	SMU1	ENSMUSG00000028409	ENSRNOG00000007671
ENSG00000122694	GLIPR2	ENSMUSG00000028480	ENSRNOG00000014838
ENSG00000122705	CLTA	ENSMUSG00000028478	ENSRNOG00000014635
ENSG00000122707	RECK	ENSMUSG00000028476	ENSRNOG00000014863
ENSG00000122729	ACO1	ENSMUSG00000028405	ENSRNOG00000005849
ENSG00000122733	PHF24	ENSMUSG00000036062	ENSRNOG00000000129
ENSG00000122735	DNAI1	ENSMUSG00000061322	ENSRNOG00000013734
ENSG00000122741	DCAF10	ENSMUSG00000035572	ENSRNOG00000011655
ENSG00000122756	CNTFR	ENSMUSG00000028444	ENSRNOG00000047307
ENSG00000122778	KIAA1549	ENSMUSG00000063455	ENSRNOG00000013729
ENSG00000122779	TRIM24	ENSMUSG00000029833	ENSRNOG00000013251
ENSG00000122783	CYREN	ENSMUSG00000046806	ENSRNOG00000026958
ENSG00000122786	CALD1	ENSMUSG00000029761	ENSRNOG00000010233
ENSG00000122787	AKR1D1	ENSMUSG00000038641	ENSRNOG00000013004
ENSG00000122859	NEUROG3	ENSMUSG00000044312	ENSRNOG00000024413
ENSG00000122861	PLAU	ENSMUSG00000021822	ENSRNOG00000010516
ENSG00000122862	SRGN	ENSMUSG00000020077	ENSRNOG00000000394
ENSG00000122863	CHST3	ENSMUSG00000057337	ENSRNOG00000000572
ENSG00000122870	BICC1	ENSMUSG00000014329	ENSRNOG00000000614
ENSG00000122873	CISD1	ENSMUSG00000037710	ENSRNOG00000000610
ENSG00000122877	EGR2	ENSMUSG00000037868	ENSRNOG00000000640
ENSG00000122882	ECD	ENSMUSG00000021810	ENSRNOG00000042253
ENSG00000122884	P4HA1	ENSMUSG00000019916	ENSRNOG00000050655
ENSG00000122912	SLC25A16	ENSMUSG00000071253	ENSRNOG00000000387
ENSG00000122952	ZWINT	ENSMUSG00000019923	ENSRNOG00000048682
ENSG00000122958	VPS26A	ENSMUSG00000020078	ENSRNOG00000030683
ENSG00000122965	RBM19	ENSMUSG00000029594	ENSRNOG00000001397
ENSG00000122966	CIT	ENSMUSG00000029516	ENSRNOG00000001143
ENSG00000122970	IFT81	ENSMUSG00000029469	ENSRNOG00000001294
ENSG00000122971	ACADS	ENSMUSG00000029545	ENSRNOG00000001177
ENSG00000122986	HVCN1	ENSMUSG00000064267	ENSRNOG00000001270
ENSG00000123064	DDX54	ENSMUSG00000029599	ENSRNOG00000001377
ENSG00000123066	MED13L	ENSMUSG00000018076	ENSRNOG00000001120
ENSG00000123080	CDKN2C	ENSMUSG00000028551	ENSRNOG00000008956
ENSG00000123094	RASSF8	ENSMUSG00000030259	ENSRNOG00000015986
ENSG00000123095	BHLHE41	ENSMUSG00000030256	ENSRNOG00000048961
ENSG00000123096	SSPN	ENSMUSG00000030255	ENSRNOG00000001807
ENSG00000123104	ITPR2	ENSMUSG00000030287	ENSRNOG00000001804
ENSG00000123106	CCDC91	ENSMUSG00000030301	ENSRNOG00000001847
ENSG00000123119	NECAB1	ENSMUSG00000040536	ENSRNOG00000066027
ENSG00000123124	WWP1	ENSMUSG00000041058	ENSRNOG00000006328
ENSG00000123131	PRDX4	ENSMUSG00000025289	ENSRNOG00000003763
ENSG00000123136	DDX39A	ENSMUSG00000005481	ENSRNOG00000004373
ENSG00000123143	PKN1	ENSMUSG00000057672	ENSRNOG00000004131
ENSG00000123144	TRIR	ENSMUSG00000041203	ENSRNOG00000003863
ENSG00000123146	ADGRE5	ENSMUSG00000002885	ENSRNOG00000004489
ENSG00000123154	WDR83	ENSMUSG00000005150	ENSRNOG00000004287
ENSG00000123159	GIPC1	ENSMUSG00000019433	ENSRNOG00000003864
ENSG00000123165	ACTRT1	ENSMUSG00000046615	ENSRNOG00000003456
ENSG00000123171	CCDC70	ENSMUSG00000017049	ENSRNOG00000013740
ENSG00000123178	SPRYD7	ENSMUSG00000021930	ENSRNOG00000015095
ENSG00000123179	EBPL	ENSMUSG00000021928	ENSRNOG00000014659
ENSG00000123191	ATP7B	ENSMUSG00000006567	ENSRNOG00000012878
ENSG00000123200	ZC3H13	ENSMUSG00000022000	ENSRNOG00000011237
ENSG00000123213	NLN	ENSMUSG00000021710	ENSRNOG00000011561
ENSG00000123219	CENPK	ENSMUSG00000021714	ENSRNOG00000039740
ENSG00000123240	OPTN	ENSMUSG00000026672	ENSRNOG00000017941
ENSG00000123243	ITIH5	ENSMUSG00000025780	ENSRNOG00000049614
ENSG00000123268	ATF1	ENSMUSG00000023027	ENSRNOG00000061088
ENSG00000123297	TSFM	ENSMUSG00000040521	ENSRNOG00000048843
ENSG00000123307	NEUROD4	ENSMUSG00000048015	ENSRNOG00000008449
ENSG00000123329	ARHGAP9	ENSMUSG00000040345	ENSRNOG00000006946
ENSG00000123338	NCKAP1L	ENSMUSG00000022488	ENSRNOG00000036829
ENSG00000123342	MMP19	ENSMUSG00000025355	ENSRNOG00000006778
ENSG00000123349	PFDN5	ENSMUSG00000001289	ENSRNOG00000012985
ENSG00000123352	SPATS2	ENSMUSG00000051934	ENSRNOG00000052307
ENSG00000123353	ORMDL2	ENSMUSG00000025353	ENSRNOG00000030120
ENSG00000123358	NR4A1	ENSMUSG00000023034	ENSRNOG00000007607
ENSG00000123360	PDE1B	ENSMUSG00000022489	ENSRNOG00000036828
ENSG00000123364	HOXC13	ENSMUSG00000001655	ENSRNOG00000028679
ENSG00000123374	CDK2	ENSMUSG00000025358	ENSRNOG00000006469
ENSG00000123384	LRP1	ENSMUSG00000040249	ENSRNOG00000025053
ENSG00000123388	HOXC11	ENSMUSG00000001656	ENSRNOG00000016141
ENSG00000123395	ATG101	ENSMUSG00000037204	ENSRNOG00000007756
ENSG00000123405	NFE2	ENSMUSG00000058794	ENSRNOG00000036837
ENSG00000123407	HOXC12	ENSMUSG00000050328	ENSRNOG00000016116
ENSG00000123411	IKZF4	ENSMUSG00000002578	ENSRNOG00000005535
ENSG00000123415	SMUG1	ENSMUSG00000036061	ENSRNOG00000036842
ENSG00000123416	TUBA1B	ENSMUSG00000023004	ENSRNOG00000072536
ENSG00000123427	EEF1AKMT3	ENSMUSG00000080115	ENSRNOG00000047631
ENSG00000123444	KBTBD4	ENSMUSG00000005505	ENSRNOG00000009397
ENSG00000123453	SARDH	ENSMUSG00000009614	ENSRNOG00000006916
ENSG00000123454	DBH	ENSMUSG00000000889	ENSRNOG00000006641
ENSG00000123472	ATPAF1	ENSMUSG00000028710	ENSRNOG00000010169
ENSG00000123473	STIL	ENSMUSG00000028718	ENSRNOG00000057760
ENSG00000123485	HJURP	ENSMUSG00000044783	ENSRNOG00000022911
ENSG00000123496	IL13RA2	ENSMUSG00000031289	ENSRNOG00000032973
ENSG00000123552	USP45	ENSMUSG00000040455	ENSRNOG00000008688
ENSG00000123560	PLP1	ENSMUSG00000031425	ENSRNOG00000002419
ENSG00000123561	SERPINA7	ENSMUSG00000031271	ENSRNOG00000011081
ENSG00000123570	RAB9B	ENSMUSG00000043463	ENSRNOG00000047960
ENSG00000123572	NRK	ENSMUSG00000052854	ENSRNOG00000008880
ENSG00000123575	FAM199X	ENSMUSG00000042595	ENSRNOG00000078832
ENSG00000123576	ESX1	ENSMUSG00000023443	ENSRNOG00000048011
ENSG00000123595	RAB9A	ENSMUSG00000079316	ENSRNOG00000030443
ENSG00000123600	METTL8	ENSMUSG00000041975	ENSRNOG00000009382
ENSG00000123607	TTC21B	ENSMUSG00000034848	ENSRNOG00000005868
ENSG00000123609	NMI	ENSMUSG00000026946	ENSRNOG00000027502
ENSG00000123610	TNFAIP6	ENSMUSG00000053475	ENSRNOG00000050792
ENSG00000123612	ACVR1C	ENSMUSG00000026834	ENSRNOG00000004828
ENSG00000123636	BAZ2B	ENSMUSG00000026987	ENSRNOG00000056984
ENSG00000123643	SLC36A1	ENSMUSG00000020261	ENSRNOG00000065424
ENSG00000123685	BATF3	ENSMUSG00000026630	ENSRNOG00000003716
ENSG00000123689	G0S2	ENSMUSG00000009633	ENSRNOG00000006019
ENSG00000123700	KCNJ2	ENSMUSG00000041695	ENSRNOG00000064933
ENSG00000123728	RAP2C	ENSMUSG00000050029	ENSRNOG00000002529
ENSG00000123737	EXOSC9	ENSMUSG00000027714	ENSRNOG00000014674
ENSG00000123739	PLA2G12A	ENSMUSG00000027999	ENSRNOG00000057470
ENSG00000123810	B9D2	ENSMUSG00000063439	ENSRNOG00000028753
ENSG00000123815	COQ8B	ENSMUSG00000003762	ENSRNOG00000020848
ENSG00000123836	PFKFB2	ENSMUSG00000026409	ENSRNOG00000004162
ENSG00000123838	C4BPA	ENSMUSG00000026405	ENSRNOG00000004062
ENSG00000123892	RAB38	ENSMUSG00000030559	ENSRNOG00000016769
ENSG00000123901	GPR83	ENSMUSG00000031932	ENSRNOG00000030318
ENSG00000123908	AGO2	ENSMUSG00000036698	ENSRNOG00000008533
ENSG00000123933	MXD4	ENSMUSG00000037235	ENSRNOG00000015033
ENSG00000123977	DAW1	ENSMUSG00000053161	ENSRNOG00000016247
ENSG00000123983	ACSL3	ENSMUSG00000032883	ENSRNOG00000014718
ENSG00000123989	CHPF	ENSMUSG00000032997	ENSRNOG00000020038
ENSG00000123992	DNPEP	ENSMUSG00000026209	ENSRNOG00000019772
ENSG00000123999	INHA	ENSMUSG00000032968	ENSRNOG00000020097
ENSG00000124003	MOGAT1	ENSMUSG00000012187	ENSRNOG00000014692
ENSG00000124006	OBSL1	ENSMUSG00000026211	ENSRNOG00000015346
ENSG00000124019	FAM124B	ENSMUSG00000043230	ENSRNOG00000054416
ENSG00000124067	SLC12A4	ENSMUSG00000017765	ENSRNOG00000019651
ENSG00000124074	ENKD1	ENSMUSG00000013155	ENSRNOG00000024364
ENSG00000124089	MC3R	ENSMUSG00000038537	ENSRNOG00000004451
ENSG00000124091	GCNT7	ENSMUSG00000074569	ENSRNOG00000084373
ENSG00000124092	CTCFL	ENSMUSG00000070495	ENSRNOG00000028661
ENSG00000124098	FAM210B	ENSMUSG00000027495	ENSRNOG00000004466
ENSG00000124116	WFDC3	ENSMUSG00000076434	ENSRNOG00000042162
ENSG00000124120	TTPAL	ENSMUSG00000017679	ENSRNOG00000009076
ENSG00000124126	PREX1	ENSMUSG00000039621	ENSRNOG00000006952
ENSG00000124134	KCNS1	ENSMUSG00000040164	ENSRNOG00000013681
ENSG00000124140	SLC12A5	ENSMUSG00000017740	ENSRNOG00000018111
ENSG00000124143	ARHGAP40	ENSMUSG00000074625	ENSRNOG00000015359
ENSG00000124145	SDC4	ENSMUSG00000017009	ENSRNOG00000014297
ENSG00000124151	NCOA3	ENSMUSG00000027678	ENSRNOG00000005616
ENSG00000124155	PIGT	ENSMUSG00000017721	ENSRNOG00000014690
ENSG00000124159	MATN4	ENSMUSG00000016995	ENSRNOG00000014021
ENSG00000124160	NCOA5	ENSMUSG00000039804	ENSRNOG00000017824
ENSG00000124164	VAPB	ENSMUSG00000054455	ENSRNOG00000005331
ENSG00000124171	PARD6B	ENSMUSG00000044641	ENSRNOG00000010883
ENSG00000124177	CHD6	ENSMUSG00000057133	ENSRNOG00000016744
ENSG00000124181	PLCG1	ENSMUSG00000016933	ENSRNOG00000051490
ENSG00000124191	TOX2	ENSMUSG00000074607	ENSRNOG00000008146
ENSG00000124193	SRSF6	ENSMUSG00000016921	ENSRNOG00000006380
ENSG00000124194	GDAP1L1	ENSMUSG00000017943	ENSRNOG00000008790
ENSG00000124196	GTSF1L	ENSMUSG00000070708	ENSRNOG00000069924
ENSG00000124198	ARFGEF2	ENSMUSG00000074582	ENSRNOG00000007485
ENSG00000124201	ZNFX1	ENSMUSG00000039501	ENSRNOG00000008194
ENSG00000124203	ZNF831	ENSMUSG00000050600	ENSRNOG00000024693
ENSG00000124205	EDN3	ENSMUSG00000027524	ENSRNOG00000007477
ENSG00000124207	CSE1L	ENSMUSG00000002718	ENSRNOG00000007665
ENSG00000124209	RAB22A	ENSMUSG00000027519	ENSRNOG00000005762
ENSG00000124212	PTGIS	ENSMUSG00000017969	ENSRNOG00000008245
ENSG00000124214	STAU1	ENSMUSG00000039536	ENSRNOG00000007781
ENSG00000124215	CDH26	ENSMUSG00000039155	ENSRNOG00000053332
ENSG00000124216	SNAI1	ENSMUSG00000042821	ENSRNOG00000060821
ENSG00000124217	MOCS3	ENSMUSG00000074576	ENSRNOG00000081351
ENSG00000124222	STX16	ENSMUSG00000027522	ENSRNOG00000005281
ENSG00000124225	PMEPA1	ENSMUSG00000038400	ENSRNOG00000050404
ENSG00000124227	ANKRD60	ENSMUSG00000027517	ENSRNOG00000070627
ENSG00000124228	DDX27	ENSMUSG00000017999	ENSRNOG00000008081
ENSG00000124232	RBPJL	ENSMUSG00000017007	ENSRNOG00000026295
ENSG00000124237	CIMIP1	ENSMUSG00000027518	ENSRNOG00000028533
ENSG00000124249	KCNK15	ENSMUSG00000035238	ENSRNOG00000010816
ENSG00000124251	TP53TG5	ENSMUSG00000017720	ENSRNOG00000026215
ENSG00000124253	PCK1	ENSMUSG00000027513	ENSRNOG00000028616
ENSG00000124256	ZBP1	ENSMUSG00000027514	ENSRNOG00000006314
ENSG00000124275	MTRR	ENSMUSG00000034617	ENSRNOG00000017826
ENSG00000124279	FASTKD3	ENSMUSG00000021532	ENSRNOG00000027422
ENSG00000124299	PEPD	ENSMUSG00000063931	ENSRNOG00000052945
ENSG00000124302	CHST8	ENSMUSG00000060402	ENSRNOG00000070506
ENSG00000124313	IQSEC2	ENSMUSG00000041115	ENSRNOG00000058975
ENSG00000124334	IL9R	ENSMUSG00000020279	ENSRNOG00000020630
ENSG00000124356	STAMBP	ENSMUSG00000006906	ENSRNOG00000012227
ENSG00000124357	NAGK	ENSMUSG00000034744	ENSRNOG00000013911
ENSG00000124370	MCEE	ENSMUSG00000033429	ENSRNOG00000016327
ENSG00000124374	PAIP2B	ENSMUSG00000045896	ENSRNOG00000070386
ENSG00000124383	MPHOSPH10	ENSMUSG00000030521	ENSRNOG00000016266
ENSG00000124391	IL17C	ENSMUSG00000046108	ENSRNOG00000013007
ENSG00000124422	USP22	ENSMUSG00000042506	ENSRNOG00000032492
ENSG00000124429	POF1B	ENSMUSG00000034607	ENSRNOG00000004795
ENSG00000124440	HIF3A	ENSMUSG00000004328	ENSRNOG00000017198
ENSG00000124449	IRGC	ENSMUSG00000062028	ENSRNOG00000024257
ENSG00000124466	LYPD3	ENSMUSG00000057454	ENSRNOG00000019999
ENSG00000124479	NDP	ENSMUSG00000040138	ENSRNOG00000002960
ENSG00000124486	USP9X	ENSMUSG00000031010	ENSRNOG00000003261
ENSG00000124490	CRISP2	ENSMUSG00000023930	ENSRNOG00000013225
ENSG00000124491	F13A1	ENSMUSG00000039109	ENSRNOG00000015957
ENSG00000124493	GRM4	ENSMUSG00000063239	ENSRNOG00000000487
ENSG00000124496	TRERF1	ENSMUSG00000064043	ENSRNOG00000022598
ENSG00000124507	PACSIN1	ENSMUSG00000040276	ENSRNOG00000054603
ENSG00000124508	BTN2A2	ENSMUSG00000053216	ENSRNOG00000038877
ENSG00000124523	SIRT5	ENSMUSG00000054021	ENSRNOG00000017866
ENSG00000124532	MRS2	ENSMUSG00000021339	ENSRNOG00000017545
ENSG00000124535	WRNIP1	ENSMUSG00000021400	ENSRNOG00000017040
ENSG00000124541	RRP36	ENSMUSG00000023971	ENSRNOG00000017836
ENSG00000124557	BTN1A1	ENSMUSG00000000706	ENSRNOG00000017514
ENSG00000124562	SNRPC	ENSMUSG00000024217	ENSRNOG00000088795
ENSG00000124564	SLC17A3	ENSMUSG00000036083	ENSRNOG00000032745
ENSG00000124568	SLC17A1	ENSMUSG00000021335	ENSRNOG00000042692
ENSG00000124571	XPO5	ENSMUSG00000067150	ENSRNOG00000019085
ENSG00000124574	ABCC10	ENSMUSG00000032842	ENSRNOG00000018863
ENSG00000124575	H1-3	ENSMUSG00000052565	ENSRNOG00000090923
ENSG00000124587	PEX6	ENSMUSG00000002763	ENSRNOG00000016655
ENSG00000124596	OARD1	ENSMUSG00000040771	ENSRNOG00000012679
ENSG00000124602	UNC5CL	ENSMUSG00000043592	ENSRNOG00000046601
ENSG00000124608	AARS2	ENSMUSG00000023938	ENSRNOG00000025808
ENSG00000124615	MOCS1	ENSMUSG00000064120	ENSRNOG00000011784
ENSG00000124641	MED20	ENSMUSG00000092558	ENSRNOG00000013852
ENSG00000124659	TBCC	ENSMUSG00000036430	ENSRNOG00000048291
ENSG00000124664	SPDEF	ENSMUSG00000024215	ENSRNOG00000000491
ENSG00000124678	TCP11	ENSMUSG00000062859	ENSRNOG00000000499
ENSG00000124688	MAD2L1BP	ENSMUSG00000034509	ENSRNOG00000019463
ENSG00000124701	APOBEC2	ENSMUSG00000040694	ENSRNOG00000012303
ENSG00000124702	KLHDC3	ENSMUSG00000063576	ENSRNOG00000017495
ENSG00000124713	GNMT	ENSMUSG00000002769	ENSRNOG00000016349
ENSG00000124721	DNAH8	ENSMUSG00000033826	ENSRNOG00000000542
ENSG00000124731	TREM1	ENSMUSG00000042265	ENSRNOG00000022859
ENSG00000124733	MEA1	ENSMUSG00000002768	ENSRNOG00000017144
ENSG00000124743	KLHL31	ENSMUSG00000044938	ENSRNOG00000006224
ENSG00000124762	CDKN1A	ENSMUSG00000023067	ENSRNOG00000000521
ENSG00000124766	SOX4	ENSMUSG00000076431	ENSRNOG00000065643
ENSG00000124767	GLO1	ENSMUSG00000024026	ENSRNOG00000000541
ENSG00000124772	CPNE5	ENSMUSG00000024008	ENSRNOG00000000522
ENSG00000124782	RREB1	ENSMUSG00000039087	ENSRNOG00000015701
ENSG00000124783	SSR1	ENSMUSG00000021427	ENSRNOG00000014165
ENSG00000124784	RIOK1	ENSMUSG00000021428	ENSRNOG00000014049
ENSG00000124785	NRN1	ENSMUSG00000039114	ENSRNOG00000050767
ENSG00000124786	SLC35B3	ENSMUSG00000021432	ENSRNOG00000016174
ENSG00000124787	RPP40	ENSMUSG00000021418	ENSRNOG00000016226
ENSG00000124788	ATXN1	ENSMUSG00000046876	ENSRNOG00000016998
ENSG00000124789	NUP153	ENSMUSG00000021374	ENSRNOG00000001456
ENSG00000124795	DEK	ENSMUSG00000021377	ENSRNOG00000016152
ENSG00000124802	EEF1E1	ENSMUSG00000001707	ENSRNOG00000066344
ENSG00000124812	CRISP1	ENSMUSG00000025774	ENSRNOG00000013612
ENSG00000124813	RUNX2	ENSMUSG00000039153	ENSRNOG00000020193
ENSG00000124818	OPN5	ENSMUSG00000043972	ENSRNOG00000012689
ENSG00000124827	GCM2	ENSMUSG00000021362	ENSRNOG00000015008
ENSG00000124831	LRRFIP1	ENSMUSG00000026305	ENSRNOG00000019892
ENSG00000124839	RAB17	ENSMUSG00000026304	ENSRNOG00000052979
ENSG00000124875	CXCL6	ENSMUSG00000029371	ENSRNOG00000002843
ENSG00000124882	EREG	ENSMUSG00000029377	ENSRNOG00000002771
ENSG00000124920	MYRF	ENSMUSG00000036098	ENSRNOG00000028274
ENSG00000124942	AHNAK	ENSMUSG00000069833	ENSRNOG00000057569
ENSG00000125037	EMC3	ENSMUSG00000030286	ENSRNOG00000009934
ENSG00000125046	SSUH2	ENSMUSG00000034387	ENSRNOG00000005734
ENSG00000125084	WNT1	ENSMUSG00000022997	ENSRNOG00000061818
ENSG00000125089	SH3TC1	ENSMUSG00000036553	ENSRNOG00000007993
ENSG00000125107	CNOT1	ENSMUSG00000036550	ENSRNOG00000012271
ENSG00000125124	BBS2	ENSMUSG00000031755	ENSRNOG00000019020
ENSG00000125149	PHAF1	ENSMUSG00000031889	ENSRNOG00000014668
ENSG00000125170	DOK4	ENSMUSG00000040631	ENSRNOG00000015679
ENSG00000125207	PIWIL1	ENSMUSG00000029423	ENSRNOG00000000934
ENSG00000125245	GPR18	ENSMUSG00000050350	ENSRNOG00000012628
ENSG00000125246	CLYBL	ENSMUSG00000025545	ENSRNOG00000014075
ENSG00000125247	TMTC4	ENSMUSG00000041594	ENSRNOG00000014310
ENSG00000125249	RAP2A	ENSMUSG00000051615	ENSRNOG00000083135
ENSG00000125255	SLC10A2	ENSMUSG00000023073	ENSRNOG00000037753
ENSG00000125257	ABCC4	ENSMUSG00000032849	ENSRNOG00000010064
ENSG00000125266	EFNB2	ENSMUSG00000001300	ENSRNOG00000078208
ENSG00000125285	SOX21	ENSMUSG00000061517	ENSRNOG00000063983
ENSG00000125304	TM9SF2	ENSMUSG00000025544	ENSRNOG00000012751
ENSG00000125319	HROB	ENSMUSG00000034773	ENSRNOG00000020908
ENSG00000125347	IRF1	ENSMUSG00000018899	ENSRNOG00000008144
ENSG00000125351	UPF3B	ENSMUSG00000036572	ENSRNOG00000039994
ENSG00000125352	RNF113A	ENSMUSG00000098134	ENSRNOG00000067995
ENSG00000125354	SEPTIN6	ENSMUSG00000050379	ENSRNOG00000043182
ENSG00000125355	TMEM255A	ENSMUSG00000036502	ENSRNOG00000028085
ENSG00000125356	NDUFA1	ENSMUSG00000016427	ENSRNOG00000071176
ENSG00000125363	AMELX	ENSMUSG00000031354	ENSRNOG00000003965
ENSG00000125375	DMAC2L	ENSMUSG00000054894	ENSRNOG00000004893
ENSG00000125378	BMP4	ENSMUSG00000021835	ENSRNOG00000009694
ENSG00000125384	PTGER2	ENSMUSG00000037759	ENSRNOG00000050968
ENSG00000125386	FAM193A	ENSMUSG00000037210	ENSRNOG00000013832
ENSG00000125388	GRK4	ENSMUSG00000052783	ENSRNOG00000011847
ENSG00000125398	SOX9	ENSMUSG00000000567	ENSRNOG00000080699
ENSG00000125409	TEKT3	ENSMUSG00000042189	ENSRNOG00000027212
ENSG00000125430	HS3ST3B1	ENSMUSG00000070407	ENSRNOG00000003384
ENSG00000125434	SLC25A35	ENSMUSG00000018740	ENSRNOG00000004668
ENSG00000125445	MRPS7	ENSMUSG00000046756	ENSRNOG00000003797
ENSG00000125447	GGA3	ENSMUSG00000020740	ENSRNOG00000027057
ENSG00000125450	NUP85	ENSMUSG00000020739	ENSRNOG00000003673
ENSG00000125457	MIF4GD	ENSMUSG00000020743	ENSRNOG00000081690
ENSG00000125458	NT5C	ENSMUSG00000020736	ENSRNOG00000003650
ENSG00000125459	MSTO1	ENSMUSG00000068922	ENSRNOG00000020357
ENSG00000125482	TTF1	ENSMUSG00000026803	ENSRNOG00000039777
ENSG00000125484	GTF3C4	ENSMUSG00000035666	ENSRNOG00000054725
ENSG00000125485	DDX31	ENSMUSG00000026806	ENSRNOG00000013040
ENSG00000125492	BARHL1	ENSMUSG00000026805	ENSRNOG00000013209
ENSG00000125503	PPP1R12C	ENSMUSG00000019254	ENSRNOG00000053828
ENSG00000125505	MBOAT7	ENSMUSG00000035596	ENSRNOG00000052600
ENSG00000125508	SRMS	ENSMUSG00000027579	ENSRNOG00000013003
ENSG00000125510	OPRL1	ENSMUSG00000027584	ENSRNOG00000016768
ENSG00000125531	FNDC11	ENSMUSG00000047841	ENSRNOG00000013243
ENSG00000125533	BHLHE23	ENSMUSG00000045493	ENSRNOG00000010312
ENSG00000125534	PPDPF	ENSMUSG00000016344	ENSRNOG00000012722
ENSG00000125538	IL1B	ENSMUSG00000027398	ENSRNOG00000004649
ENSG00000125611	CHCHD5	ENSMUSG00000037938	ENSRNOG00000018491
ENSG00000125618	PAX8	ENSMUSG00000026976	ENSRNOG00000026203
ENSG00000125629	INSIG2	ENSMUSG00000003721	ENSRNOG00000002478
ENSG00000125630	POLR1B	ENSMUSG00000027395	ENSRNOG00000018349
ENSG00000125633	CCDC93	ENSMUSG00000026339	ENSRNOG00000002514
ENSG00000125637	PSD4	ENSMUSG00000026979	ENSRNOG00000006079
ENSG00000125648	SLC25A23	ENSMUSG00000046329	ENSRNOG00000047781
ENSG00000125650	PSPN	ENSMUSG00000002664	ENSRNOG00000081220
ENSG00000125651	GTF2F1	ENSMUSG00000002658	ENSRNOG00000047134
ENSG00000125652	ALKBH7	ENSMUSG00000002661	ENSRNOG00000047089
ENSG00000125656	CLPP	ENSMUSG00000002660	ENSRNOG00000047052
ENSG00000125657	TNFSF9	ENSMUSG00000035678	ENSRNOG00000045595
ENSG00000125675	GRIA3	ENSMUSG00000001986	ENSRNOG00000007682
ENSG00000125676	THOC2	ENSMUSG00000037475	ENSRNOG00000007315
ENSG00000125686	MED1	ENSMUSG00000018160	ENSRNOG00000005606
ENSG00000125691	RPL23	ENSMUSG00000071415	ENSRNOG00000004107
ENSG00000125703	ATG4C	ENSMUSG00000028550	ENSRNOG00000008767
ENSG00000125726	CD70	ENSMUSG00000019489	ENSRNOG00000051015
ENSG00000125730	C3	ENSMUSG00000024164	ENSRNOG00000046834
ENSG00000125733	TRIP10	ENSMUSG00000019487	ENSRNOG00000055524
ENSG00000125734	GPR108	ENSMUSG00000005823	ENSRNOG00000046128
ENSG00000125735	TNFSF14	ENSMUSG00000005824	ENSRNOG00000047730
ENSG00000125740	FOSB	ENSMUSG00000003545	ENSRNOG00000046667
ENSG00000125741	OPA3	ENSMUSG00000052214	ENSRNOG00000064373
ENSG00000125743	SNRPD2	ENSMUSG00000040824	ENSRNOG00000015844
ENSG00000125744	RTN2	ENSMUSG00000030401	ENSRNOG00000016603
ENSG00000125746	EML2	ENSMUSG00000040811	ENSRNOG00000030127
ENSG00000125753	VASP	ENSMUSG00000030403	ENSRNOG00000016367
ENSG00000125755	SYMPK	ENSMUSG00000023118	ENSRNOG00000014353
ENSG00000125772	GPCPD1	ENSMUSG00000027346	ENSRNOG00000053201
ENSG00000125775	SDCBP2	ENSMUSG00000027456	ENSRNOG00000009528
ENSG00000125779	PANK2	ENSMUSG00000037514	ENSRNOG00000025286
ENSG00000125780	TGM3	ENSMUSG00000027401	ENSRNOG00000006753
ENSG00000125798	FOXA2	ENSMUSG00000037025	ENSRNOG00000013133
ENSG00000125810	CD93	ENSMUSG00000027435	ENSRNOG00000024799
ENSG00000125812	GZF1	ENSMUSG00000027439	ENSRNOG00000004735
ENSG00000125813	PAX1	ENSMUSG00000037034	ENSRNOG00000024882
ENSG00000125814	NAPB	ENSMUSG00000027438	ENSRNOG00000004753
ENSG00000125815	CST8	ENSMUSG00000027442	ENSRNOG00000004989
ENSG00000125816	NKX2-4	ENSMUSG00000054160	ENSRNOG00000012647
ENSG00000125817	CENPB	ENSMUSG00000068267	ENSRNOG00000057284
ENSG00000125818	PSMF1	ENSMUSG00000032869	ENSRNOG00000009640
ENSG00000125820	NKX2-2	ENSMUSG00000027434	ENSRNOG00000012728
ENSG00000125821	DTD1	ENSMUSG00000027430	ENSRNOG00000008746
ENSG00000125823	CSTL1	ENSMUSG00000055177	ENSRNOG00000004779
ENSG00000125826	RBCK1	ENSMUSG00000027466	ENSRNOG00000006695
ENSG00000125827	TMX4	ENSMUSG00000034723	ENSRNOG00000024852
ENSG00000125831	CST11	ENSMUSG00000036958	ENSRNOG00000004808
ENSG00000125834	STK35	ENSMUSG00000037885	ENSRNOG00000006002
ENSG00000125835	SNRPB	ENSMUSG00000027404	ENSRNOG00000006961
ENSG00000125843	AP5S1	ENSMUSG00000068264	ENSRNOG00000021249
ENSG00000125844	RRBP1	ENSMUSG00000027422	ENSRNOG00000005958
ENSG00000125845	BMP2	ENSMUSG00000027358	ENSRNOG00000071010
ENSG00000125848	FLRT3	ENSMUSG00000051379	ENSRNOG00000004874
ENSG00000125850	OVOL2	ENSMUSG00000037279	ENSRNOG00000006850
ENSG00000125851	PCSK2	ENSMUSG00000027419	ENSRNOG00000005438
ENSG00000125861	GFRA4	ENSMUSG00000027316	ENSRNOG00000021241
ENSG00000125863	MKKS	ENSMUSG00000027274	ENSRNOG00000006705
ENSG00000125864	BFSP1	ENSMUSG00000027420	ENSRNOG00000005707
ENSG00000125869	LAMP5	ENSMUSG00000027270	ENSRNOG00000005457
ENSG00000125870	SNRPB2	ENSMUSG00000008333	ENSRNOG00000004967
ENSG00000125871	MGME1	ENSMUSG00000027424	ENSRNOG00000028196
ENSG00000125872	LRRN4	ENSMUSG00000043110	ENSRNOG00000032989
ENSG00000125875	TBC1D20	ENSMUSG00000027465	ENSRNOG00000005766
ENSG00000125877	ITPA	ENSMUSG00000074797	ENSRNOG00000021233
ENSG00000125878	TCF15	ENSMUSG00000068079	ENSRNOG00000000012
ENSG00000125879	OTOR	ENSMUSG00000027416	ENSRNOG00000028721
ENSG00000125885	MCM8	ENSMUSG00000027353	ENSRNOG00000021272
ENSG00000125888	BANF2	ENSMUSG00000037307	ENSRNOG00000006032
ENSG00000125895	TMEM74B	ENSMUSG00000044364	ENSRNOG00000081966
ENSG00000125898	FAM110A	ENSMUSG00000027459	ENSRNOG00000050946
ENSG00000125901	MRPS26	ENSMUSG00000037740	ENSRNOG00000021224
ENSG00000125903	DEFB129	ENSMUSG00000074681	ENSRNOG00000023477
ENSG00000125910	S1PR4	ENSMUSG00000044199	ENSRNOG00000005370
ENSG00000125912	NCLN	ENSMUSG00000020238	ENSRNOG00000004793
ENSG00000125931	CITED1	ENSMUSG00000051159	ENSRNOG00000003189
ENSG00000125952	MAX	ENSMUSG00000059436	ENSRNOG00000008049
ENSG00000125962	ARMCX5	ENSMUSG00000072969	ENSRNOG00000003187
ENSG00000125965	GDF5	ENSMUSG00000038259	ENSRNOG00000050123
ENSG00000125966	MMP24	ENSMUSG00000027612	ENSRNOG00000047028
ENSG00000125967	NECAB3	ENSMUSG00000027489	ENSRNOG00000016708
ENSG00000125968	ID1	ENSMUSG00000042745	ENSRNOG00000021750
ENSG00000125970	RALY	ENSMUSG00000027593	ENSRNOG00000017405
ENSG00000125971	DYNLRB1	ENSMUSG00000047459	ENSRNOG00000025715
ENSG00000125975	C20orf173	ENSMUSG00000074646	ENSRNOG00000047596
ENSG00000125977	EIF2S2	ENSMUSG00000074656	ENSRNOG00000017447
ENSG00000125991	ERGIC3	ENSMUSG00000005881	ENSRNOG00000031085
ENSG00000125995	ROMO1	ENSMUSG00000067847	ENSRNOG00000045555
ENSG00000125998	FAM83C	ENSMUSG00000074647	ENSRNOG00000046772
ENSG00000125999	BPIFB1	ENSMUSG00000027485	ENSRNOG00000015468
ENSG00000126001	CEP250	ENSMUSG00000038241	ENSRNOG00000019340
ENSG00000126003	PLAGL2	ENSMUSG00000051413	ENSRNOG00000010086
ENSG00000126010	GRPR	ENSMUSG00000031364	ENSRNOG00000004124
ENSG00000126016	AMOT	ENSMUSG00000041688	ENSRNOG00000007345
ENSG00000126062	TMEM115	ENSMUSG00000010045	ENSRNOG00000021899
ENSG00000126067	PSMB2	ENSMUSG00000028837	ENSRNOG00000011463
ENSG00000126070	AGO3	ENSMUSG00000028842	ENSRNOG00000034269
ENSG00000126088	UROD	ENSMUSG00000028684	ENSRNOG00000018211
ENSG00000126091	ST3GAL3	ENSMUSG00000028538	ENSRNOG00000019843
ENSG00000126106	TMEM53	ENSMUSG00000048772	ENSRNOG00000019186
ENSG00000126107	HECTD3	ENSMUSG00000046861	ENSRNOG00000018363
ENSG00000126214	KLC1	ENSMUSG00000021288	ENSRNOG00000011572
ENSG00000126215	XRCC3	ENSMUSG00000021287	ENSRNOG00000012141
ENSG00000126216	TUBGCP3	ENSMUSG00000000759	ENSRNOG00000017085
ENSG00000126217	MCF2L	ENSMUSG00000031442	ENSRNOG00000028426
ENSG00000126218	F10	ENSMUSG00000031444	ENSRNOG00000033444
ENSG00000126226	PCID2	ENSMUSG00000038542	ENSRNOG00000025222
ENSG00000126231	PROZ	ENSMUSG00000031445	ENSRNOG00000019700
ENSG00000126233	SLURP1	ENSMUSG00000022596	ENSRNOG00000005944
ENSG00000126243	LRFN3	ENSMUSG00000036957	ENSRNOG00000020839
ENSG00000126246	IGFLR1	ENSMUSG00000036826	ENSRNOG00000020957
ENSG00000126247	CAPNS1	ENSMUSG00000001794	ENSRNOG00000067065
ENSG00000126249	PDCD2L	ENSMUSG00000002635	ENSRNOG00000021119
ENSG00000126254	RBM42	ENSMUSG00000036733	ENSRNOG00000024278
ENSG00000126259	KIRREL2	ENSMUSG00000036915	ENSRNOG00000020864
ENSG00000126261	UBA2	ENSMUSG00000052997	ENSRNOG00000021113
ENSG00000126262	FFAR2	ENSMUSG00000051314	ENSRNOG00000021021
ENSG00000126264	HCST	ENSMUSG00000064109	ENSRNOG00000020849
ENSG00000126266	FFAR1	ENSMUSG00000044453	ENSRNOG00000024009
ENSG00000126267	COX6B1	ENSMUSG00000036751	ENSRNOG00000024309
ENSG00000126337	KRT36	ENSMUSG00000020916	ENSRNOG00000031805
ENSG00000126351	THRA	ENSMUSG00000058756	ENSRNOG00000009066
ENSG00000126353	CCR7	ENSMUSG00000037944	ENSRNOG00000010665
ENSG00000126368	NR1D1	ENSMUSG00000020889	ENSRNOG00000009329
ENSG00000126391	FRMD8	ENSMUSG00000024816	ENSRNOG00000020881
ENSG00000126432	PRDX5	ENSMUSG00000024953	ENSRNOG00000021125
ENSG00000126453	BCL2L12	ENSMUSG00000003190	ENSRNOG00000020486
ENSG00000126456	IRF3	ENSMUSG00000003184	ENSRNOG00000043388
ENSG00000126457	PRMT1	ENSMUSG00000109324	ENSRNOG00000026109
ENSG00000126458	RRAS	ENSMUSG00000038387	ENSRNOG00000037247
ENSG00000126460	PRRG2	ENSMUSG00000007837	ENSRNOG00000020517
ENSG00000126461	SCAF1	ENSMUSG00000038406	ENSRNOG00000056946
ENSG00000126464	PRR12	ENSMUSG00000046574	ENSRNOG00000059408
ENSG00000126467	TSKS	ENSMUSG00000059891	ENSRNOG00000020443
ENSG00000126500	FLRT1	ENSMUSG00000047787	ENSRNOG00000022428
ENSG00000126522	ASL	ENSMUSG00000025533	ENSRNOG00000000903
ENSG00000126524	SBDS	ENSMUSG00000025337	ENSRNOG00000000888
ENSG00000126561	STAT5A	ENSMUSG00000004043	ENSRNOG00000019496
ENSG00000126562	WNK4	ENSMUSG00000035112	ENSRNOG00000020441
ENSG00000126581	BECN1	ENSMUSG00000035086	ENSRNOG00000020513
ENSG00000126583	PRKCG	ENSMUSG00000078816	ENSRNOG00000054371
ENSG00000126602	TRAP1	ENSMUSG00000005981	ENSRNOG00000005418
ENSG00000126603	GLIS2	ENSMUSG00000014303	ENSRNOG00000004766
ENSG00000126653	NSRP1	ENSMUSG00000037958	ENSRNOG00000062400
ENSG00000126698	DNAJC8	ENSMUSG00000054405	ENSRNOG00000013255
ENSG00000126705	AHDC1	ENSMUSG00000037692	ENSRNOG00000042855
ENSG00000126733	DACH2	ENSMUSG00000025592	ENSRNOG00000004869
ENSG00000126746	ZNF384	ENSMUSG00000038346	ENSRNOG00000017066
ENSG00000126749	EMG1	ENSMUSG00000004268	ENSRNOG00000012828
ENSG00000126756	UXT	ENSMUSG00000001134	ENSRNOG00000085857
ENSG00000126759	CFP	ENSMUSG00000001128	ENSRNOG00000025811
ENSG00000126767	ELK1	ENSMUSG00000009406	ENSRNOG00000010171
ENSG00000126768	TIMM17B	ENSMUSG00000031158	ENSRNOG00000063664
ENSG00000126773	PCNX4	ENSMUSG00000034501	ENSRNOG00000005568
ENSG00000126775	ATG14	ENSMUSG00000037526	ENSRNOG00000011873
ENSG00000126777	KTN1	ENSMUSG00000021843	ENSRNOG00000012255
ENSG00000126778	SIX1	ENSMUSG00000051367	ENSRNOG00000022777
ENSG00000126785	RHOJ	ENSMUSG00000046768	ENSRNOG00000021919
ENSG00000126787	DLGAP5	ENSMUSG00000037544	ENSRNOG00000010721
ENSG00000126803	HSPA2	ENSMUSG00000059970	ENSRNOG00000006472
ENSG00000126804	ZBTB1	ENSMUSG00000033454	ENSRNOG00000058593
ENSG00000126814	TRMT5	ENSMUSG00000034442	ENSRNOG00000007785
ENSG00000126821	SGPP1	ENSMUSG00000021054	ENSRNOG00000005175
ENSG00000126822	PLEKHG3	ENSMUSG00000052609	ENSRNOG00000006570
ENSG00000126856	PRDM7	ENSMUSG00000051977	ENSRNOG00000021493
ENSG00000126858	RHOT1	ENSMUSG00000017686	ENSRNOG00000004093
ENSG00000126860	EVI2A	ENSMUSG00000078771	ENSRNOG00000022764
ENSG00000126861	OMG	ENSMUSG00000049612	ENSRNOG00000082212
ENSG00000126870	DYNC2I1	ENSMUSG00000042050	ENSRNOG00000004520
ENSG00000126878	AIF1L	ENSMUSG00000001864	ENSRNOG00000009951
ENSG00000126882	FAM78A	ENSMUSG00000050592	ENSRNOG00000023352
ENSG00000126883	NUP214	ENSMUSG00000001855	ENSRNOG00000023393
ENSG00000126895	AVPR2	ENSMUSG00000031390	ENSRNOG00000059862
ENSG00000126903	SLC10A3	ENSMUSG00000032806	ENSRNOG00000060580
ENSG00000126934	MAP2K2	ENSMUSG00000035027	ENSRNOG00000020005
ENSG00000126945	HNRNPH2	ENSMUSG00000045427	ENSRNOG00000011661
ENSG00000126947	ARMCX1	ENSMUSG00000033460	ENSRNOG00000046862
ENSG00000126950	TMEM35A	ENSMUSG00000033578	ENSRNOG00000001506
ENSG00000126953	TIMM8A	ENSMUSG00000048007	ENSRNOG00000064119
ENSG00000126970	ZC4H2	ENSMUSG00000035062	ENSRNOG00000056735
ENSG00000127022	CANX	ENSMUSG00000020368	ENSRNOG00000003343
ENSG00000127054	INTS11	ENSMUSG00000029034	ENSRNOG00000019712
ENSG00000127074	RGS13	ENSMUSG00000051079	ENSRNOG00000003888
ENSG00000127080	IPPK	ENSMUSG00000021385	ENSRNOG00000015631
ENSG00000127083	OMD	ENSMUSG00000048368	ENSRNOG00000039560
ENSG00000127084	FGD3	ENSMUSG00000037946	ENSRNOG00000016225
ENSG00000127124	HIVEP3	ENSMUSG00000028634	ENSRNOG00000009341
ENSG00000127125	PPCS	ENSMUSG00000028636	ENSRNOG00000008572
ENSG00000127129	EDN2	ENSMUSG00000028635	ENSRNOG00000009390
ENSG00000127152	BCL11B	ENSMUSG00000048251	ENSRNOG00000005776
ENSG00000127184	COX7C	ENSMUSG00000017778	ENSRNOG00000030237
ENSG00000127191	TRAF2	ENSMUSG00000026942	ENSRNOG00000006238
ENSG00000127220	ABHD8	ENSMUSG00000007950	ENSRNOG00000000054
ENSG00000127241	MASP1	ENSMUSG00000022887	ENSRNOG00000001827
ENSG00000127249	ATP13A4	ENSMUSG00000038094	ENSRNOG00000001714
ENSG00000127252	PLAAT1	ENSMUSG00000022525	ENSRNOG00000001711
ENSG00000127311	HELB	ENSMUSG00000020228	ENSRNOG00000004189
ENSG00000127324	TSPAN8	ENSMUSG00000034127	ENSRNOG00000004411
ENSG00000127325	BEST3	ENSMUSG00000020169	ENSRNOG00000005491
ENSG00000127328	RAB3IP	ENSMUSG00000064181	ENSRNOG00000005362
ENSG00000127329	PTPRB	ENSMUSG00000020154	ENSRNOG00000055293
ENSG00000127334	DYRK2	ENSMUSG00000028630	ENSRNOG00000007821
ENSG00000127337	YEATS4	ENSMUSG00000020171	ENSRNOG00000005689
ENSG00000127362	TAS2R3	ENSMUSG00000052850	ENSRNOG00000030413
ENSG00000127364	TAS2R4	ENSMUSG00000037140	ENSRNOG00000012195
ENSG00000127377	CRYGN	ENSMUSG00000038135	ENSRNOG00000009226
ENSG00000127399	LRRC61	ENSMUSG00000073096	ENSRNOG00000008234
ENSG00000127412	TRPV5	ENSMUSG00000036899	ENSRNOG00000015394
ENSG00000127415	IDUA	ENSMUSG00000033540	ENSRNOG00000000043
ENSG00000127418	FGFRL1	ENSMUSG00000008090	ENSRNOG00000024207
ENSG00000127419	TMEM175	ENSMUSG00000013495	ENSRNOG00000000044
ENSG00000127423	AUNIP	ENSMUSG00000078521	ENSRNOG00000022030
ENSG00000127452	FBXL12	ENSMUSG00000066892	ENSRNOG00000064355
ENSG00000127463	EMC1	ENSMUSG00000078517	ENSRNOG00000018097
ENSG00000127472	PLA2G5	ENSMUSG00000041193	ENSRNOG00000016838
ENSG00000127481	UBR4	ENSMUSG00000066036	ENSRNOG00000018183
ENSG00000127483	HP1BP3	ENSMUSG00000028759	ENSRNOG00000014445
ENSG00000127526	SLC35E1	ENSMUSG00000019731	ENSRNOG00000012287
ENSG00000127527	EPS15L1	ENSMUSG00000006276	ENSRNOG00000013502
ENSG00000127528	KLF2	ENSMUSG00000055148	ENSRNOG00000075360
ENSG00000127529	OR7C2	ENSMUSG00000051190	ENSRNOG00000073768
ENSG00000127533	F2RL3	ENSMUSG00000050147	ENSRNOG00000068093
ENSG00000127554	GFER	ENSMUSG00000040888	ENSRNOG00000013370
ENSG00000127561	SYNGR3	ENSMUSG00000007021	ENSRNOG00000012620
ENSG00000127564	PKMYT1	ENSMUSG00000023908	ENSRNOG00000003657
ENSG00000127578	WFIKKN1	ENSMUSG00000071192	ENSRNOG00000021578
ENSG00000127580	WDR24	ENSMUSG00000025737	ENSRNOG00000019713
ENSG00000127585	FBXL16	ENSMUSG00000025738	ENSRNOG00000022248
ENSG00000127586	CHTF18	ENSMUSG00000019214	ENSRNOG00000019174
ENSG00000127588	GNG13	ENSMUSG00000025739	ENSRNOG00000039350
ENSG00000127603	MACF1	ENSMUSG00000028649	ENSRNOG00000016047
ENSG00000127616	SMARCA4	ENSMUSG00000032187	ENSRNOG00000009271
ENSG00000127663	KDM4B	ENSMUSG00000024201	ENSRNOG00000049221
ENSG00000127666	TICAM1	ENSMUSG00000047123	ENSRNOG00000080915
ENSG00000127720	METTL25	ENSMUSG00000036009	ENSRNOG00000027451
ENSG00000127743	IL17B	ENSMUSG00000024578	ENSRNOG00000019695
ENSG00000127774	EMC6	ENSMUSG00000047260	ENSRNOG00000019352
ENSG00000127804	METTL16	ENSMUSG00000010554	ENSRNOG00000002764
ENSG00000127824	TUBA4A	ENSMUSG00000026202	ENSRNOG00000003597
ENSG00000127831	VIL1	ENSMUSG00000026175	ENSRNOG00000015408
ENSG00000127837	AAMP	ENSMUSG00000006299	ENSRNOG00000014399
ENSG00000127838	PNKD	ENSMUSG00000026179	ENSRNOG00000014806
ENSG00000127863	TNFRSF19	ENSMUSG00000060548	ENSRNOG00000014265
ENSG00000127870	RNF6	ENSMUSG00000029634	ENSRNOG00000000968
ENSG00000127884	ECHS1	ENSMUSG00000025465	ENSRNOG00000064647
ENSG00000127914	AKAP9	ENSMUSG00000040407	ENSRNOG00000026319
ENSG00000127920	GNG11	ENSMUSG00000032766	ENSRNOG00000050469
ENSG00000127928	GNGT1	ENSMUSG00000029663	ENSRNOG00000010546
ENSG00000127946	HIP1	ENSMUSG00000039959	ENSRNOG00000001448
ENSG00000127947	PTPN12	ENSMUSG00000028771	ENSRNOG00000013135
ENSG00000127948	POR	ENSMUSG00000005514	ENSRNOG00000001442
ENSG00000127951	FGL2	ENSMUSG00000039899	ENSRNOG00000012881
ENSG00000127952	STYXL1	ENSMUSG00000019178	ENSRNOG00000023366
ENSG00000127954	STEAP4	ENSMUSG00000012428	ENSRNOG00000008602
ENSG00000127955	GNAI1	ENSMUSG00000057614	ENSRNOG00000057096
ENSG00000127980	PEX1	ENSMUSG00000005907	ENSRNOG00000025991
ENSG00000127990	SGCE	ENSMUSG00000004631	ENSRNOG00000046905
ENSG00000127993	RBM48	ENSMUSG00000040302	ENSRNOG00000008980
ENSG00000127995	CASD1	ENSMUSG00000015189	ENSRNOG00000047453
ENSG00000128011	LRFN1	ENSMUSG00000030600	ENSRNOG00000019869
ENSG00000128016	ZFP36	ENSMUSG00000044786	ENSRNOG00000058388
ENSG00000128039	SRD5A3	ENSMUSG00000029233	ENSRNOG00000002216
ENSG00000128040	SPINK2	ENSMUSG00000053030	ENSRNOG00000066503
ENSG00000128045	RASL11B	ENSMUSG00000049907	ENSRNOG00000002097
ENSG00000128050	PAICS	ENSMUSG00000029247	ENSRNOG00000002101
ENSG00000128052	KDR	ENSMUSG00000062960	ENSRNOG00000046829
ENSG00000128059	PPAT	ENSMUSG00000029246	ENSRNOG00000002128
ENSG00000128159	TUBGCP6	ENSMUSG00000051786	ENSRNOG00000006028
ENSG00000128165	ADM2	ENSMUSG00000054136	ENSRNOG00000089041
ENSG00000128191	DGCR8	ENSMUSG00000022718	ENSRNOG00000001886
ENSG00000128203	ASPHD2	ENSMUSG00000029348	ENSRNOG00000061004
ENSG00000128218	VPREB3	ENSMUSG00000000903	ENSRNOG00000075030
ENSG00000128228	SDF2L1	ENSMUSG00000022769	ENSRNOG00000001859
ENSG00000128242	GAL3ST1	ENSMUSG00000049721	ENSRNOG00000042041
ENSG00000128245	YWHAH	ENSMUSG00000018965	ENSRNOG00000055471
ENSG00000128266	GNAZ	ENSMUSG00000040009	ENSRNOG00000001313
ENSG00000128268	MGAT3	ENSMUSG00000042428	ENSRNOG00000017434
ENSG00000128271	ADORA2A	ENSMUSG00000020178	ENSRNOG00000001302
ENSG00000128272	ATF4	ENSMUSG00000042406	ENSRNOG00000017801
ENSG00000128274	A4GALT	ENSMUSG00000047878	ENSRNOG00000009736
ENSG00000128283	CDC42EP1	ENSMUSG00000049521	ENSRNOG00000008517
ENSG00000128285	MCHR1	ENSMUSG00000050164	ENSRNOG00000018895
ENSG00000128294	TPST2	ENSMUSG00000029344	ENSRNOG00000000664
ENSG00000128298	BAIAP2L2	ENSMUSG00000018126	ENSRNOG00000012215
ENSG00000128309	MPST	ENSMUSG00000071711	ENSRNOG00000000185
ENSG00000128310	GALR3	ENSMUSG00000114755	ENSRNOG00000027060
ENSG00000128311	TST	ENSMUSG00000044986	ENSRNOG00000000186
ENSG00000128340	RAC2	ENSMUSG00000033220	ENSRNOG00000007350
ENSG00000128342	LIF	ENSMUSG00000034394	ENSRNOG00000007002
ENSG00000128346	C22orf23	ENSMUSG00000033029	ENSRNOG00000011170
ENSG00000128408	RIBC2	ENSMUSG00000022431	ENSRNOG00000033502
ENSG00000128422	KRT17	ENSMUSG00000035557	ENSRNOG00000026371
ENSG00000128463	EMC4	ENSMUSG00000027131	ENSRNOG00000005719
ENSG00000128482	RNF112	ENSMUSG00000010086	ENSRNOG00000002364
ENSG00000128487	SPECC1	ENSMUSG00000042331	ENSRNOG00000002903
ENSG00000128512	DOCK4	ENSMUSG00000035954	ENSRNOG00000004823
ENSG00000128519	TAS2R16	ENSMUSG00000043865	ENSRNOG00000021799
ENSG00000128534	LSM8	ENSMUSG00000044155	ENSRNOG00000070946
ENSG00000128536	CDHR3	ENSMUSG00000035860	ENSRNOG00000047455
ENSG00000128563	PRKRIP1	ENSMUSG00000039737	ENSRNOG00000063308
ENSG00000128564	VGF	ENSMUSG00000037428	ENSRNOG00000001416
ENSG00000128567	PODXL	ENSMUSG00000025608	ENSRNOG00000012495
ENSG00000128573	FOXP2	ENSMUSG00000029563	ENSRNOG00000054508
ENSG00000128578	STRIP2	ENSMUSG00000039629	ENSRNOG00000057729
ENSG00000128585	MKLN1	ENSMUSG00000025609	ENSRNOG00000054514
ENSG00000128590	DNAJB9	ENSMUSG00000014905	ENSRNOG00000004006
ENSG00000128591	FLNC	ENSMUSG00000068699	ENSRNOG00000007281
ENSG00000128594	LRRC4	ENSMUSG00000049939	ENSRNOG00000008098
ENSG00000128595	CALU	ENSMUSG00000029767	ENSRNOG00000006197
ENSG00000128596	CCDC136	ENSMUSG00000029769	ENSRNOG00000007100
ENSG00000128602	SMO	ENSMUSG00000001761	ENSRNOG00000008332
ENSG00000128604	IRF5	ENSMUSG00000029771	ENSRNOG00000007437
ENSG00000128606	LRRC17	ENSMUSG00000039883	ENSRNOG00000012817
ENSG00000128607	KLHDC10	ENSMUSG00000029775	ENSRNOG00000010267
ENSG00000128609	NDUFA5	ENSMUSG00000023089	ENSRNOG00000090026
ENSG00000128610	FEZF1	ENSMUSG00000029697	ENSRNOG00000007608
ENSG00000128617	OPN1SW	ENSMUSG00000058831	ENSRNOG00000006874
ENSG00000128626	MRPS12	ENSMUSG00000045948	ENSRNOG00000019949
ENSG00000128641	MYO1B	ENSMUSG00000018417	ENSRNOG00000048152
ENSG00000128645	HOXD1	ENSMUSG00000042448	ENSRNOG00000001572
ENSG00000128652	HOXD3	ENSMUSG00000079277	ENSRNOG00000001577
ENSG00000128654	MTX2	ENSMUSG00000027099	ENSRNOG00000001559
ENSG00000128655	PDE11A	ENSMUSG00000075270	ENSRNOG00000024457
ENSG00000128656	CHN1	ENSMUSG00000056486	ENSRNOG00000017939
ENSG00000128683	GAD1	ENSMUSG00000070880	ENSRNOG00000000007
ENSG00000128694	OSGEPL1	ENSMUSG00000026096	ENSRNOG00000004001
ENSG00000128699	ORMDL1	ENSMUSG00000026097	ENSRNOG00000064999
ENSG00000128708	HAT1	ENSMUSG00000027018	ENSRNOG00000001524
ENSG00000128709	HOXD9	ENSMUSG00000043342	ENSRNOG00000001580
ENSG00000128710	HOXD10	ENSMUSG00000050368	ENSRNOG00000001581
ENSG00000128713	HOXD11	ENSMUSG00000042499	ENSRNOG00000069591
ENSG00000128714	HOXD13	ENSMUSG00000001819	ENSRNOG00000001588
ENSG00000128731	HERC2	ENSMUSG00000030451	ENSRNOG00000013718
ENSG00000128791	TWSG1	ENSMUSG00000024098	ENSRNOG00000013340
ENSG00000128805	ARHGAP22	ENSMUSG00000063506	ENSRNOG00000024728
ENSG00000128815	WDFY4	ENSMUSG00000051506	ENSRNOG00000029662
ENSG00000128829	EIF2AK4	ENSMUSG00000005102	ENSRNOG00000006027
ENSG00000128833	MYO5C	ENSMUSG00000033590	ENSRNOG00000008356
ENSG00000128849	CGNL1	ENSMUSG00000032232	ENSRNOG00000054080
ENSG00000128872	TMOD2	ENSMUSG00000032186	ENSRNOG00000010447
ENSG00000128881	TTBK2	ENSMUSG00000090100	ENSRNOG00000011059
ENSG00000128886	ELL3	ENSMUSG00000027246	ENSRNOG00000022868
ENSG00000128891	CCDC32	ENSMUSG00000039983	ENSRNOG00000010472
ENSG00000128908	INO80	ENSMUSG00000034154	ENSRNOG00000014483
ENSG00000128915	ICE2	ENSMUSG00000032235	ENSRNOG00000010160
ENSG00000128917	DLL4	ENSMUSG00000027314	ENSRNOG00000014011
ENSG00000128918	ALDH1A2	ENSMUSG00000013584	ENSRNOG00000055049
ENSG00000128923	MINDY2	ENSMUSG00000042444	ENSRNOG00000061337
ENSG00000128928	IVD	ENSMUSG00000027332	ENSRNOG00000009421
ENSG00000128944	KNSTRN	ENSMUSG00000027331	ENSRNOG00000009334
ENSG00000128951	DUT	ENSMUSG00000027203	ENSRNOG00000007221
ENSG00000128965	CHAC1	ENSMUSG00000027313	ENSRNOG00000014387
ENSG00000128973	CLN6	ENSMUSG00000032245	ENSRNOG00000007164
ENSG00000129003	VPS13C	ENSMUSG00000035284	ENSRNOG00000030213
ENSG00000129007	CALML4	ENSMUSG00000032246	ENSRNOG00000038202
ENSG00000129009	ISLR	ENSMUSG00000037206	ENSRNOG00000048924
ENSG00000129038	LOXL1	ENSMUSG00000032334	ENSRNOG00000008680
ENSG00000129048	ACKR4	ENSMUSG00000079355	ENSRNOG00000011478
ENSG00000129055	ANAPC13	ENSMUSG00000035048	ENSRNOG00000008459
ENSG00000129071	MBD4	ENSMUSG00000030322	ENSRNOG00000010919
ENSG00000129083	COPB1	ENSMUSG00000030754	ENSRNOG00000057623
ENSG00000129084	PSMA1	ENSMUSG00000030751	ENSRNOG00000011745
ENSG00000129103	SUMF2	ENSMUSG00000025538	ENSRNOG00000000922
ENSG00000129116	PALLD	ENSMUSG00000058056	ENSRNOG00000010107
ENSG00000129151	BBOX1	ENSMUSG00000041660	ENSRNOG00000059519
ENSG00000129152	MYOD1	ENSMUSG00000009471	ENSRNOG00000011306
ENSG00000129158	SERGEF	ENSMUSG00000030839	ENSRNOG00000011488
ENSG00000129159	KCNC1	ENSMUSG00000058975	ENSRNOG00000055401
ENSG00000129170	CSRP3	ENSMUSG00000030470	ENSRNOG00000014327
ENSG00000129173	E2F8	ENSMUSG00000046179	ENSRNOG00000022537
ENSG00000129187	DCTD	ENSMUSG00000031562	ENSRNOG00000013215
ENSG00000129194	SOX15	ENSMUSG00000041287	ENSRNOG00000012155
ENSG00000129197	RPAIN	ENSMUSG00000018449	ENSRNOG00000006913
ENSG00000129214	SHBG	ENSMUSG00000005202	ENSRNOG00000011357
ENSG00000129219	PLD2	ENSMUSG00000020828	ENSRNOG00000019604
ENSG00000129221	AIPL1	ENSMUSG00000040554	ENSRNOG00000007889
ENSG00000129226	CD68	ENSMUSG00000018774	ENSRNOG00000037563
ENSG00000129235	TXNDC17	ENSMUSG00000020803	ENSRNOG00000083034
ENSG00000129244	ATP1B2	ENSMUSG00000041329	ENSRNOG00000011227
ENSG00000129245	FXR2	ENSMUSG00000018765	ENSRNOG00000011876
ENSG00000129250	KIF1C	ENSMUSG00000020821	ENSRNOG00000031364
ENSG00000129255	MPDU1	ENSMUSG00000018761	ENSRNOG00000012162
ENSG00000129292	PHF20L1	ENSMUSG00000072501	ENSRNOG00000005486
ENSG00000129295	DNAAF11	ENSMUSG00000022375	ENSRNOG00000005233
ENSG00000129315	CCNT1	ENSMUSG00000011960	ENSRNOG00000053054
ENSG00000129317	PUS7L	ENSMUSG00000033356	ENSRNOG00000022570
ENSG00000129347	KRI1	ENSMUSG00000035047	ENSRNOG00000057447
ENSG00000129351	ILF3	ENSMUSG00000032178	ENSRNOG00000022741
ENSG00000129353	SLC44A2	ENSMUSG00000057193	ENSRNOG00000031824
ENSG00000129354	AP1M2	ENSMUSG00000003309	ENSRNOG00000043093
ENSG00000129355	CDKN2D	ENSMUSG00000096472	ENSRNOG00000064248
ENSG00000129422	MTUS1	ENSMUSG00000045636	ENSRNOG00000010748
ENSG00000129437	KLK14	ENSMUSG00000044737	ENSRNOG00000033706
ENSG00000129451	KLK10	ENSMUSG00000030693	ENSRNOG00000030281
ENSG00000129455	KLK8	ENSMUSG00000064023	ENSRNOG00000018580
ENSG00000129460	NGDN	ENSMUSG00000022204	ENSRNOG00000018069
ENSG00000129465	RIPK3	ENSMUSG00000022221	ENSRNOG00000020465
ENSG00000129467	ADCY4	ENSMUSG00000022220	ENSRNOG00000020401
ENSG00000129472	RAB2B	ENSMUSG00000022159	ENSRNOG00000012488
ENSG00000129473	BCL2L2	ENSMUSG00000089682	ENSRNOG00000015732
ENSG00000129474	AJUBA	ENSMUSG00000022178	ENSRNOG00000012791
ENSG00000129480	DTD2	ENSMUSG00000020956	ENSRNOG00000006727
ENSG00000129484	PARP2	ENSMUSG00000036023	ENSRNOG00000008892
ENSG00000129493	HEATR5A	ENSMUSG00000035181	ENSRNOG00000006483
ENSG00000129514	FOXA1	ENSMUSG00000035451	ENSRNOG00000009284
ENSG00000129515	SNX6	ENSMUSG00000005656	ENSRNOG00000005249
ENSG00000129518	EAPP	ENSMUSG00000054302	ENSRNOG00000004509
ENSG00000129521	EGLN3	ENSMUSG00000035105	ENSRNOG00000005053
ENSG00000129534	MIS18BP1	ENSMUSG00000047534	ENSRNOG00000023093
ENSG00000129535	NRL	ENSMUSG00000040632	ENSRNOG00000018528
ENSG00000129559	NEDD8	ENSMUSG00000010376	ENSRNOG00000019895
ENSG00000129562	DAD1	ENSMUSG00000022174	ENSRNOG00000009090
ENSG00000129566	TEP1	ENSMUSG00000006281	ENSRNOG00000051706
ENSG00000129595	EPB41L4A	ENSMUSG00000024376	ENSRNOG00000026050
ENSG00000129596	CDO1	ENSMUSG00000033022	ENSRNOG00000000158
ENSG00000129625	REEP5	ENSMUSG00000005873	ENSRNOG00000020167
ENSG00000129636	ITFG1	ENSMUSG00000031703	ENSRNOG00000015843
ENSG00000129646	QRICH2	ENSMUSG00000070331	ENSRNOG00000025254
ENSG00000129654	FOXJ1	ENSMUSG00000034227	ENSRNOG00000046001
ENSG00000129657	SEC14L1	ENSMUSG00000020823	ENSRNOG00000002722
ENSG00000129667	RHBDF2	ENSMUSG00000020806	ENSRNOG00000011459
ENSG00000129673	AANAT	ENSMUSG00000020804	ENSRNOG00000011182
ENSG00000129675	ARHGEF6	ENSMUSG00000031133	ENSRNOG00000000869
ENSG00000129680	MAP7D3	ENSMUSG00000067878	ENSRNOG00000027831
ENSG00000129682	FGF13	ENSMUSG00000031137	ENSRNOG00000042753
ENSG00000129691	ASH2L	ENSMUSG00000031575	ENSRNOG00000014875
ENSG00000129696	TTI2	ENSMUSG00000031577	ENSRNOG00000023494
ENSG00000129744	ART1	ENSMUSG00000030996	ENSRNOG00000020251
ENSG00000129749	CHRNA10	ENSMUSG00000066279	ENSRNOG00000020293
ENSG00000129757	CDKN1C	ENSMUSG00000037664	ENSRNOG00000059500
ENSG00000129810	SGO1	ENSMUSG00000023940	ENSRNOG00000022499
ENSG00000129910	CDH15	ENSMUSG00000031962	ENSRNOG00000027954
ENSG00000129925	PGAP6	ENSMUSG00000024180	ENSRNOG00000020374
ENSG00000129932	DOHH	ENSMUSG00000078440	ENSRNOG00000004259
ENSG00000129933	MAU2	ENSMUSG00000031858	ENSRNOG00000020526
ENSG00000129951	PLPPR3	ENSMUSG00000035835	ENSRNOG00000027940
ENSG00000129968	ABHD17A	ENSMUSG00000003346	ENSRNOG00000033694
ENSG00000129988	LBP	ENSMUSG00000016024	ENSRNOG00000014532
ENSG00000129990	SYT5	ENSMUSG00000004961	ENSRNOG00000018217
ENSG00000129991	TNNI3	ENSMUSG00000035458	ENSRNOG00000018250
ENSG00000129993	CBFA2T3	ENSMUSG00000006362	ENSRNOG00000014723
ENSG00000130005	GAMT	ENSMUSG00000020150	ENSRNOG00000024577
ENSG00000130021	PUDP	ENSMUSG00000048875	ENSRNOG00000025422
ENSG00000130024	PHF10	ENSMUSG00000023883	ENSRNOG00000061312
ENSG00000130032	PRRG3	ENSMUSG00000033361	ENSRNOG00000066176
ENSG00000130037	KCNA5	ENSMUSG00000045534	ENSRNOG00000072038
ENSG00000130038	CRACR2A	ENSMUSG00000061414	ENSRNOG00000053449
ENSG00000130045	NXNL2	ENSMUSG00000021396	ENSRNOG00000014538
ENSG00000130052	STARD8	ENSMUSG00000031216	ENSRNOG00000033883
ENSG00000130054	NALF2	ENSMUSG00000071719	ENSRNOG00000038066
ENSG00000130055	GDPD2	ENSMUSG00000019359	ENSRNOG00000002800
ENSG00000130066	SAT1	ENSMUSG00000025283	ENSRNOG00000003809
ENSG00000130119	GNL3L	ENSMUSG00000025266	ENSRNOG00000002509
ENSG00000130147	SH3BP4	ENSMUSG00000036206	ENSRNOG00000019316
ENSG00000130150	MOSPD2	ENSMUSG00000061778	ENSRNOG00000003350
ENSG00000130158	DOCK6	ENSMUSG00000032198	ENSRNOG00000010652
ENSG00000130159	ECSIT	ENSMUSG00000066839	ENSRNOG00000014128
ENSG00000130164	LDLR	ENSMUSG00000032193	ENSRNOG00000009946
ENSG00000130173	ANGPTL8	ENSMUSG00000047822	ENSRNOG00000011490
ENSG00000130175	PRKCSH	ENSMUSG00000003402	ENSRNOG00000013360
ENSG00000130176	CNN1	ENSMUSG00000001349	ENSRNOG00000027736
ENSG00000130177	CDC16	ENSMUSG00000038416	ENSRNOG00000017536
ENSG00000130182	ZSCAN10	ENSMUSG00000023902	ENSRNOG00000021782
ENSG00000130193	THEM6	ENSMUSG00000056665	ENSRNOG00000005929
ENSG00000130202	NECTIN2	ENSMUSG00000062300	ENSRNOG00000018730
ENSG00000130203	APOE	ENSMUSG00000002985	ENSRNOG00000018454
ENSG00000130204	TOMM40	ENSMUSG00000002984	ENSRNOG00000018556
ENSG00000130208	APOC1	ENSMUSG00000040564	ENSRNOG00000018426
ENSG00000130222	GADD45G	ENSMUSG00000021453	ENSRNOG00000013090
ENSG00000130224	LRCH2	ENSMUSG00000031290	ENSRNOG00000029582
ENSG00000130226	DPP6	ENSMUSG00000061576	ENSRNOG00000030547
ENSG00000130227	XPO7	ENSMUSG00000022100	ENSRNOG00000013288
ENSG00000130234	ACE2	ENSMUSG00000015405	ENSRNOG00000031665
ENSG00000130244	FAM98C	ENSMUSG00000030590	ENSRNOG00000024036
ENSG00000130254	SAFB2	ENSMUSG00000042625	ENSRNOG00000049511
ENSG00000130270	ATP8B3	ENSMUSG00000003341	ENSRNOG00000024975
ENSG00000130287	NCAN	ENSMUSG00000002341	ENSRNOG00000048036
ENSG00000130294	KIF1A	ENSMUSG00000014602	ENSRNOG00000023993
ENSG00000130299	GTPBP3	ENSMUSG00000007610	ENSRNOG00000023403
ENSG00000130300	PLVAP	ENSMUSG00000034845	ENSRNOG00000017676
ENSG00000130303	BST2	ENSMUSG00000046718	ENSRNOG00000059900
ENSG00000130304	SLC27A1	ENSMUSG00000031808	ENSRNOG00000018170
ENSG00000130305	NSUN5	ENSMUSG00000000916	ENSRNOG00000001450
ENSG00000130307	USHBP1	ENSMUSG00000034911	ENSRNOG00000023485
ENSG00000130309	COLGALT1	ENSMUSG00000034807	ENSRNOG00000023317
ENSG00000130311	DDA1	ENSMUSG00000074247	ENSRNOG00000039417
ENSG00000130312	MRPL34	ENSMUSG00000034880	ENSRNOG00000017552
ENSG00000130313	PGLS	ENSMUSG00000031807	ENSRNOG00000018326
ENSG00000130332	LSM7	ENSMUSG00000035215	ENSRNOG00000019552
ENSG00000130338	TULP4	ENSMUSG00000034377	ENSRNOG00000018012
ENSG00000130340	SNX9	ENSMUSG00000002365	ENSRNOG00000046874
ENSG00000130347	RTN4IP1	ENSMUSG00000019864	ENSRNOG00000000279
ENSG00000130348	QRSL1	ENSMUSG00000019863	ENSRNOG00000026049
ENSG00000130349	MTRES1	ENSMUSG00000019797	ENSRNOG00000047118
ENSG00000130368	MAS1	ENSMUSG00000068037	ENSRNOG00000014971
ENSG00000130377	ACSBG2	ENSMUSG00000024207	ENSRNOG00000045947
ENSG00000130382	MLLT1	ENSMUSG00000024212	ENSRNOG00000048736
ENSG00000130385	BMP15	ENSMUSG00000023279	ENSRNOG00000002984
ENSG00000130396	AFDN	ENSMUSG00000068036	ENSRNOG00000023753
ENSG00000130402	ACTN4	ENSMUSG00000054808	ENSRNOG00000020433
ENSG00000130413	STK33	ENSMUSG00000031027	ENSRNOG00000014590
ENSG00000130427	EPO	ENSMUSG00000029711	ENSRNOG00000001412
ENSG00000130429	ARPC1B	ENSMUSG00000029622	ENSRNOG00000000991
ENSG00000130433	CACNG6	ENSMUSG00000078815	ENSRNOG00000063051
ENSG00000130449	ZSWIM6	ENSMUSG00000032846	ENSRNOG00000014528
ENSG00000130475	FCHO1	ENSMUSG00000070000	ENSRNOG00000033912
ENSG00000130477	UNC13A	ENSMUSG00000034799	ENSRNOG00000018452
ENSG00000130479	MAP1S	ENSMUSG00000019261	ENSRNOG00000018781
ENSG00000130487	KLHDC7B	ENSMUSG00000091680	ENSRNOG00000032419
ENSG00000130508	PXDN	ENSMUSG00000020674	ENSRNOG00000060614
ENSG00000130511	SSBP4	ENSMUSG00000070003	ENSRNOG00000019698
ENSG00000130513	GDF15	ENSMUSG00000038508	ENSRNOG00000019661
ENSG00000130517	PGPEP1	ENSMUSG00000056204	ENSRNOG00000019657
ENSG00000130518	IQCN	ENSMUSG00000110622	ENSRNOG00000068146
ENSG00000130520	LSM4	ENSMUSG00000031848	ENSRNOG00000019572
ENSG00000130522	JUND	ENSMUSG00000071076	ENSRNOG00000019568
ENSG00000130528	HRC	ENSMUSG00000038239	ENSRNOG00000020719
ENSG00000130529	TRPM4	ENSMUSG00000038260	ENSRNOG00000020714
ENSG00000130540	SULT4A1	ENSMUSG00000018865	ENSRNOG00000046975
ENSG00000130545	CRB3	ENSMUSG00000044279	ENSRNOG00000070099
ENSG00000130558	OLFM1	ENSMUSG00000026833	ENSRNOG00000009862
ENSG00000130559	CAMSAP1	ENSMUSG00000026933	ENSRNOG00000017883
ENSG00000130560	UBAC1	ENSMUSG00000036352	ENSRNOG00000017983
ENSG00000130561	SAG	ENSMUSG00000056055	ENSRNOG00000018185
ENSG00000130584	ZBTB46	ENSMUSG00000027583	ENSRNOG00000014592
ENSG00000130589	HELZ2	ENSMUSG00000027580	ENSRNOG00000013267
ENSG00000130590	SAMD10	ENSMUSG00000038605	ENSRNOG00000036719
ENSG00000130592	LSP1	ENSMUSG00000018819	ENSRNOG00000020300
ENSG00000130595	TNNT3	ENSMUSG00000061723	ENSRNOG00000020332
ENSG00000130598	TNNI2	ENSMUSG00000031097	ENSRNOG00000020276
ENSG00000130635	COL5A1	ENSMUSG00000026837	ENSRNOG00000008749
ENSG00000130638	ATXN10	ENSMUSG00000016541	ENSRNOG00000014637
ENSG00000130640	TUBGCP2	ENSMUSG00000025474	ENSRNOG00000018137
ENSG00000130643	CALY	ENSMUSG00000025468	ENSRNOG00000018337
ENSG00000130649	CYP2E1	ENSMUSG00000025479	ENSRNOG00000012458
ENSG00000130653	PNPLA7	ENSMUSG00000036833	ENSRNOG00000008190
ENSG00000130656	HBZ	ENSMUSG00000055609	ENSRNOG00000020536
ENSG00000130669	PAK4	ENSMUSG00000030602	ENSRNOG00000019883
ENSG00000130675	MNX1	ENSMUSG00000001566	ENSRNOG00000046959
ENSG00000130695	CEP85	ENSMUSG00000037443	ENSRNOG00000016249
ENSG00000130699	TAF4	ENSMUSG00000039117	ENSRNOG00000054497
ENSG00000130700	GATA5	ENSMUSG00000015627	ENSRNOG00000058983
ENSG00000130701	RBBP8NL	ENSMUSG00000038980	ENSRNOG00000057245
ENSG00000130702	LAMA5	ENSMUSG00000015647	ENSRNOG00000053691
ENSG00000130703	OSBPL2	ENSMUSG00000039050	ENSRNOG00000057756
ENSG00000130707	ASS1	ENSMUSG00000076441	ENSRNOG00000008837
ENSG00000130711	PRDM12	ENSMUSG00000079466	ENSRNOG00000009218
ENSG00000130713	EXOSC2	ENSMUSG00000039356	ENSRNOG00000009245
ENSG00000130714	POMT1	ENSMUSG00000039254	ENSRNOG00000010477
ENSG00000130717	UCK1	ENSMUSG00000002550	ENSRNOG00000011467
ENSG00000130720	FIBCD1	ENSMUSG00000026841	ENSRNOG00000009735
ENSG00000130725	UBE2M	ENSMUSG00000005575	ENSRNOG00000043328
ENSG00000130726	TRIM28	ENSMUSG00000005566	ENSRNOG00000027487
ENSG00000130731	METTL26	ENSMUSG00000025731	ENSRNOG00000021615
ENSG00000130733	YIPF2	ENSMUSG00000032182	ENSRNOG00000022043
ENSG00000130734	ATG4D	ENSMUSG00000002820	ENSRNOG00000047625
ENSG00000130748	TMEM160	ENSMUSG00000019158	ENSRNOG00000080425
ENSG00000130749	ZC3H4	ENSMUSG00000059273	ENSRNOG00000015229
ENSG00000130751	NPAS1	ENSMUSG00000001988	ENSRNOG00000015376
ENSG00000130755	GMFG	ENSMUSG00000060791	ENSRNOG00000019838
ENSG00000130758	MAP3K10	ENSMUSG00000040390	ENSRNOG00000023521
ENSG00000130762	ARHGEF16	ENSMUSG00000029032	ENSRNOG00000046803
ENSG00000130764	LRRC47	ENSMUSG00000029028	ENSRNOG00000024796
ENSG00000130766	SESN2	ENSMUSG00000028893	ENSRNOG00000042785
ENSG00000130768	SMPDL3B	ENSMUSG00000028885	ENSRNOG00000042326
ENSG00000130772	MED18	ENSMUSG00000066042	ENSRNOG00000067073
ENSG00000130775	THEMIS2	ENSMUSG00000037731	ENSRNOG00000012965
ENSG00000130779	CLIP1	ENSMUSG00000049550	ENSRNOG00000001247
ENSG00000130783	CCDC62	ENSMUSG00000061882	ENSRNOG00000038002
ENSG00000130787	HIP1R	ENSMUSG00000000915	ENSRNOG00000001091
ENSG00000130803	ZNF317	ENSMUSG00000057551	ENSRNOG00000006684
ENSG00000130810	PPAN	ENSMUSG00000004100	ENSRNOG00000020608
ENSG00000130811	EIF3G	ENSMUSG00000070319	ENSRNOG00000020619
ENSG00000130812	ANGPTL6	ENSMUSG00000038742	ENSRNOG00000020603
ENSG00000130813	SHFL	ENSMUSG00000038884	ENSRNOG00000020580
ENSG00000130816	DNMT1	ENSMUSG00000004099	ENSRNOG00000039859
ENSG00000130818	ZNF426	ENSMUSG00000059475	ENSRNOG00000033624
ENSG00000130822	PNCK	ENSMUSG00000002012	ENSRNOG00000058317
ENSG00000130826	DKC1	ENSMUSG00000031403	ENSRNOG00000074843
ENSG00000130827	PLXNA3	ENSMUSG00000031398	ENSRNOG00000060464
ENSG00000130829	DUSP9	ENSMUSG00000031383	ENSRNOG00000055185
ENSG00000130856	ZNF236	ENSMUSG00000041258	ENSRNOG00000016303
ENSG00000130876	SLC7A10	ENSMUSG00000030495	ENSRNOG00000010938
ENSG00000130881	LRP3	ENSMUSG00000001802	ENSRNOG00000011451
ENSG00000130921	MTRFR	ENSMUSG00000047635	ENSRNOG00000001073
ENSG00000130935	NOL11	ENSMUSG00000018433	ENSRNOG00000052934
ENSG00000130939	UBE4B	ENSMUSG00000028960	ENSRNOG00000014986
ENSG00000130943	PKDREJ	ENSMUSG00000052496	ENSRNOG00000029591
ENSG00000130948	HSD17B3	ENSMUSG00000033122	ENSRNOG00000019096
ENSG00000130956	HABP4	ENSMUSG00000021476	ENSRNOG00000019027
ENSG00000130957	FBP2	ENSMUSG00000021456	ENSRNOG00000017637
ENSG00000130958	SLC35D2	ENSMUSG00000033114	ENSRNOG00000027229
ENSG00000130962	PRRG1	ENSMUSG00000047996	ENSRNOG00000089620
ENSG00000130985	UBA1	ENSMUSG00000001924	ENSRNOG00000019164
ENSG00000130988	RGN	ENSMUSG00000023070	ENSRNOG00000007949
ENSG00000130997	POLN	ENSMUSG00000045102	ENSRNOG00000069005
ENSG00000131013	PPIL4	ENSMUSG00000015757	ENSRNOG00000015552
ENSG00000131016	AKAP12	ENSMUSG00000038587	ENSRNOG00000019549
ENSG00000131018	SYNE1	ENSMUSG00000096054	ENSRNOG00000018960
ENSG00000131023	LATS1	ENSMUSG00000040021	ENSRNOG00000014916
ENSG00000131037	EPS8L1	ENSMUSG00000006154	ENSRNOG00000027942
ENSG00000131043	AAR2	ENSMUSG00000027628	ENSRNOG00000020086
ENSG00000131044	TTLL9	ENSMUSG00000074673	ENSRNOG00000008596
ENSG00000131050	BPIFA2	ENSMUSG00000042459	ENSRNOG00000013540
ENSG00000131051	RBM39	ENSMUSG00000027620	ENSRNOG00000019848
ENSG00000131055	COX4I2	ENSMUSG00000009876	ENSRNOG00000007827
ENSG00000131059	BPIFA3	ENSMUSG00000027482	ENSRNOG00000013778
ENSG00000131061	ZNF341	ENSMUSG00000059842	ENSRNOG00000017086
ENSG00000131067	GGT7	ENSMUSG00000027603	ENSRNOG00000018441
ENSG00000131068	DEFB118	ENSMUSG00000056544	ENSRNOG00000023154
ENSG00000131069	ACSS2	ENSMUSG00000027605	ENSRNOG00000018755
ENSG00000131080	EDA2R	ENSMUSG00000034457	ENSRNOG00000013018
ENSG00000131089	ARHGEF9	ENSMUSG00000025656	ENSRNOG00000007733
ENSG00000131094	C1QL1	ENSMUSG00000045532	ENSRNOG00000002963
ENSG00000131095	GFAP	ENSMUSG00000020932	ENSRNOG00000002919
ENSG00000131096	PYY	ENSMUSG00000017311	ENSRNOG00000020877
ENSG00000131097	HIGD1B	ENSMUSG00000020928	ENSRNOG00000081879
ENSG00000131100	ATP6V1E1	ENSMUSG00000019210	ENSRNOG00000011905
ENSG00000131116	ZNF428	ENSMUSG00000064264	ENSRNOG00000019802
ENSG00000131126	TEX101	ENSMUSG00000062773	ENSRNOG00000020057
ENSG00000131143	COX4I1	ENSMUSG00000031818	ENSRNOG00000017817
ENSG00000131148	EMC8	ENSMUSG00000031819	ENSRNOG00000017654
ENSG00000131149	GSE1	ENSMUSG00000031822	ENSRNOG00000017489
ENSG00000131153	GINS2	ENSMUSG00000031821	ENSRNOG00000017575
ENSG00000131165	CHMP1A	ENSMUSG00000000743	ENSRNOG00000016001
ENSG00000131171	SH3BGRL	ENSMUSG00000031246	ENSRNOG00000069303
ENSG00000131183	SLC34A1	ENSMUSG00000021490	ENSRNOG00000015262
ENSG00000131187	F12	ENSMUSG00000021492	ENSRNOG00000015139
ENSG00000131188	PRR7	ENSMUSG00000034686	ENSRNOG00000021447
ENSG00000131196	NFATC1	ENSMUSG00000033016	ENSRNOG00000017146
ENSG00000131203	IDO1	ENSMUSG00000031551	ENSRNOG00000031189
ENSG00000131236	CAP1	ENSMUSG00000028656	ENSRNOG00000013492
ENSG00000131238	PPT1	ENSMUSG00000134847	ENSRNOG00000012616
ENSG00000131242	RAB11FIP4	ENSMUSG00000017639	ENSRNOG00000014135
ENSG00000131263	RLIM	ENSMUSG00000056537	ENSRNOG00000045695
ENSG00000131264	CDX4	ENSMUSG00000031326	ENSRNOG00000002974
ENSG00000131269	ABCB7	ENSMUSG00000031333	ENSRNOG00000002790
ENSG00000131323	TRAF3	ENSMUSG00000021277	ENSRNOG00000008145
ENSG00000131351	HAUS8	ENSMUSG00000035439	ENSRNOG00000052038
ENSG00000131368	MRPS25	ENSMUSG00000014551	ENSRNOG00000010912
ENSG00000131370	SH3BP5	ENSMUSG00000021892	ENSRNOG00000052391
ENSG00000131373	HACL1	ENSMUSG00000021884	ENSRNOG00000019630
ENSG00000131374	TBC1D5	ENSMUSG00000023923	ENSRNOG00000010637
ENSG00000131375	CAPN7	ENSMUSG00000021893	ENSRNOG00000019273
ENSG00000131378	RFTN1	ENSMUSG00000039316	ENSRNOG00000011321
ENSG00000131379	C3orf20	ENSMUSG00000034063	ENSRNOG00000022155
ENSG00000131381	RBSN	ENSMUSG00000014550	ENSRNOG00000011391
ENSG00000131386	GALNT15	ENSMUSG00000021903	ENSRNOG00000019718
ENSG00000131389	SLC6A6	ENSMUSG00000030096	ENSRNOG00000009019
ENSG00000131398	KCNC3	ENSMUSG00000062785	ENSRNOG00000019959
ENSG00000131400	NAPSA	ENSMUSG00000002204	ENSRNOG00000019854
ENSG00000131408	NR1H2	ENSMUSG00000060601	ENSRNOG00000019812
ENSG00000131409	LRRC4B	ENSMUSG00000047085	ENSRNOG00000019418
ENSG00000131435	PDLIM4	ENSMUSG00000020388	ENSRNOG00000050794
ENSG00000131437	KIF3A	ENSMUSG00000018395	ENSRNOG00000007515
ENSG00000131446	MGAT1	ENSMUSG00000020346	ENSRNOG00000068826
ENSG00000131459	GFPT2	ENSMUSG00000020363	ENSRNOG00000002810
ENSG00000131462	TUBG1	ENSMUSG00000035198	ENSRNOG00000020213
ENSG00000131469	RPL27	ENSMUSG00000063316	ENSRNOG00000020674
ENSG00000131470	PSMC3IP	ENSMUSG00000019303	ENSRNOG00000020022
ENSG00000131473	ACLY	ENSMUSG00000020917	ENSRNOG00000016924
ENSG00000131482	G6PC1	ENSMUSG00000078650	ENSRNOG00000053448
ENSG00000131503	ANKHD1	ENSMUSG00000024483	ENSRNOG00000071292
ENSG00000131504	DIAPH1	ENSMUSG00000024456	ENSRNOG00000019688
ENSG00000131507	NDFIP1	ENSMUSG00000024425	ENSRNOG00000013562
ENSG00000131508	UBE2D2	ENSMUSG00000091896	ENSRNOG00000069286
ENSG00000131558	EXOC4	ENSMUSG00000029763	ENSRNOG00000046023
ENSG00000131584	ACAP3	ENSMUSG00000029033	ENSRNOG00000022307
ENSG00000131591	C1orf159	ENSMUSG00000059939	ENSRNOG00000020199
ENSG00000131620	ANO1	ENSMUSG00000031075	ENSRNOG00000020865
ENSG00000131626	PPFIA1	ENSMUSG00000037519	ENSRNOG00000020857
ENSG00000131634	TMEM204	ENSMUSG00000024168	ENSRNOG00000016494
ENSG00000131650	KREMEN2	ENSMUSG00000040680	ENSRNOG00000004122
ENSG00000131652	THOC6	ENSMUSG00000041319	ENSRNOG00000003497
ENSG00000131653	TRAF7	ENSMUSG00000052752	ENSRNOG00000003131
ENSG00000131668	BARX1	ENSMUSG00000021381	ENSRNOG00000016915
ENSG00000131669	NINJ1	ENSMUSG00000037966	ENSRNOG00000016587
ENSG00000131686	CA6	ENSMUSG00000028972	ENSRNOG00000021355
ENSG00000131697	NPHP4	ENSMUSG00000039577	ENSRNOG00000011967
ENSG00000131711	MAP1B	ENSMUSG00000052727	ENSRNOG00000017428
ENSG00000131725	WDR44	ENSMUSG00000036769	ENSRNOG00000029068
ENSG00000131730	CKMT2	ENSMUSG00000021622	ENSRNOG00000055450
ENSG00000131732	ZCCHC9	ENSMUSG00000021621	ENSRNOG00000051682
ENSG00000131737	KRT34	ENSMUSG00000043485	ENSRNOG00000051302
ENSG00000131746	TNS4	ENSMUSG00000017607	ENSRNOG00000027350
ENSG00000131747	TOP2A	ENSMUSG00000020914	ENSRNOG00000053047
ENSG00000131748	STARD3	ENSMUSG00000018167	ENSRNOG00000042044
ENSG00000131759	RARA	ENSMUSG00000037992	ENSRNOG00000009972
ENSG00000131773	KHDRBS3	ENSMUSG00000022332	ENSRNOG00000009539
ENSG00000131778	CHD1L	ENSMUSG00000028089	ENSRNOG00000017669
ENSG00000131779	PEX11B	ENSMUSG00000028102	ENSRNOG00000021216
ENSG00000131781	FMO5	ENSMUSG00000028088	ENSRNOG00000018076
ENSG00000131788	PIAS3	ENSMUSG00000028101	ENSRNOG00000021218
ENSG00000131791	PRKAB2	ENSMUSG00000038205	ENSRNOG00000018166
ENSG00000131808	FSHB	ENSMUSG00000027120	ENSRNOG00000004898
ENSG00000131831	RAI2	ENSMUSG00000043518	ENSRNOG00000006670
ENSG00000131844	MCCC2	ENSMUSG00000021646	ENSRNOG00000017752
ENSG00000131864	USP29	ENSMUSG00000051527	ENSRNOG00000015956
ENSG00000131871	SELENOS	ENSMUSG00000075701	ENSRNOG00000012576
ENSG00000131873	CHSY1	ENSMUSG00000032640	ENSRNOG00000012698
ENSG00000131876	SNRPA1	ENSMUSG00000030512	ENSRNOG00000011932
ENSG00000131899	LLGL1	ENSMUSG00000020536	ENSRNOG00000003948
ENSG00000131910	NR0B2	ENSMUSG00000037583	ENSRNOG00000007229
ENSG00000131914	LIN28A	ENSMUSG00000050966	ENSRNOG00000082489
ENSG00000131931	THAP1	ENSMUSG00000037214	ENSRNOG00000056956
ENSG00000131941	RHPN2	ENSMUSG00000030494	ENSRNOG00000011885
ENSG00000131943	C19orf12	ENSMUSG00000054676	ENSRNOG00000014966
ENSG00000131944	FAAP24	ENSMUSG00000030493	ENSRNOG00000022393
ENSG00000131951	LRRC9	ENSMUSG00000021090	ENSRNOG00000005409
ENSG00000131966	ACTR10	ENSMUSG00000021076	ENSRNOG00000007504
ENSG00000131969	ABHD12B	ENSMUSG00000090121	ENSRNOG00000026855
ENSG00000131979	GCH1	ENSMUSG00000037580	ENSRNOG00000011039
ENSG00000131981	LGALS3	ENSMUSG00000050335	ENSRNOG00000010645
ENSG00000132000	PODNL1	ENSMUSG00000012889	ENSRNOG00000006741
ENSG00000132002	DNAJB1	ENSMUSG00000005483	ENSRNOG00000021824
ENSG00000132003	ZSWIM4	ENSMUSG00000035671	ENSRNOG00000007582
ENSG00000132004	FBXW9	ENSMUSG00000008167	ENSRNOG00000004212
ENSG00000132005	RFX1	ENSMUSG00000031706	ENSRNOG00000006049
ENSG00000132016	BRME1	ENSMUSG00000008129	ENSRNOG00000025796
ENSG00000132017	DCAF15	ENSMUSG00000037103	ENSRNOG00000006551
ENSG00000132024	CC2D1A	ENSMUSG00000036686	ENSRNOG00000006747
ENSG00000132026	RTBDN	ENSMUSG00000048617	ENSRNOG00000043215
ENSG00000132031	MATN3	ENSMUSG00000020583	ENSRNOG00000056141
ENSG00000132109	TRIM21	ENSMUSG00000030966	ENSRNOG00000018517
ENSG00000132122	SPATA6	ENSMUSG00000034401	ENSRNOG00000007568
ENSG00000132128	LRRC41	ENSMUSG00000028703	ENSRNOG00000013642
ENSG00000132141	CCT6B	ENSMUSG00000020698	ENSRNOG00000007523
ENSG00000132153	DHX30	ENSMUSG00000032480	ENSRNOG00000029194
ENSG00000132155	RAF1	ENSMUSG00000000441	ENSRNOG00000010153
ENSG00000132164	SLC6A11	ENSMUSG00000030307	ENSRNOG00000005697
ENSG00000132170	PPARG	ENSMUSG00000000440	ENSRNOG00000008839
ENSG00000132182	NUP210	ENSMUSG00000030091	ENSRNOG00000005390
ENSG00000132185	FCRLA	ENSMUSG00000038421	ENSRNOG00000003136
ENSG00000132196	HSD17B7	ENSMUSG00000026675	ENSRNOG00000002826
ENSG00000132205	EMILIN2	ENSMUSG00000024053	ENSRNOG00000014837
ENSG00000132254	ARFIP2	ENSMUSG00000030881	ENSRNOG00000018440
ENSG00000132259	CNGA4	ENSMUSG00000030897	ENSRNOG00000017609
ENSG00000132275	RRP8	ENSMUSG00000030888	ENSRNOG00000018766
ENSG00000132286	TIMM10B	ENSMUSG00000089847	ENSRNOG00000050846
ENSG00000132294	EFR3A	ENSMUSG00000015002	ENSRNOG00000025528
ENSG00000132297	HHLA1	ENSMUSG00000072511	ENSRNOG00000054588
ENSG00000132300	PTCD3	ENSMUSG00000063884	ENSRNOG00000009484
ENSG00000132305	IMMT	ENSMUSG00000052337	ENSRNOG00000009097
ENSG00000132313	MRPL35	ENSMUSG00000052962	ENSRNOG00000008546
ENSG00000132321	DRC11	ENSMUSG00000026301	ENSRNOG00000019592
ENSG00000132323	ILKAP	ENSMUSG00000026309	ENSRNOG00000020115
ENSG00000132326	PER2	ENSMUSG00000055866	ENSRNOG00000020254
ENSG00000132329	RAMP1	ENSMUSG00000034353	ENSRNOG00000089232
ENSG00000132330	SCLY	ENSMUSG00000026307	ENSRNOG00000020083
ENSG00000132334	PTPRE	ENSMUSG00000041836	ENSRNOG00000015717
ENSG00000132356	PRKAA1	ENSMUSG00000050697	ENSRNOG00000012799
ENSG00000132357	CARD6	ENSMUSG00000041849	ENSRNOG00000001271
ENSG00000132359	RAP1GAP2	ENSMUSG00000038807	ENSRNOG00000002652
ENSG00000132361	CLUH	ENSMUSG00000020741	ENSRNOG00000002669
ENSG00000132376	INPP5K	ENSMUSG00000006127	ENSRNOG00000056954
ENSG00000132382	MYBBP1A	ENSMUSG00000040463	ENSRNOG00000015236
ENSG00000132383	RPA1	ENSMUSG00000000751	ENSRNOG00000003123
ENSG00000132386	SERPINF1	ENSMUSG00000000753	ENSRNOG00000003172
ENSG00000132394	EEFSEC	ENSMUSG00000033216	ENSRNOG00000012954
ENSG00000132405	TBC1D14	ENSMUSG00000029192	ENSRNOG00000006400
ENSG00000132406	TMEM128	ENSMUSG00000067365	ENSRNOG00000005346
ENSG00000132423	COQ3	ENSMUSG00000028247	ENSRNOG00000009974
ENSG00000132424	PNISR	ENSMUSG00000028248	ENSRNOG00000008782
ENSG00000132429	POPDC3	ENSMUSG00000019848	ENSRNOG00000047102
ENSG00000132434	LANCL2	ENSMUSG00000062190	ENSRNOG00000006810
ENSG00000132436	FIGNL1	ENSMUSG00000035455	ENSRNOG00000004440
ENSG00000132437	DDC	ENSMUSG00000020182	ENSRNOG00000004327
ENSG00000132463	GRSF1	ENSMUSG00000044221	ENSRNOG00000003392
ENSG00000132464	ENAM	ENSMUSG00000029286	ENSRNOG00000003672
ENSG00000132465	JCHAIN	ENSMUSG00000067149	ENSRNOG00000003666
ENSG00000132466	ANKRD17	ENSMUSG00000055204	ENSRNOG00000002940
ENSG00000132467	UTP3	ENSMUSG00000070697	ENSRNOG00000080476
ENSG00000132470	ITGB4	ENSMUSG00000020758	ENSRNOG00000005580
ENSG00000132471	WBP2	ENSMUSG00000034341	ENSRNOG00000007971
ENSG00000132478	UNK	ENSMUSG00000020770	ENSRNOG00000006600
ENSG00000132481	TRIM47	ENSMUSG00000020773	ENSRNOG00000008215
ENSG00000132485	ZRANB2	ENSMUSG00000028180	ENSRNOG00000009990
ENSG00000132510	KDM6B	ENSMUSG00000018476	ENSRNOG00000037613
ENSG00000132518	GUCY2D	ENSMUSG00000020890	ENSRNOG00000007931
ENSG00000132522	GPS2	ENSMUSG00000023170	ENSRNOG00000016360
ENSG00000132530	XAF1	ENSMUSG00000040483	ENSRNOG00000037371
ENSG00000132535	DLG4	ENSMUSG00000020886	ENSRNOG00000018526
ENSG00000132541	RIDA	ENSMUSG00000022323	ENSRNOG00000005437
ENSG00000132549	VPS13B	ENSMUSG00000037646	ENSRNOG00000066252
ENSG00000132554	RGS22	ENSMUSG00000037627	ENSRNOG00000025551
ENSG00000132561	MATN2	ENSMUSG00000022324	ENSRNOG00000006060
ENSG00000132563	REEP2	ENSMUSG00000038555	ENSRNOG00000049629
ENSG00000132570	PCBD2	ENSMUSG00000021496	ENSRNOG00000084656
ENSG00000132581	SDF2	ENSMUSG00000002064	ENSRNOG00000012121
ENSG00000132589	FLOT2	ENSMUSG00000061981	ENSRNOG00000009681
ENSG00000132591	ERAL1	ENSMUSG00000020832	ENSRNOG00000010673
ENSG00000132600	PRMT7	ENSMUSG00000060098	ENSRNOG00000000258
ENSG00000132603	NIP7	ENSMUSG00000031917	ENSRNOG00000020391
ENSG00000132604	TERF2	ENSMUSG00000031921	ENSRNOG00000020435
ENSG00000132612	VPS4A	ENSMUSG00000031913	ENSRNOG00000020351
ENSG00000132613	MTSS2	ENSMUSG00000033763	ENSRNOG00000017500
ENSG00000132622	HSPA12B	ENSMUSG00000074793	ENSRNOG00000021244
ENSG00000132623	ANKEF1	ENSMUSG00000074771	ENSRNOG00000005792
ENSG00000132631	SCP2D1	ENSMUSG00000027431	ENSRNOG00000009461
ENSG00000132635	PCED1A	ENSMUSG00000037773	ENSRNOG00000021221
ENSG00000132639	SNAP25	ENSMUSG00000027273	ENSRNOG00000006037
ENSG00000132640	BTBD3	ENSMUSG00000062098	ENSRNOG00000008088
ENSG00000132646	PCNA	ENSMUSG00000027342	ENSRNOG00000021264
ENSG00000132661	NXT1	ENSMUSG00000036992	ENSRNOG00000004700
ENSG00000132664	POLR3F	ENSMUSG00000027427	ENSRNOG00000007548
ENSG00000132669	RIN2	ENSMUSG00000001768	ENSRNOG00000010131
ENSG00000132670	PTPRA	ENSMUSG00000027303	ENSRNOG00000021223
ENSG00000132671	SSTR4	ENSMUSG00000037014	ENSRNOG00000004641
ENSG00000132676	DAP3	ENSMUSG00000068921	ENSRNOG00000020373
ENSG00000132677	RHBG	ENSMUSG00000104445	ENSRNOG00000019412
ENSG00000132680	KHDC4	ENSMUSG00000028060	ENSRNOG00000020139
ENSG00000132681	ATP1A4	ENSMUSG00000007107	ENSRNOG00000032378
ENSG00000132688	NES	ENSMUSG00000004891	ENSRNOG00000018681
ENSG00000132692	BCAN	ENSMUSG00000004892	ENSRNOG00000018798
ENSG00000132694	ARHGEF11	ENSMUSG00000041977	ENSRNOG00000015026
ENSG00000132698	RAB25	ENSMUSG00000008601	ENSRNOG00000023640
ENSG00000132702	HAPLN2	ENSMUSG00000004894	ENSRNOG00000018870
ENSG00000132703	APCS	ENSMUSG00000026542	ENSRNOG00000009086
ENSG00000132716	DCAF8	ENSMUSG00000026554	ENSRNOG00000006785
ENSG00000132718	SYT11	ENSMUSG00000068923	ENSRNOG00000020279
ENSG00000132740	IGHMBP2	ENSMUSG00000024831	ENSRNOG00000013456
ENSG00000132744	ACY3	ENSMUSG00000024866	ENSRNOG00000017901
ENSG00000132749	TESMIN	ENSMUSG00000024905	ENSRNOG00000014671
ENSG00000132763	MMACHC	ENSMUSG00000028690	ENSRNOG00000017233
ENSG00000132768	DPH2	ENSMUSG00000028540	ENSRNOG00000019655
ENSG00000132773	TOE1	ENSMUSG00000028688	ENSRNOG00000017561
ENSG00000132780	NASP	ENSMUSG00000028693	ENSRNOG00000016454
ENSG00000132781	MUTYH	ENSMUSG00000028687	ENSRNOG00000017887
ENSG00000132792	CTNNBL1	ENSMUSG00000027649	ENSRNOG00000012021
ENSG00000132793	LPIN3	ENSMUSG00000027412	ENSRNOG00000016636
ENSG00000132801	ZSWIM3	ENSMUSG00000045822	ENSRNOG00000015525
ENSG00000132819	RBM38	ENSMUSG00000027510	ENSRNOG00000006420
ENSG00000132821	VSTM2L	ENSMUSG00000037843	ENSRNOG00000085194
ENSG00000132823	OSER1	ENSMUSG00000035399	ENSRNOG00000008297
ENSG00000132824	SERINC3	ENSMUSG00000017707	ENSRNOG00000009552
ENSG00000132825	PPP1R3D	ENSMUSG00000049999	ENSRNOG00000053869
ENSG00000132837	DMGDH	ENSMUSG00000042102	ENSRNOG00000023588
ENSG00000132840	BHMT2	ENSMUSG00000042118	ENSRNOG00000040120
ENSG00000132842	AP3B1	ENSMUSG00000021686	ENSRNOG00000010624
ENSG00000132846	ZBED3	ENSMUSG00000041995	ENSRNOG00000028941
ENSG00000132849	PATJ	ENSMUSG00000061859	ENSRNOG00000007551
ENSG00000132854	KANK4	ENSMUSG00000035407	ENSRNOG00000007779
ENSG00000132855	ANGPTL3	ENSMUSG00000028553	ENSRNOG00000008638
ENSG00000132872	SYT4	ENSMUSG00000024261	ENSRNOG00000017333
ENSG00000132874	SLC14A2	ENSMUSG00000024552	ENSRNOG00000061714
ENSG00000132879	FBXO44	ENSMUSG00000029001	ENSRNOG00000009298
ENSG00000132881	CPLANE2	ENSMUSG00000073733	ENSRNOG00000023346
ENSG00000132906	CASP9	ENSMUSG00000028914	ENSRNOG00000012944
ENSG00000132911	NMUR2	ENSMUSG00000037393	ENSRNOG00000014081
ENSG00000132912	DCTN4	ENSMUSG00000024603	ENSRNOG00000019298
ENSG00000132915	PDE6A	ENSMUSG00000024575	ENSRNOG00000017816
ENSG00000132932	ATP8A2	ENSMUSG00000021983	ENSRNOG00000008053
ENSG00000132938	MTUS2	ENSMUSG00000029651	ENSRNOG00000032410
ENSG00000132950	ZMYM5	ENSMUSG00000040123	ENSRNOG00000029220
ENSG00000132952	USPL1	ENSMUSG00000041264	ENSRNOG00000000909
ENSG00000132953	XPO4	ENSMUSG00000021952	ENSRNOG00000010137
ENSG00000132963	POMP	ENSMUSG00000029649	ENSRNOG00000049229
ENSG00000132964	CDK8	ENSMUSG00000029635	ENSRNOG00000039819
ENSG00000132965	ALOX5AP	ENSMUSG00000060063	ENSRNOG00000000907
ENSG00000132970	WASF3	ENSMUSG00000029636	ENSRNOG00000048898
ENSG00000132972	RNF17	ENSMUSG00000000365	ENSRNOG00000008059
ENSG00000132975	GPR12	ENSMUSG00000041468	ENSRNOG00000039832
ENSG00000133019	CHRM3	ENSMUSG00000046159	ENSRNOG00000049410
ENSG00000133020	MYH8	ENSMUSG00000055775	ENSRNOG00000068010
ENSG00000133026	MYH10	ENSMUSG00000020900	ENSRNOG00000002886
ENSG00000133027	PEMT	ENSMUSG00000000301	ENSRNOG00000054423
ENSG00000133028	SCO1	ENSMUSG00000069844	ENSRNOG00000072761
ENSG00000133030	MPRIP	ENSMUSG00000005417	ENSRNOG00000003226
ENSG00000133048	CHI3L1	ENSMUSG00000064246	ENSRNOG00000053272
ENSG00000133055	MYBPH	ENSMUSG00000042451	ENSRNOG00000003336
ENSG00000133056	PIK3C2B	ENSMUSG00000026447	ENSRNOG00000029938
ENSG00000133059	DSTYK	ENSMUSG00000042046	ENSRNOG00000021298
ENSG00000133063	CHIT1	ENSMUSG00000026450	ENSRNOG00000028072
ENSG00000133065	SLC41A1	ENSMUSG00000013275	ENSRNOG00000042320
ENSG00000133067	LGR6	ENSMUSG00000042793	ENSRNOG00000005093
ENSG00000133069	TMCC2	ENSMUSG00000042066	ENSRNOG00000000033
ENSG00000133083	DCLK1	ENSMUSG00000027797	ENSRNOG00000032922
ENSG00000133101	CCNA1	ENSMUSG00000027793	ENSRNOG00000014052
ENSG00000133103	COG6	ENSMUSG00000027742	ENSRNOG00000013660
ENSG00000133104	SPART	ENSMUSG00000036580	ENSRNOG00000014155
ENSG00000133105	RXFP2	ENSMUSG00000053368	ENSRNOG00000000897
ENSG00000133106	EPSTI1	ENSMUSG00000022014	ENSRNOG00000009471
ENSG00000133107	TRPC4	ENSMUSG00000027748	ENSRNOG00000011133
ENSG00000133110	POSTN	ENSMUSG00000027750	ENSRNOG00000012660
ENSG00000133111	RFXAP	ENSMUSG00000036615	ENSRNOG00000064105
ENSG00000133115	STOML3	ENSMUSG00000027744	ENSRNOG00000011006
ENSG00000133116	KL	ENSMUSG00000058488	ENSRNOG00000001092
ENSG00000133119	RFC3	ENSMUSG00000033970	ENSRNOG00000001088
ENSG00000133121	STARD13	ENSMUSG00000016128	ENSRNOG00000001090
ENSG00000133124	IRS4	ENSMUSG00000054667	ENSRNOG00000046790
ENSG00000133131	MORC4	ENSMUSG00000031434	ENSRNOG00000060846
ENSG00000133135	RNF128	ENSMUSG00000031438	ENSRNOG00000055721
ENSG00000133138	TBC1D8B	ENSMUSG00000042473	ENSRNOG00000054011
ENSG00000133195	SLC39A11	ENSMUSG00000041654	ENSRNOG00000031213
ENSG00000133216	EPHB2	ENSMUSG00000028664	ENSRNOG00000012531
ENSG00000133226	SRRM1	ENSMUSG00000028809	ENSRNOG00000018194
ENSG00000133243	BTBD2	ENSMUSG00000003344	ENSRNOG00000018788
ENSG00000133247	KMT5C	ENSMUSG00000059851	ENSRNOG00000017508
ENSG00000133250	ZNF414	ENSMUSG00000073423	ENSRNOG00000008378
ENSG00000133256	PDE6B	ENSMUSG00000029491	ENSRNOG00000000065
ENSG00000133265	HSPBP1	ENSMUSG00000063802	ENSRNOG00000017795
ENSG00000133275	CSNK1G2	ENSMUSG00000003345	ENSRNOG00000018529
ENSG00000133302	SLF1	ENSMUSG00000021597	ENSRNOG00000040279
ENSG00000133313	CNDP2	ENSMUSG00000024644	ENSRNOG00000015591
ENSG00000133315	MACROD1	ENSMUSG00000036278	ENSRNOG00000021174
ENSG00000133316	WDR74	ENSMUSG00000042729	ENSRNOG00000063481
ENSG00000133317	LGALS12	ENSMUSG00000024972	ENSRNOG00000021207
ENSG00000133318	RTN3	ENSMUSG00000024758	ENSRNOG00000021202
ENSG00000133392	MYH11	ENSMUSG00000018830	ENSRNOG00000057880
ENSG00000133393	CEP20	ENSMUSG00000022677	ENSRNOG00000053230
ENSG00000133398	MED10	ENSMUSG00000021598	ENSRNOG00000017150
ENSG00000133401	PDZD2	ENSMUSG00000022197	ENSRNOG00000013140
ENSG00000133424	LARGE1	ENSMUSG00000004383	ENSRNOG00000013742
ENSG00000133454	MYO18B	ENSMUSG00000072720	ENSRNOG00000048430
ENSG00000133466	C1QTNF6	ENSMUSG00000022440	ENSRNOG00000007300
ENSG00000133477	FAM83F	ENSMUSG00000022408	ENSRNOG00000018330
ENSG00000133488	SEC14L4	ENSMUSG00000019368	ENSRNOG00000090249
ENSG00000133561	GIMAP6	ENSMUSG00000047867	ENSRNOG00000033338
ENSG00000133574	GIMAP4	ENSMUSG00000054435	ENSRNOG00000008369
ENSG00000133597	ADCK2	ENSMUSG00000046947	ENSRNOG00000010005
ENSG00000133606	MKRN1	ENSMUSG00000029922	ENSRNOG00000009280
ENSG00000133612	AGAP3	ENSMUSG00000023353	ENSRNOG00000012764
ENSG00000133619	KRABD3	ENSMUSG00000042810	ENSRNOG00000007405
ENSG00000133636	NTS	ENSMUSG00000019890	ENSRNOG00000004179
ENSG00000133641	RLIG1	ENSMUSG00000046567	ENSRNOG00000006973
ENSG00000133657	ATP13A3	ENSMUSG00000022533	ENSRNOG00000066681
ENSG00000133661	SFTPD	ENSMUSG00000021795	ENSRNOG00000056001
ENSG00000133665	DYDC2	ENSMUSG00000021791	ENSRNOG00000039591
ENSG00000133678	TMEM254	ENSMUSG00000072676	ENSRNOG00000011276
ENSG00000133687	TMTC1	ENSMUSG00000030306	ENSRNOG00000001854
ENSG00000133703	KRAS	ENSMUSG00000030265	ENSRNOG00000081425
ENSG00000133704	IPO8	ENSMUSG00000040029	ENSRNOG00000056041
ENSG00000133706	LARS1	ENSMUSG00000024493	ENSRNOG00000018304
ENSG00000133710	SPINK5	ENSMUSG00000055561	ENSRNOG00000013116
ENSG00000133731	IMPA1	ENSMUSG00000027531	ENSRNOG00000010482
ENSG00000133739	LRRCC1	ENSMUSG00000027550	ENSRNOG00000010891
ENSG00000133740	E2F5	ENSMUSG00000027552	ENSRNOG00000010760
ENSG00000133742	CA1	ENSMUSG00000027556	ENSRNOG00000010698
ENSG00000133773	CCDC59	ENSMUSG00000019897	ENSRNOG00000004183
ENSG00000133789	SWAP70	ENSMUSG00000031015	ENSRNOG00000009910
ENSG00000133794	BMAL1	ENSMUSG00000055116	ENSRNOG00000014448
ENSG00000133800	LYVE1	ENSMUSG00000030787	ENSRNOG00000087179
ENSG00000133805	AMPD3	ENSMUSG00000005686	ENSRNOG00000018262
ENSG00000133812	SBF2	ENSMUSG00000038371	ENSRNOG00000009812
ENSG00000133816	MICAL2	ENSMUSG00000038244	ENSRNOG00000016210
ENSG00000133818	RRAS2	ENSMUSG00000055723	ENSRNOG00000012258
ENSG00000133835	HSD17B4	ENSMUSG00000024507	ENSRNOG00000015840
ENSG00000133858	ZFC3H1	ENSMUSG00000034163	ENSRNOG00000053060
ENSG00000133863	TEX15	ENSMUSG00000009628	ENSRNOG00000007748
ENSG00000133872	SARAF	ENSMUSG00000031532	ENSRNOG00000012329
ENSG00000133874	RNF122	ENSMUSG00000039328	ENSRNOG00000023473
ENSG00000133878	DUSP26	ENSMUSG00000039661	ENSRNOG00000011518
ENSG00000133884	DPF2	ENSMUSG00000024826	ENSRNOG00000020892
ENSG00000133895	MEN1	ENSMUSG00000024947	ENSRNOG00000021054
ENSG00000133935	ERG28	ENSMUSG00000021252	ENSRNOG00000008781
ENSG00000133937	GSC	ENSMUSG00000021095	ENSRNOG00000010605
ENSG00000133943	DGLUCY	ENSMUSG00000021185	ENSRNOG00000004442
ENSG00000133958	UNC79	ENSMUSG00000021198	ENSRNOG00000008728
ENSG00000133961	NUMB	ENSMUSG00000021224	ENSRNOG00000009653
ENSG00000133962	CATSPERB	ENSMUSG00000047014	ENSRNOG00000063175
ENSG00000133980	VRTN	ENSMUSG00000071235	ENSRNOG00000048378
ENSG00000133983	COX16	ENSMUSG00000091803	ENSRNOG00000047115
ENSG00000133985	TTC9	ENSMUSG00000042734	ENSRNOG00000007254
ENSG00000133997	MED6	ENSMUSG00000002679	ENSRNOG00000006976
ENSG00000134001	EIF2S1	ENSMUSG00000021116	ENSRNOG00000009432
ENSG00000134013	LOXL2	ENSMUSG00000034205	ENSRNOG00000016758
ENSG00000134014	ELP3	ENSMUSG00000022031	ENSRNOG00000014291
ENSG00000134020	PEBP4	ENSMUSG00000022085	ENSRNOG00000026247
ENSG00000134028	ADAMDEC1	ENSMUSG00000022057	ENSRNOG00000030724
ENSG00000134030	CTIF	ENSMUSG00000052928	ENSRNOG00000018342
ENSG00000134042	MRO	ENSMUSG00000064036	ENSRNOG00000024426
ENSG00000134046	MBD2	ENSMUSG00000024513	ENSRNOG00000011853
ENSG00000134057	CCNB1	ENSMUSG00000041431	ENSRNOG00000058539
ENSG00000134058	CDK7	ENSMUSG00000069089	ENSRNOG00000018510
ENSG00000134061	CD180	ENSMUSG00000021624	ENSRNOG00000010266
ENSG00000134070	IRAK2	ENSMUSG00000060477	ENSRNOG00000021817
ENSG00000134072	CAMK1	ENSMUSG00000030272	ENSRNOG00000021781
ENSG00000134077	THUMPD3	ENSMUSG00000030264	ENSRNOG00000006941
ENSG00000134107	BHLHE40	ENSMUSG00000030103	ENSRNOG00000007152
ENSG00000134108	ARL8B	ENSMUSG00000030105	ENSRNOG00000055860
ENSG00000134109	EDEM1	ENSMUSG00000030104	ENSRNOG00000055365
ENSG00000134115	CNTN6	ENSMUSG00000030092	ENSRNOG00000032517
ENSG00000134121	CHL1	ENSMUSG00000030077	ENSRNOG00000045771
ENSG00000134138	MEIS2	ENSMUSG00000027210	ENSRNOG00000004730
ENSG00000134146	DPH6	ENSMUSG00000057147	ENSRNOG00000037356
ENSG00000134152	KATNBL1	ENSMUSG00000027132	ENSRNOG00000005814
ENSG00000134153	EMC7	ENSMUSG00000055943	ENSRNOG00000005884
ENSG00000134160	TRPM1	ENSMUSG00000030523	ENSRNOG00000015829
ENSG00000134183	GNAT2	ENSMUSG00000009108	ENSRNOG00000019296
ENSG00000134193	REG4	ENSMUSG00000027876	ENSRNOG00000019046
ENSG00000134198	TSPAN2	ENSMUSG00000027858	ENSRNOG00000082472
ENSG00000134200	TSHB	ENSMUSG00000027857	ENSRNOG00000016793
ENSG00000134202	GSTM3	ENSMUSG00000004032	ENSRNOG00000049743
ENSG00000134207	SYT6	ENSMUSG00000027849	ENSRNOG00000019163
ENSG00000134215	VAV3	ENSMUSG00000033721	ENSRNOG00000020485
ENSG00000134222	PSRC1	ENSMUSG00000068744	ENSRNOG00000020013
ENSG00000134240	HMGCS2	ENSMUSG00000027875	ENSRNOG00000019120
ENSG00000134242	PTPN22	ENSMUSG00000027843	ENSRNOG00000019614
ENSG00000134243	SORT1	ENSMUSG00000068747	ENSRNOG00000031814
ENSG00000134245	WNT2B	ENSMUSG00000027840	ENSRNOG00000014385
ENSG00000134247	PTGFRN	ENSMUSG00000027864	ENSRNOG00000015655
ENSG00000134248	LAMTOR5	ENSMUSG00000087260	ENSRNOG00000018186
ENSG00000134249	ADAM30	ENSMUSG00000043468	ENSRNOG00000019044
ENSG00000134250	NOTCH2	ENSMUSG00000027878	ENSRNOG00000018835
ENSG00000134253	TRIM45	ENSMUSG00000033233	ENSRNOG00000015347
ENSG00000134255	CEPT1	ENSMUSG00000040774	ENSRNOG00000017723
ENSG00000134256	CD101	ENSMUSG00000086564	ENSRNOG00000037190
ENSG00000134258	VTCN1	ENSMUSG00000051076	ENSRNOG00000015279
ENSG00000134259	NGF	ENSMUSG00000027859	ENSRNOG00000016571
ENSG00000134262	AP4B1	ENSMUSG00000032952	ENSRNOG00000019455
ENSG00000134265	NAPG	ENSMUSG00000024581	ENSRNOG00000018914
ENSG00000134278	SPIRE1	ENSMUSG00000024533	ENSRNOG00000025324
ENSG00000134287	ARF3	ENSMUSG00000051853	ENSRNOG00000054775
ENSG00000134291	TMEM106C	ENSMUSG00000052369	ENSRNOG00000053269
ENSG00000134294	SLC38A2	ENSMUSG00000022462	ENSRNOG00000006305
ENSG00000134308	YWHAQ	ENSMUSG00000076432	ENSRNOG00000051650
ENSG00000134313	KIDINS220	ENSMUSG00000036333	ENSRNOG00000023176
ENSG00000134317	GRHL1	ENSMUSG00000020656	ENSRNOG00000054989
ENSG00000134318	ROCK2	ENSMUSG00000020580	ENSRNOG00000004496
ENSG00000134321	RSAD2	ENSMUSG00000020641	ENSRNOG00000007539
ENSG00000134323	MYCN	ENSMUSG00000037169	ENSRNOG00000051372
ENSG00000134324	LPIN1	ENSMUSG00000020593	ENSRNOG00000004377
ENSG00000134326	CMPK2	ENSMUSG00000020638	ENSRNOG00000007690
ENSG00000134330	IAH1	ENSMUSG00000062054	ENSRNOG00000060853
ENSG00000134333	LDHA	ENSMUSG00000063229	ENSRNOG00000068651
ENSG00000134343	ANO3	ENSMUSG00000074968	ENSRNOG00000004731
ENSG00000134352	IL6ST	ENSMUSG00000021756	ENSRNOG00000013963
ENSG00000134363	FST	ENSMUSG00000021765	ENSRNOG00000011631
ENSG00000134369	NAV1	ENSMUSG00000009418	ENSRNOG00000008425
ENSG00000134371	CDC73	ENSMUSG00000026361	ENSRNOG00000003258
ENSG00000134375	TIMM17A	ENSMUSG00000062580	ENSRNOG00000007040
ENSG00000134376	CRB1	ENSMUSG00000063681	ENSRNOG00000010903
ENSG00000134398	ERN2	ENSMUSG00000030866	ENSRNOG00000018974
ENSG00000134419	RPS15A	ENSMUSG00000008683	ENSRNOG00000042940
ENSG00000134438	RAX	ENSMUSG00000024518	ENSRNOG00000016944
ENSG00000134440	NARS1	ENSMUSG00000024587	ENSRNOG00000017852
ENSG00000134443	GRP	ENSMUSG00000024517	ENSRNOG00000016999
ENSG00000134444	RELCH	ENSMUSG00000026319	ENSRNOG00000015508
ENSG00000134452	FBH1	ENSMUSG00000058594	ENSRNOG00000018549
ENSG00000134453	RBM17	ENSMUSG00000037197	ENSRNOG00000018767
ENSG00000134460	IL2RA	ENSMUSG00000026770	ENSRNOG00000047647
ENSG00000134461	ANKRD16	ENSMUSG00000047909	ENSRNOG00000028168
ENSG00000134463	ECHDC3	ENSMUSG00000039063	ENSRNOG00000048114
ENSG00000134470	IL15RA	ENSMUSG00000023206	ENSRNOG00000018706
ENSG00000134480	CCNH	ENSMUSG00000021548	ENSRNOG00000031656
ENSG00000134489	HRH4	ENSMUSG00000037346	ENSRNOG00000016887
ENSG00000134490	SLC35D4	ENSMUSG00000049411	ENSRNOG00000023412
ENSG00000134504	KCTD1	ENSMUSG00000036225	ENSRNOG00000016467
ENSG00000134508	CABLES1	ENSMUSG00000040957	ENSRNOG00000012795
ENSG00000134516	DOCK2	ENSMUSG00000020143	ENSRNOG00000006932
ENSG00000134531	EMP1	ENSMUSG00000030208	ENSRNOG00000008676
ENSG00000134532	SOX5	ENSMUSG00000041540	ENSRNOG00000027869
ENSG00000134533	RERG	ENSMUSG00000030222	ENSRNOG00000027592
ENSG00000134539	KLRD1	ENSMUSG00000030165	ENSRNOG00000060246
ENSG00000134548	SPX	ENSMUSG00000071112	ENSRNOG00000053700
ENSG00000134569	LRP4	ENSMUSG00000027253	ENSRNOG00000015285
ENSG00000134571	MYBPC3	ENSMUSG00000002100	ENSRNOG00000012307
ENSG00000134574	DDB2	ENSMUSG00000002109	ENSRNOG00000014071
ENSG00000134575	ACP2	ENSMUSG00000002103	ENSRNOG00000013594
ENSG00000134594	RAB33A	ENSMUSG00000031104	ENSRNOG00000006698
ENSG00000134595	SOX3	ENSMUSG00000045179	ENSRNOG00000058173
ENSG00000134597	RBMX2	ENSMUSG00000031107	ENSRNOG00000007371
ENSG00000134602	STK26	ENSMUSG00000031112	ENSRNOG00000007879
ENSG00000134627	PIWIL4	ENSMUSG00000036912	ENSRNOG00000009043
ENSG00000134640	MTNR1B	ENSMUSG00000050901	ENSRNOG00000008972
ENSG00000134644	PUM1	ENSMUSG00000028580	ENSRNOG00000011709
ENSG00000134668	SPOCD1	ENSMUSG00000028784	ENSRNOG00000064683
ENSG00000134684	YARS1	ENSMUSG00000028811	ENSRNOG00000007213
ENSG00000134686	PHC2	ENSMUSG00000028796	ENSRNOG00000006004
ENSG00000134690	CDCA8	ENSMUSG00000028873	ENSRNOG00000031431
ENSG00000134697	GNL2	ENSMUSG00000028869	ENSRNOG00000009430
ENSG00000134698	AGO4	ENSMUSG00000042500	ENSRNOG00000025596
ENSG00000134709	HOOK1	ENSMUSG00000028572	ENSRNOG00000026226
ENSG00000134744	TUT4	ENSMUSG00000034610	ENSRNOG00000052062
ENSG00000134748	PRPF38A	ENSMUSG00000063800	ENSRNOG00000009451
ENSG00000134755	DSC2	ENSMUSG00000024331	ENSRNOG00000039969
ENSG00000134757	DSG3	ENSMUSG00000056632	ENSRNOG00000016632
ENSG00000134758	RNF138	ENSMUSG00000024317	ENSRNOG00000015645
ENSG00000134759	ELP2	ENSMUSG00000024271	ENSRNOG00000015301
ENSG00000134762	DSC3	ENSMUSG00000059898	ENSRNOG00000017159
ENSG00000134765	DSC1	ENSMUSG00000044322	ENSRNOG00000056258
ENSG00000134769	DTNA	ENSMUSG00000024302	ENSRNOG00000016671
ENSG00000134775	FHOD3	ENSMUSG00000034295	ENSRNOG00000027230
ENSG00000134779	TPGS2	ENSMUSG00000024269	ENSRNOG00000054118
ENSG00000134780	DAGLA	ENSMUSG00000035735	ENSRNOG00000027264
ENSG00000134802	SLC43A3	ENSMUSG00000027074	ENSRNOG00000061768
ENSG00000134809	TIMM10	ENSMUSG00000027076	ENSRNOG00000007883
ENSG00000134812	CBLIF	ENSMUSG00000024682	ENSRNOG00000021001
ENSG00000134815	DHX34	ENSMUSG00000006019	ENSRNOG00000047575
ENSG00000134817	APLNR	ENSMUSG00000044338	ENSRNOG00000009227
ENSG00000134824	FADS2	ENSMUSG00000024665	ENSRNOG00000020440
ENSG00000134830	C5AR2	ENSMUSG00000074361	ENSRNOG00000049028
ENSG00000134851	TMEM165	ENSMUSG00000029234	ENSRNOG00000002199
ENSG00000134852	CLOCK	ENSMUSG00000029238	ENSRNOG00000002175
ENSG00000134853	PDGFRA	ENSMUSG00000029231	ENSRNOG00000002244
ENSG00000134864	GGACT	ENSMUSG00000041625	ENSRNOG00000027040
ENSG00000134871	COL4A2	ENSMUSG00000031503	ENSRNOG00000023972
ENSG00000134873	CLDN10	ENSMUSG00000022132	ENSRNOG00000010085
ENSG00000134882	UBAC2	ENSMUSG00000041765	ENSRNOG00000012710
ENSG00000134884	ARGLU1	ENSMUSG00000040459	ENSRNOG00000024142
ENSG00000134900	TPP2	ENSMUSG00000041763	ENSRNOG00000011194
ENSG00000134901	POGLUT2	ENSMUSG00000026047	ENSRNOG00000011740
ENSG00000134905	CARS2	ENSMUSG00000056228	ENSRNOG00000014526
ENSG00000134909	ARHGAP32	ENSMUSG00000041444	ENSRNOG00000008709
ENSG00000134910	STT3A	ENSMUSG00000032116	ENSRNOG00000031896
ENSG00000134917	ADAMTS8	ENSMUSG00000031994	ENSRNOG00000005574
ENSG00000134940	ACRV1	ENSMUSG00000032110	ENSRNOG00000008508
ENSG00000134954	ETS1	ENSMUSG00000032035	ENSRNOG00000008941
ENSG00000134962	KLB	ENSMUSG00000029195	ENSRNOG00000002834
ENSG00000134982	APC	ENSMUSG00000005871	ENSRNOG00000020423
ENSG00000134986	NREP	ENSMUSG00000042834	ENSRNOG00000068914
ENSG00000134987	WDR36	ENSMUSG00000038299	ENSRNOG00000027355
ENSG00000134996	OSTF1	ENSMUSG00000024725	ENSRNOG00000012156
ENSG00000135018	UBQLN1	ENSMUSG00000005312	ENSRNOG00000019282
ENSG00000135040	NAA35	ENSMUSG00000021555	ENSRNOG00000018417
ENSG00000135045	C9orf40	ENSMUSG00000047044	ENSRNOG00000025644
ENSG00000135046	ANXA1	ENSMUSG00000024659	ENSRNOG00000017469
ENSG00000135048	CEMIP2	ENSMUSG00000024754	ENSRNOG00000012782
ENSG00000135049	AGTPBP1	ENSMUSG00000021557	ENSRNOG00000018651
ENSG00000135052	GOLM1	ENSMUSG00000021556	ENSRNOG00000018400
ENSG00000135063	ENTREP1	ENSMUSG00000071604	ENSRNOG00000061147
ENSG00000135069	PSAT1	ENSMUSG00000024640	ENSRNOG00000013971
ENSG00000135077	HAVCR2	ENSMUSG00000020399	ENSRNOG00000031443
ENSG00000135083	CCNJL	ENSMUSG00000044707	ENSRNOG00000003893
ENSG00000135090	TAOK3	ENSMUSG00000061288	ENSRNOG00000001138
ENSG00000135093	USP30	ENSMUSG00000029592	ENSRNOG00000028556
ENSG00000135094	SDS	ENSMUSG00000029597	ENSRNOG00000001388
ENSG00000135097	MSI1	ENSMUSG00000054256	ENSRNOG00000001156
ENSG00000135100	HNF1A	ENSMUSG00000029556	ENSRNOG00000001183
ENSG00000135108	FBXO21	ENSMUSG00000032898	ENSRNOG00000001129
ENSG00000135111	TBX3	ENSMUSG00000018604	ENSRNOG00000008706
ENSG00000135114	OASL	ENSMUSG00000041827	ENSRNOG00000001187
ENSG00000135116	HRK	ENSMUSG00000046607	ENSRNOG00000079458
ENSG00000135119	RNFT2	ENSMUSG00000032850	ENSRNOG00000001124
ENSG00000135124	P2RX4	ENSMUSG00000029470	ENSRNOG00000001300
ENSG00000135127	BICDL1	ENSMUSG00000041609	ENSRNOG00000056955
ENSG00000135144	DTX1	ENSMUSG00000029603	ENSRNOG00000050848
ENSG00000135148	TRAFD1	ENSMUSG00000042726	ENSRNOG00000001351
ENSG00000135185	TMEM243	ENSMUSG00000079659	ENSRNOG00000042758
ENSG00000135205	CCDC146	ENSMUSG00000064280	ENSRNOG00000012932
ENSG00000135211	TMEM60	ENSMUSG00000045435	ENSRNOG00000013510
ENSG00000135220	UGT2A3	ENSMUSG00000035780	ENSRNOG00000001973
ENSG00000135222	CSN2	ENSMUSG00000063157	ENSRNOG00000039326
ENSG00000135241	PNPLA8	ENSMUSG00000036257	ENSRNOG00000039091
ENSG00000135245	HILPDA	ENSMUSG00000043421	ENSRNOG00000070930
ENSG00000135248	GARIN1B	ENSMUSG00000039742	ENSRNOG00000006132
ENSG00000135249	RINT1	ENSMUSG00000028999	ENSRNOG00000022182
ENSG00000135250	SRPK2	ENSMUSG00000062604	ENSRNOG00000010601
ENSG00000135253	KCP	ENSMUSG00000059022	ENSRNOG00000021855
ENSG00000135272	MDFIC	ENSMUSG00000041390	ENSRNOG00000053787
ENSG00000135297	MTO1	ENSMUSG00000032342	ENSRNOG00000037659
ENSG00000135298	ADGRB3	ENSMUSG00000033569	ENSRNOG00000012045
ENSG00000135299	ANKRD6	ENSMUSG00000040183	ENSRNOG00000007110
ENSG00000135312	HTR1B	ENSMUSG00000049511	ENSRNOG00000013042
ENSG00000135315	CEP162	ENSMUSG00000056919	ENSRNOG00000010608
ENSG00000135316	SYNCRIP	ENSMUSG00000032423	ENSRNOG00000000204
ENSG00000135317	SNX14	ENSMUSG00000032422	ENSRNOG00000011348
ENSG00000135318	NT5E	ENSMUSG00000032420	ENSRNOG00000011071
ENSG00000135324	MRAP2	ENSMUSG00000042761	ENSRNOG00000010545
ENSG00000135333	EPHA7	ENSMUSG00000028289	ENSRNOG00000007030
ENSG00000135334	AKIRIN2	ENSMUSG00000028291	ENSRNOG00000008288
ENSG00000135336	ORC3	ENSMUSG00000040044	ENSRNOG00000008314
ENSG00000135338	LCA5	ENSMUSG00000032258	ENSRNOG00000009580
ENSG00000135341	MAP3K7	ENSMUSG00000028284	ENSRNOG00000005724
ENSG00000135346	CGA	ENSMUSG00000028298	ENSRNOG00000009269
ENSG00000135355	GJA10	ENSMUSG00000051056	ENSRNOG00000006478
ENSG00000135362	PRR5L	ENSMUSG00000032841	ENSRNOG00000004666
ENSG00000135363	LMO2	ENSMUSG00000032698	ENSRNOG00000009401
ENSG00000135365	PHF21A	ENSMUSG00000058318	ENSRNOG00000006063
ENSG00000135372	NAT10	ENSMUSG00000027185	ENSRNOG00000008663
ENSG00000135373	EHF	ENSMUSG00000012350	ENSRNOG00000007484
ENSG00000135374	ELF5	ENSMUSG00000027186	ENSRNOG00000008282
ENSG00000135378	PRRG4	ENSMUSG00000027171	ENSRNOG00000022710
ENSG00000135387	CAPRIN1	ENSMUSG00000027184	ENSRNOG00000009152
ENSG00000135392	DNAJC14	ENSMUSG00000025354	ENSRNOG00000006844
ENSG00000135404	CD63	ENSMUSG00000025351	ENSRNOG00000007650
ENSG00000135406	PRPH	ENSMUSG00000023484	ENSRNOG00000052880
ENSG00000135407	AVIL	ENSMUSG00000025432	ENSRNOG00000050419
ENSG00000135409	AMHR2	ENSMUSG00000023047	ENSRNOG00000014850
ENSG00000135414	GDF11	ENSMUSG00000025352	ENSRNOG00000007610
ENSG00000135423	GLS2	ENSMUSG00000044005	ENSRNOG00000031612
ENSG00000135424	ITGA7	ENSMUSG00000025348	ENSRNOG00000007905
ENSG00000135436	FAM186B	ENSMUSG00000078907	ENSRNOG00000054250
ENSG00000135437	RDH5	ENSMUSG00000025350	ENSRNOG00000007784
ENSG00000135439	AGAP2	ENSMUSG00000025422	ENSRNOG00000025584
ENSG00000135443	KRT85	ENSMUSG00000116336	ENSRNOG00000008436
ENSG00000135446	CDK4	ENSMUSG00000006728	ENSRNOG00000025602
ENSG00000135447	PPP1R1A	ENSMUSG00000022490	ENSRNOG00000036827
ENSG00000135451	TROAP	ENSMUSG00000032783	ENSRNOG00000060703
ENSG00000135452	TSPAN31	ENSMUSG00000006736	ENSRNOG00000025592
ENSG00000135454	B4GALNT1	ENSMUSG00000006731	ENSRNOG00000004839
ENSG00000135457	TFCP2	ENSMUSG00000009733	ENSRNOG00000032395
ENSG00000135469	COQ10A	ENSMUSG00000039914	ENSRNOG00000029571
ENSG00000135472	FAIM2	ENSMUSG00000023011	ENSRNOG00000045554
ENSG00000135473	PAN2	ENSMUSG00000005682	ENSRNOG00000032441
ENSG00000135476	ESPL1	ENSMUSG00000058290	ENSRNOG00000012835
ENSG00000135480	KRT7	ENSMUSG00000023039	ENSRNOG00000008057
ENSG00000135482	ZC3H10	ENSMUSG00000039810	ENSRNOG00000040281
ENSG00000135486	HNRNPA1	ENSMUSG00000046434	ENSRNOG00000036839
ENSG00000135503	ACVR1B	ENSMUSG00000000532	ENSRNOG00000006934
ENSG00000135506	OS9	ENSMUSG00000040462	ENSRNOG00000025570
ENSG00000135517	MIP	ENSMUSG00000025389	ENSRNOG00000003132
ENSG00000135519	KCNH3	ENSMUSG00000037579	ENSRNOG00000057315
ENSG00000135521	LTV1	ENSMUSG00000019814	ENSRNOG00000015217
ENSG00000135525	MAP7	ENSMUSG00000019996	ENSRNOG00000012701
ENSG00000135535	CD164	ENSMUSG00000019818	ENSRNOG00000000304
ENSG00000135537	AFG1L	ENSMUSG00000038302	ENSRNOG00000043033
ENSG00000135540	NHSL1	ENSMUSG00000039835	ENSRNOG00000060603
ENSG00000135541	AHI1	ENSMUSG00000019986	ENSRNOG00000013969
ENSG00000135547	HEY2	ENSMUSG00000019789	ENSRNOG00000013364
ENSG00000135549	PKIB	ENSMUSG00000019876	ENSRNOG00000000811
ENSG00000135569	TAAR5	ENSMUSG00000069706	ENSRNOG00000039869
ENSG00000135577	NMBR	ENSMUSG00000019865	ENSRNOG00000012103
ENSG00000135587	SMPD2	ENSMUSG00000019822	ENSRNOG00000000306
ENSG00000135596	MICAL1	ENSMUSG00000019823	ENSRNOG00000000307
ENSG00000135597	REPS1	ENSMUSG00000019854	ENSRNOG00000059224
ENSG00000135604	STX11	ENSMUSG00000039232	ENSRNOG00000014902
ENSG00000135605	TEC	ENSMUSG00000029217	ENSRNOG00000002278
ENSG00000135617	PRADC1	ENSMUSG00000030008	ENSRNOG00000050483
ENSG00000135622	SEMA4F	ENSMUSG00000000627	ENSRNOG00000006784
ENSG00000135624	CCT7	ENSMUSG00000030007	ENSRNOG00000015630
ENSG00000135625	EGR4	ENSMUSG00000071341	ENSRNOG00000015719
ENSG00000135631	RAB11FIP5	ENSMUSG00000051343	ENSRNOG00000056009
ENSG00000135632	SMYD5	ENSMUSG00000033706	ENSRNOG00000015589
ENSG00000135636	DYSF	ENSMUSG00000033788	ENSRNOG00000032788
ENSG00000135637	CCDC142	ENSMUSG00000107499	ENSRNOG00000058785
ENSG00000135638	EMX1	ENSMUSG00000033726	ENSRNOG00000015493
ENSG00000135643	KCNMB4	ENSMUSG00000054934	ENSRNOG00000054458
ENSG00000135655	USP15	ENSMUSG00000020124	ENSRNOG00000023202
ENSG00000135677	GNS	ENSMUSG00000034707	ENSRNOG00000046159
ENSG00000135678	CPM	ENSMUSG00000020183	ENSRNOG00000084862
ENSG00000135679	MDM2	ENSMUSG00000020184	ENSRNOG00000006304
ENSG00000135686	KLHL36	ENSMUSG00000031828	ENSRNOG00000016422
ENSG00000135697	BCO1	ENSMUSG00000031845	ENSRNOG00000012027
ENSG00000135709	KIAA0513	ENSMUSG00000031824	ENSRNOG00000017431
ENSG00000135720	DYNC1LI2	ENSMUSG00000035770	ENSRNOG00000025791
ENSG00000135722	FBXL8	ENSMUSG00000033313	ENSRNOG00000015242
ENSG00000135723	FHOD1	ENSMUSG00000014778	ENSRNOG00000054625
ENSG00000135736	CCDC102A	ENSMUSG00000063605	ENSRNOG00000025843
ENSG00000135740	SLC9A5	ENSMUSG00000014786	ENSRNOG00000028844
ENSG00000135744	AGT	ENSMUSG00000031980	ENSRNOG00000018445
ENSG00000135749	PCNX2	ENSMUSG00000060212	ENSRNOG00000028580
ENSG00000135750	KCNK1	ENSMUSG00000033998	ENSRNOG00000019937
ENSG00000135763	URB2	ENSMUSG00000031976	ENSRNOG00000026853
ENSG00000135773	CAPN9	ENSMUSG00000031981	ENSRNOG00000018480
ENSG00000135775	COG2	ENSMUSG00000031979	ENSRNOG00000018228
ENSG00000135776	ABCB10	ENSMUSG00000031974	ENSRNOG00000017993
ENSG00000135778	NTPCR	ENSMUSG00000031851	ENSRNOG00000019922
ENSG00000135821	GLUL	ENSMUSG00000026473	ENSRNOG00000049560
ENSG00000135823	STX6	ENSMUSG00000026470	ENSRNOG00000003402
ENSG00000135824	RGS8	ENSMUSG00000042671	ENSRNOG00000002369
ENSG00000135828	RNASEL	ENSMUSG00000066800	ENSRNOG00000027017
ENSG00000135829	DHX9	ENSMUSG00000042699	ENSRNOG00000002735
ENSG00000135835	KIAA1614	ENSMUSG00000033722	ENSRNOG00000000040
ENSG00000135837	CEP350	ENSMUSG00000033671	ENSRNOG00000003882
ENSG00000135838	NPL	ENSMUSG00000042684	ENSRNOG00000002775
ENSG00000135842	NIBAN1	ENSMUSG00000026483	ENSRNOG00000002403
ENSG00000135845	PIGC	ENSMUSG00000026698	ENSRNOG00000026497
ENSG00000135862	LAMC1	ENSMUSG00000026478	ENSRNOG00000002680
ENSG00000135870	RC3H1	ENSMUSG00000040423	ENSRNOG00000002750
ENSG00000135898	GPR55	ENSMUSG00000049608	ENSRNOG00000017521
ENSG00000135900	MRPL44	ENSMUSG00000026248	ENSRNOG00000015231
ENSG00000135902	CHRND	ENSMUSG00000026251	ENSRNOG00000019527
ENSG00000135903	PAX3	ENSMUSG00000004872	ENSRNOG00000013670
ENSG00000135905	DOCK10	ENSMUSG00000038608	ENSRNOG00000053200
ENSG00000135912	TTLL4	ENSMUSG00000033257	ENSRNOG00000017129
ENSG00000135913	USP37	ENSMUSG00000033364	ENSRNOG00000022720
ENSG00000135914	HTR2B	ENSMUSG00000026228	ENSRNOG00000017625
ENSG00000135916	ITM2C	ENSMUSG00000026223	ENSRNOG00000017359
ENSG00000135917	SLC19A3	ENSMUSG00000038496	ENSRNOG00000057256
ENSG00000135919	SERPINE2	ENSMUSG00000026249	ENSRNOG00000015461
ENSG00000135924	DNAJB2	ENSMUSG00000026203	ENSRNOG00000019506
ENSG00000135925	WNT10A	ENSMUSG00000026167	ENSRNOG00000052510
ENSG00000135926	TMBIM1	ENSMUSG00000006301	ENSRNOG00000014797
ENSG00000135929	CYP27A1	ENSMUSG00000026170	ENSRNOG00000017188
ENSG00000135930	EIF4E2	ENSMUSG00000026254	ENSRNOG00000019634
ENSG00000135931	ARMC9	ENSMUSG00000062590	ENSRNOG00000025418
ENSG00000135932	CAB39	ENSMUSG00000036707	ENSRNOG00000017297
ENSG00000135945	REV1	ENSMUSG00000026082	ENSRNOG00000018623
ENSG00000135951	TSGA10	ENSMUSG00000060771	ENSRNOG00000058681
ENSG00000135953	SLC67A2	ENSMUSG00000041945	ENSRNOG00000023129
ENSG00000135956	TMEM127	ENSMUSG00000034850	ENSRNOG00000088819
ENSG00000135960	EDAR	ENSMUSG00000003227	ENSRNOG00000028598
ENSG00000135966	TGFBRAP1	ENSMUSG00000070939	ENSRNOG00000024562
ENSG00000135968	GCC2	ENSMUSG00000038039	ENSRNOG00000000823
ENSG00000135972	MRPS9	ENSMUSG00000060679	ENSRNOG00000016201
ENSG00000135973	GPR45	ENSMUSG00000041907	ENSRNOG00000016446
ENSG00000135974	C2orf49	ENSMUSG00000010290	ENSRNOG00000016447
ENSG00000136003	ISCU	ENSMUSG00000025825	ENSRNOG00000000701
ENSG00000136010	ALDH1L2	ENSMUSG00000020256	ENSRNOG00000008586
ENSG00000136011	STAB2	ENSMUSG00000035459	ENSRNOG00000038948
ENSG00000136014	USP44	ENSMUSG00000020020	ENSRNOG00000005637
ENSG00000136021	SCYL2	ENSMUSG00000069539	ENSRNOG00000024955
ENSG00000136026	CKAP4	ENSMUSG00000046841	ENSRNOG00000008016
ENSG00000136040	PLXNC1	ENSMUSG00000074785	ENSRNOG00000007970
ENSG00000136044	APPL2	ENSMUSG00000020263	ENSRNOG00000008174
ENSG00000136045	PWP1	ENSMUSG00000001785	ENSRNOG00000005350
ENSG00000136048	DRAM1	ENSMUSG00000020057	ENSRNOG00000038916
ENSG00000136051	WASHC4	ENSMUSG00000034560	ENSRNOG00000008331
ENSG00000136052	SLC41A2	ENSMUSG00000034591	ENSRNOG00000008713
ENSG00000136059	VILL	ENSMUSG00000038775	ENSRNOG00000011446
ENSG00000136068	FLNB	ENSMUSG00000025278	ENSRNOG00000009470
ENSG00000136098	NEK3	ENSMUSG00000031478	ENSRNOG00000012757
ENSG00000136099	PCDH8	ENSMUSG00000036422	ENSRNOG00000013101
ENSG00000136100	VPS36	ENSMUSG00000031479	ENSRNOG00000012654
ENSG00000136104	RNASEH2B	ENSMUSG00000021932	ENSRNOG00000009192
ENSG00000136108	CKAP2	ENSMUSG00000037725	ENSRNOG00000024650
ENSG00000136110	CNMD	ENSMUSG00000022025	ENSRNOG00000012821
ENSG00000136111	TBC1D4	ENSMUSG00000033083	ENSRNOG00000009431
ENSG00000136114	THSD1	ENSMUSG00000031480	ENSRNOG00000012108
ENSG00000136122	BORA	ENSMUSG00000022070	ENSRNOG00000024798
ENSG00000136141	LRCH1	ENSMUSG00000068015	ENSRNOG00000009412
ENSG00000136143	SUCLA2	ENSMUSG00000022110	ENSRNOG00000017481
ENSG00000136144	RCBTB1	ENSMUSG00000035469	ENSRNOG00000021712
ENSG00000136146	MED4	ENSMUSG00000022109	ENSRNOG00000017170
ENSG00000136152	COG3	ENSMUSG00000034893	ENSRNOG00000000155
ENSG00000136153	LMO7	ENSMUSG00000033060	ENSRNOG00000060775
ENSG00000136155	SCEL	ENSMUSG00000022123	ENSRNOG00000024237
ENSG00000136156	ITM2B	ENSMUSG00000022108	ENSRNOG00000016271
ENSG00000136158	SPRY2	ENSMUSG00000022114	ENSRNOG00000010058
ENSG00000136159	NUDT15	ENSMUSG00000033405	ENSRNOG00000082240
ENSG00000136160	EDNRB	ENSMUSG00000022122	ENSRNOG00000010997
ENSG00000136161	RCBTB2	ENSMUSG00000022106	ENSRNOG00000015054
ENSG00000136167	LCP1	ENSMUSG00000021998	ENSRNOG00000010319
ENSG00000136169	SETDB2	ENSMUSG00000071350	ENSRNOG00000021680
ENSG00000136193	SCRN1	ENSMUSG00000019124	ENSRNOG00000009636
ENSG00000136197	C7orf25	ENSMUSG00000039182	ENSRNOG00000015523
ENSG00000136205	TNS3	ENSMUSG00000020422	ENSRNOG00000025695
ENSG00000136213	CHST12	ENSMUSG00000036599	ENSRNOG00000001252
ENSG00000136231	IGF2BP3	ENSMUSG00000029814	ENSRNOG00000009052
ENSG00000136235	GPNMB	ENSMUSG00000029816	ENSRNOG00000008816
ENSG00000136237	RAPGEF5	ENSMUSG00000041992	ENSRNOG00000005271
ENSG00000136238	RAC1	ENSMUSG00000001847	ENSRNOG00000001068
ENSG00000136240	KDELR2	ENSMUSG00000079111	ENSRNOG00000001083
ENSG00000136243	NUP42	ENSMUSG00000048439	ENSRNOG00000010435
ENSG00000136244	IL6	ENSMUSG00000025746	ENSRNOG00000010278
ENSG00000136247	ZDHHC4	ENSMUSG00000001844	ENSRNOG00000051699
ENSG00000136250	AOAH	ENSMUSG00000021322	ENSRNOG00000054964
ENSG00000136261	BZW2	ENSMUSG00000020547	ENSRNOG00000005096
ENSG00000136267	DGKB	ENSMUSG00000036095	ENSRNOG00000030771
ENSG00000136270	TBRG4	ENSMUSG00000000384	ENSRNOG00000052477
ENSG00000136271	DDX56	ENSMUSG00000004393	ENSRNOG00000004670
ENSG00000136273	HUS1	ENSMUSG00000020413	ENSRNOG00000005141
ENSG00000136274	NACAD	ENSMUSG00000041073	ENSRNOG00000053875
ENSG00000136279	DBNL	ENSMUSG00000020476	ENSRNOG00000012378
ENSG00000136280	CCM2	ENSMUSG00000000378	ENSRNOG00000060825
ENSG00000136286	MYO1G	ENSMUSG00000020437	ENSRNOG00000059140
ENSG00000136295	TTYH3	ENSMUSG00000036565	ENSRNOG00000055583
ENSG00000136297	MMD2	ENSMUSG00000039533	ENSRNOG00000001113
ENSG00000136305	CIDEB	ENSMUSG00000022219	ENSRNOG00000020377
ENSG00000136319	TTC5	ENSMUSG00000006288	ENSRNOG00000008850
ENSG00000136327	NKX2-8	ENSMUSG00000058669	ENSRNOG00000022970
ENSG00000136352	NKX2-1	ENSMUSG00000001496	ENSRNOG00000008644
ENSG00000136367	ZFHX2	ENSMUSG00000040721	ENSRNOG00000025634
ENSG00000136378	ADAMTS7	ENSMUSG00000032363	ENSRNOG00000028036
ENSG00000136379	ABHD17C	ENSMUSG00000038459	ENSRNOG00000012683
ENSG00000136381	IREB2	ENSMUSG00000032293	ENSRNOG00000013271
ENSG00000136383	ALPK3	ENSMUSG00000038763	ENSRNOG00000011659
ENSG00000136404	TM6SF1	ENSMUSG00000038623	ENSRNOG00000019662
ENSG00000136425	CIB2	ENSMUSG00000037493	ENSRNOG00000079672
ENSG00000136436	CALCOCO2	ENSMUSG00000006056	ENSRNOG00000091290
ENSG00000136444	RSAD1	ENSMUSG00000039096	ENSRNOG00000065974
ENSG00000136448	NMT1	ENSMUSG00000020936	ENSRNOG00000002989
ENSG00000136449	MYCBPAP	ENSMUSG00000039110	ENSRNOG00000042912
ENSG00000136450	SRSF1	ENSMUSG00000018379	ENSRNOG00000050323
ENSG00000136451	VEZF1	ENSMUSG00000018377	ENSRNOG00000009819
ENSG00000136457	CHAD	ENSMUSG00000039084	ENSRNOG00000003304
ENSG00000136463	TACO1	ENSMUSG00000001983	ENSRNOG00000008405
ENSG00000136478	TEX2	ENSMUSG00000040548	ENSRNOG00000013659
ENSG00000136485	DCAF7	ENSMUSG00000049354	ENSRNOG00000042245
ENSG00000136504	KAT7	ENSMUSG00000038909	ENSRNOG00000022664
ENSG00000136514	RTP4	ENSMUSG00000033355	ENSRNOG00000066242
ENSG00000136518	ACTL6A	ENSMUSG00000027671	ENSRNOG00000011553
ENSG00000136521	NDUFB5	ENSMUSG00000027673	ENSRNOG00000011949
ENSG00000136522	MRPL47	ENSMUSG00000037531	ENSRNOG00000011639
ENSG00000136527	TRA2B	ENSMUSG00000022858	ENSRNOG00000001783
ENSG00000136531	SCN2A	ENSMUSG00000075318	ENSRNOG00000005018
ENSG00000136535	TBR1	ENSMUSG00000035033	ENSRNOG00000005049
ENSG00000136536	MARCHF7	ENSMUSG00000026977	ENSRNOG00000006241
ENSG00000136541	ERMN	ENSMUSG00000026830	ENSRNOG00000021472
ENSG00000136542	GALNT5	ENSMUSG00000026828	ENSRNOG00000004645
ENSG00000136546	SCN7A	ENSMUSG00000034810	ENSRNOG00000029342
ENSG00000136560	TANK	ENSMUSG00000064289	ENSRNOG00000008859
ENSG00000136573	BLK	ENSMUSG00000014453	ENSRNOG00000010798
ENSG00000136574	GATA4	ENSMUSG00000021944	ENSRNOG00000010708
ENSG00000136603	SKIL	ENSMUSG00000027660	ENSRNOG00000009899
ENSG00000136628	EPRS1	ENSMUSG00000026615	ENSRNOG00000002393
ENSG00000136630	HLX	ENSMUSG00000039377	ENSRNOG00000002309
ENSG00000136631	VPS45	ENSMUSG00000015747	ENSRNOG00000021173
ENSG00000136634	IL10	ENSMUSG00000016529	ENSRNOG00000004647
ENSG00000136636	KCTD3	ENSMUSG00000026608	ENSRNOG00000002627
ENSG00000136643	RPS6KC1	ENSMUSG00000089872	ENSRNOG00000003767
ENSG00000136688	IL36G	ENSMUSG00000044103	ENSRNOG00000005701
ENSG00000136689	IL1RN	ENSMUSG00000026981	ENSRNOG00000005871
ENSG00000136694	IL36A	ENSMUSG00000026984	ENSRNOG00000005722
ENSG00000136695	IL36RN	ENSMUSG00000026983	ENSRNOG00000005751
ENSG00000136696	IL36B	ENSMUSG00000026985	ENSRNOG00000043323
ENSG00000136697	IL1F10	ENSMUSG00000046845	ENSRNOG00000005800
ENSG00000136699	SMPD4	ENSMUSG00000005899	ENSRNOG00000001875
ENSG00000136709	WDR33	ENSMUSG00000024400	ENSRNOG00000011382
ENSG00000136710	VMA22	ENSMUSG00000042111	ENSRNOG00000013234
ENSG00000136715	SAP130	ENSMUSG00000024260	ENSRNOG00000016773
ENSG00000136717	BIN1	ENSMUSG00000024381	ENSRNOG00000012852
ENSG00000136718	IMP4	ENSMUSG00000026127	ENSRNOG00000013285
ENSG00000136720	HS6ST1	ENSMUSG00000045216	ENSRNOG00000014516
ENSG00000136731	UGGT1	ENSMUSG00000037470	ENSRNOG00000014901
ENSG00000136732	GYPC	ENSMUSG00000090523	ENSRNOG00000029939
ENSG00000136738	STAM	ENSMUSG00000026718	ENSRNOG00000060817
ENSG00000136750	GAD2	ENSMUSG00000026787	ENSRNOG00000017803
ENSG00000136754	ABI1	ENSMUSG00000058835	ENSRNOG00000031325
ENSG00000136758	YME1L1	ENSMUSG00000026775	ENSRNOG00000055012
ENSG00000136770	DNAJC1	ENSMUSG00000026740	ENSRNOG00000000150
ENSG00000136802	LRRC8A	ENSMUSG00000007476	ENSRNOG00000025296
ENSG00000136807	CDK9	ENSMUSG00000009555	ENSRNOG00000022586
ENSG00000136810	TXN	ENSMUSG00000028367	ENSRNOG00000086087
ENSG00000136811	ODF2	ENSMUSG00000026790	ENSRNOG00000014584
ENSG00000136813	ECPAS	ENSMUSG00000050812	ENSRNOG00000025076
ENSG00000136816	TOR1B	ENSMUSG00000026848	ENSRNOG00000006435
ENSG00000136819	C9orf78	ENSMUSG00000026851	ENSRNOG00000007532
ENSG00000136824	SMC2	ENSMUSG00000028312	ENSRNOG00000022325
ENSG00000136826	KLF4	ENSMUSG00000003032	ENSRNOG00000016299
ENSG00000136827	TOR1A	ENSMUSG00000026849	ENSRNOG00000006894
ENSG00000136828	RALGPS1	ENSMUSG00000038831	ENSRNOG00000016910
ENSG00000136830	NIBAN2	ENSMUSG00000026796	ENSRNOG00000015845
ENSG00000136834	OR1J1	ENSMUSG00000075384	ENSRNOG00000007911
ENSG00000136840	ST6GALNAC4	ENSMUSG00000079442	ENSRNOG00000048870
ENSG00000136842	TMOD1	ENSMUSG00000028328	ENSRNOG00000009761
ENSG00000136848	DAB2IP	ENSMUSG00000026883	ENSRNOG00000055226
ENSG00000136854	STXBP1	ENSMUSG00000026797	ENSRNOG00000015420
ENSG00000136856	SLC2A8	ENSMUSG00000026791	ENSRNOG00000022274
ENSG00000136859	ANGPTL2	ENSMUSG00000004105	ENSRNOG00000016678
ENSG00000136861	CDK5RAP2	ENSMUSG00000039298	ENSRNOG00000005788
ENSG00000136867	SLC31A2	ENSMUSG00000066152	ENSRNOG00000013631
ENSG00000136868	SLC31A1	ENSMUSG00000066150	ENSRNOG00000014475
ENSG00000136869	TLR4	ENSMUSG00000039005	ENSRNOG00000010522
ENSG00000136870	ZNF189	ENSMUSG00000039634	ENSRNOG00000006972
ENSG00000136872	ALDOB	ENSMUSG00000028307	ENSRNOG00000006807
ENSG00000136874	STX17	ENSMUSG00000061455	ENSRNOG00000005801
ENSG00000136875	PRPF4	ENSMUSG00000066148	ENSRNOG00000014777
ENSG00000136877	FPGS	ENSMUSG00000009566	ENSRNOG00000050780
ENSG00000136878	USP20	ENSMUSG00000026854	ENSRNOG00000007710
ENSG00000136881	BAAT	ENSMUSG00000039653	ENSRNOG00000007395
ENSG00000136883	KIF12	ENSMUSG00000028357	ENSRNOG00000007080
ENSG00000136888	ATP6V1G1	ENSMUSG00000039105	ENSRNOG00000063197
ENSG00000136891	TEX10	ENSMUSG00000028345	ENSRNOG00000008618
ENSG00000136895	GARNL3	ENSMUSG00000038860	ENSRNOG00000057044
ENSG00000136897	MRPL50	ENSMUSG00000044018	ENSRNOG00000068816
ENSG00000136908	DPM2	ENSMUSG00000026810	ENSRNOG00000084654
ENSG00000136918	WDR38	ENSMUSG00000035295	ENSRNOG00000014102
ENSG00000136925	TSTD2	ENSMUSG00000035495	ENSRNOG00000009724
ENSG00000136928	GABBR2	ENSMUSG00000039809	ENSRNOG00000008431
ENSG00000136930	PSMB7	ENSMUSG00000026750	ENSRNOG00000011732
ENSG00000136931	NR5A1	ENSMUSG00000026751	ENSRNOG00000012682
ENSG00000136932	TRMO	ENSMUSG00000028331	ENSRNOG00000009492
ENSG00000136933	RABEPK	ENSMUSG00000070953	ENSRNOG00000018591
ENSG00000136935	GOLGA1	ENSMUSG00000026754	ENSRNOG00000014493
ENSG00000136936	XPA	ENSMUSG00000028329	ENSRNOG00000009576
ENSG00000136937	NCBP1	ENSMUSG00000028330	ENSRNOG00000023605
ENSG00000136944	LMX1B	ENSMUSG00000038765	ENSRNOG00000017019
ENSG00000136960	ENPP2	ENSMUSG00000022425	ENSRNOG00000004089
ENSG00000136982	DSCC1	ENSMUSG00000022422	ENSRNOG00000026502
ENSG00000136986	DERL1	ENSMUSG00000022365	ENSRNOG00000005551
ENSG00000136997	MYC	ENSMUSG00000022346	ENSRNOG00000004500
ENSG00000136999	CCN3	ENSMUSG00000037362	ENSRNOG00000085949
ENSG00000137033	IL33	ENSMUSG00000024810	ENSRNOG00000016456
ENSG00000137038	DMAC1	ENSMUSG00000028398	ENSRNOG00000023946
ENSG00000137040	RANBP6	ENSMUSG00000074909	ENSRNOG00000053859
ENSG00000137054	POLR1E	ENSMUSG00000028318	ENSRNOG00000012664
ENSG00000137055	PLAA	ENSMUSG00000028577	ENSRNOG00000007753
ENSG00000137073	UBAP2	ENSMUSG00000028433	ENSRNOG00000052087
ENSG00000137074	APTX	ENSMUSG00000028411	ENSRNOG00000006582
ENSG00000137075	RNF38	ENSMUSG00000035696	ENSRNOG00000013956
ENSG00000137076	TLN1	ENSMUSG00000028465	ENSRNOG00000016630
ENSG00000137078	SIT1	ENSMUSG00000028460	ENSRNOG00000021546
ENSG00000137090	DMRT1	ENSMUSG00000024837	ENSRNOG00000016075
ENSG00000137094	DNAJB5	ENSMUSG00000036052	ENSRNOG00000000130
ENSG00000137098	SPAG8	ENSMUSG00000066196	ENSRNOG00000032539
ENSG00000137100	DCTN3	ENSMUSG00000028447	ENSRNOG00000081039
ENSG00000137101	CD72	ENSMUSG00000028459	ENSRNOG00000017485
ENSG00000137103	TMEM8B	ENSMUSG00000078716	ENSRNOG00000015664
ENSG00000137106	GRHPR	ENSMUSG00000035637	ENSRNOG00000012794
ENSG00000137124	ALDH1B1	ENSMUSG00000035561	ENSRNOG00000011497
ENSG00000137133	HINT2	ENSMUSG00000028470	ENSRNOG00000015866
ENSG00000137135	ARHGEF39	ENSMUSG00000051517	ENSRNOG00000021433
ENSG00000137142	IGFBPL1	ENSMUSG00000035551	ENSRNOG00000011320
ENSG00000137145	DENND4C	ENSMUSG00000038024	ENSRNOG00000008036
ENSG00000137161	CNPY3	ENSMUSG00000023973	ENSRNOG00000016315
ENSG00000137166	FOXP4	ENSMUSG00000023991	ENSRNOG00000022804
ENSG00000137168	PPIL1	ENSMUSG00000024007	ENSRNOG00000000523
ENSG00000137171	KLC4	ENSMUSG00000003546	ENSRNOG00000018168
ENSG00000137177	KIF13A	ENSMUSG00000021375	ENSRNOG00000001455
ENSG00000137193	PIM1	ENSMUSG00000024014	ENSRNOG00000000529
ENSG00000137198	GMPR	ENSMUSG00000000253	ENSRNOG00000017250
ENSG00000137200	CMTR1	ENSMUSG00000024019	ENSRNOG00000000532
ENSG00000137203	TFAP2A	ENSMUSG00000021359	ENSRNOG00000015522
ENSG00000137204	SLC22A7	ENSMUSG00000067144	ENSRNOG00000018420
ENSG00000137207	YIPF3	ENSMUSG00000071074	ENSRNOG00000018998
ENSG00000137216	TMEM63B	ENSMUSG00000036026	ENSRNOG00000019743
ENSG00000137218	FRS3	ENSMUSG00000023266	ENSRNOG00000014328
ENSG00000137225	CAPN11	ENSMUSG00000058626	ENSRNOG00000026025
ENSG00000137251	TINAG	ENSMUSG00000032357	ENSRNOG00000058120
ENSG00000137252	HCRTR2	ENSMUSG00000032360	ENSRNOG00000011251
ENSG00000137261	KIAA0319	ENSMUSG00000006711	ENSRNOG00000018141
ENSG00000137265	IRF4	ENSMUSG00000021356	ENSRNOG00000061070
ENSG00000137266	SLC22A23	ENSMUSG00000038267	ENSRNOG00000017210
ENSG00000137267	TUBB2A	ENSMUSG00000058672	ENSRNOG00000017558
ENSG00000137269	LRRC1	ENSMUSG00000032352	ENSRNOG00000005970
ENSG00000137270	GCM1	ENSMUSG00000023333	ENSRNOG00000007932
ENSG00000137273	FOXF2	ENSMUSG00000038402	ENSRNOG00000063796
ENSG00000137274	BPHL	ENSMUSG00000038286	ENSRNOG00000017577
ENSG00000137275	RIPK1	ENSMUSG00000021408	ENSRNOG00000017787
ENSG00000137309	HMGA1	ENSMUSG00000046711	ENSRNOG00000000488
ENSG00000137310	TCF19	ENSMUSG00000050410	ENSRNOG00000058288
ENSG00000137312	FLOT1	ENSMUSG00000059714	ENSRNOG00000000826
ENSG00000137331	IER3	ENSMUSG00000003541	ENSRNOG00000000827
ENSG00000137337	MDC1	ENSMUSG00000061607	ENSRNOG00000032813
ENSG00000137343	ATAT1	ENSMUSG00000024426	ENSRNOG00000000809
ENSG00000137364	TPMT	ENSMUSG00000021376	ENSRNOG00000016468
ENSG00000137392	CLPS	ENSMUSG00000024225	ENSRNOG00000000510
ENSG00000137393	RNF144B	ENSMUSG00000038068	ENSRNOG00000016123
ENSG00000137409	MTCH1	ENSMUSG00000024012	ENSRNOG00000000527
ENSG00000137411	VARS2	ENSMUSG00000038838	ENSRNOG00000000833
ENSG00000137413	TAF8	ENSMUSG00000023980	ENSRNOG00000015249
ENSG00000137414	FAM8A1	ENSMUSG00000069237	ENSRNOG00000026120
ENSG00000137440	FGFBP1	ENSMUSG00000048373	ENSRNOG00000003095
ENSG00000137449	CPEB2	ENSMUSG00000039782	ENSRNOG00000005043
ENSG00000137460	FHDC1	ENSMUSG00000041842	ENSRNOG00000024594
ENSG00000137462	TLR2	ENSMUSG00000027995	ENSRNOG00000009822
ENSG00000137463	MGARP	ENSMUSG00000037161	ENSRNOG00000011923
ENSG00000137473	TTC29	ENSMUSG00000037101	ENSRNOG00000012342
ENSG00000137474	MYO7A	ENSMUSG00000030761	ENSRNOG00000013641
ENSG00000137478	FCHSD2	ENSMUSG00000030691	ENSRNOG00000019319
ENSG00000137491	SLCO2B1	ENSMUSG00000030737	ENSRNOG00000017976
ENSG00000137492	THAP12	ENSMUSG00000030753	ENSRNOG00000053923
ENSG00000137494	ANKRD42	ENSMUSG00000041343	ENSRNOG00000009664
ENSG00000137496	IL18BP	ENSMUSG00000070427	ENSRNOG00000020150
ENSG00000137497	NUMA1	ENSMUSG00000066306	ENSRNOG00000000417
ENSG00000137500	CCDC90B	ENSMUSG00000030613	ENSRNOG00000009462
ENSG00000137501	SYTL2	ENSMUSG00000030616	ENSRNOG00000030776
ENSG00000137502	RAB30	ENSMUSG00000030643	ENSRNOG00000077006
ENSG00000137504	CREBZF	ENSMUSG00000051451	ENSRNOG00000018987
ENSG00000137507	LRRC32	ENSMUSG00000090958	ENSRNOG00000015310
ENSG00000137509	PRCP	ENSMUSG00000061119	ENSRNOG00000010630
ENSG00000137513	NARS2	ENSMUSG00000018995	ENSRNOG00000011476
ENSG00000137522	RNF121	ENSMUSG00000070426	ENSRNOG00000020175
ENSG00000137547	MRPL15	ENSMUSG00000033845	ENSRNOG00000008566
ENSG00000137558	PI15	ENSMUSG00000067780	ENSRNOG00000017686
ENSG00000137561	TTPA	ENSMUSG00000073988	ENSRNOG00000007139
ENSG00000137563	GGH	ENSMUSG00000073987	ENSRNOG00000007351
ENSG00000137571	SLCO5A1	ENSMUSG00000025938	ENSRNOG00000008966
ENSG00000137573	SULF1	ENSMUSG00000016918	ENSRNOG00000009037
ENSG00000137574	TGS1	ENSMUSG00000028233	ENSRNOG00000008156
ENSG00000137575	SDCBP	ENSMUSG00000028249	ENSRNOG00000009683
ENSG00000137601	NEK1	ENSMUSG00000031644	ENSRNOG00000010418
ENSG00000137634	NXPE4	ENSMUSG00000044229	ENSRNOG00000070472
ENSG00000137642	SORL1	ENSMUSG00000049313	ENSRNOG00000064634
ENSG00000137648	TMPRSS4	ENSMUSG00000032091	ENSRNOG00000026650
ENSG00000137656	BUD13	ENSMUSG00000032077	ENSRNOG00000018665
ENSG00000137672	TRPC6	ENSMUSG00000031997	ENSRNOG00000006324
ENSG00000137673	MMP7	ENSMUSG00000018623	ENSRNOG00000010507
ENSG00000137674	MMP20	ENSMUSG00000018620	ENSRNOG00000021896
ENSG00000137675	MMP27	ENSMUSG00000070323	ENSRNOG00000040208
ENSG00000137691	CFAP300	ENSMUSG00000053070	ENSRNOG00000043410
ENSG00000137692	DCUN1D5	ENSMUSG00000032002	ENSRNOG00000008390
ENSG00000137693	YAP1	ENSMUSG00000053110	ENSRNOG00000005933
ENSG00000137699	TRIM29	ENSMUSG00000032013	ENSRNOG00000021771
ENSG00000137700	SLC37A4	ENSMUSG00000032114	ENSRNOG00000011361
ENSG00000137707	BTG4	ENSMUSG00000032056	ENSRNOG00000011277
ENSG00000137709	POU2F3	ENSMUSG00000032015	ENSRNOG00000009118
ENSG00000137710	RDX	ENSMUSG00000032050	ENSRNOG00000012237
ENSG00000137713	PPP2R1B	ENSMUSG00000032058	ENSRNOG00000010922
ENSG00000137714	FDX1	ENSMUSG00000032051	ENSRNOG00000012123
ENSG00000137720	CFAP68	ENSMUSG00000037971	ENSRNOG00000030962
ENSG00000137727	ARHGAP20	ENSMUSG00000053199	ENSRNOG00000025624
ENSG00000137731	FXYD2	ENSMUSG00000059412	ENSRNOG00000016469
ENSG00000137745	MMP13	ENSMUSG00000050578	ENSRNOG00000008478
ENSG00000137747	TMPRSS13	ENSMUSG00000037129	ENSRNOG00000016397
ENSG00000137760	ALKBH8	ENSMUSG00000025899	ENSRNOG00000024525
ENSG00000137764	MAP2K5	ENSMUSG00000058444	ENSRNOG00000007926
ENSG00000137766	UNC13C	ENSMUSG00000062151	ENSRNOG00000056612
ENSG00000137767	SQOR	ENSMUSG00000005803	ENSRNOG00000000172
ENSG00000137770	CTDSPL2	ENSMUSG00000033411	ENSRNOG00000022141
ENSG00000137776	SLTM	ENSMUSG00000032212	ENSRNOG00000054446
ENSG00000137801	THBS1	ENSMUSG00000040152	ENSRNOG00000045829
ENSG00000137802	MAPKBP1	ENSMUSG00000033902	ENSRNOG00000007018
ENSG00000137804	NUSAP1	ENSMUSG00000027306	ENSRNOG00000004921
ENSG00000137806	NDUFAF1	ENSMUSG00000027305	ENSRNOG00000005006
ENSG00000137807	KIF23	ENSMUSG00000032254	ENSRNOG00000014080
ENSG00000137809	ITGA11	ENSMUSG00000032243	ENSRNOG00000006723
ENSG00000137812	KNL1	ENSMUSG00000027326	ENSRNOG00000060100
ENSG00000137815	RTF1	ENSMUSG00000027304	ENSRNOG00000005183
ENSG00000137817	PARP6	ENSMUSG00000025237	ENSRNOG00000011199
ENSG00000137819	PAQR5	ENSMUSG00000032278	ENSRNOG00000014164
ENSG00000137821	LRRC49	ENSMUSG00000047766	ENSRNOG00000012015
ENSG00000137822	TUBGCP4	ENSMUSG00000027263	ENSRNOG00000012798
ENSG00000137824	RMDN3	ENSMUSG00000070730	ENSRNOG00000011690
ENSG00000137825	ITPKA	ENSMUSG00000027296	ENSRNOG00000005284
ENSG00000137831	UACA	ENSMUSG00000034485	ENSRNOG00000012868
ENSG00000137834	SMAD6	ENSMUSG00000036867	ENSRNOG00000009173
ENSG00000137841	PLCB2	ENSMUSG00000040061	ENSRNOG00000058337
ENSG00000137842	TMEM62	ENSMUSG00000054484	ENSRNOG00000023874
ENSG00000137843	PAK6	ENSMUSG00000074923	ENSRNOG00000007925
ENSG00000137845	ADAM10	ENSMUSG00000054693	ENSRNOG00000054257
ENSG00000137857	DUOX1	ENSMUSG00000033268	ENSRNOG00000033348
ENSG00000137868	STRA6	ENSMUSG00000032327	ENSRNOG00000008312
ENSG00000137869	CYP19A1	ENSMUSG00000032274	ENSRNOG00000000196
ENSG00000137871	ZNF280D	ENSMUSG00000038535	ENSRNOG00000055631
ENSG00000137872	SEMA6D	ENSMUSG00000027200	ENSRNOG00000004812
ENSG00000137877	SPTBN5	ENSMUSG00000074899	ENSRNOG00000059260
ENSG00000137880	GCHFR	ENSMUSG00000046814	ENSRNOG00000012290
ENSG00000137936	BCAR3	ENSMUSG00000028121	ENSRNOG00000013737
ENSG00000137941	TTLL7	ENSMUSG00000036745	ENSRNOG00000031997
ENSG00000137942	FNBP1L	ENSMUSG00000039735	ENSRNOG00000013798
ENSG00000137944	KYAT3	ENSMUSG00000040213	ENSRNOG00000043426
ENSG00000137947	GTF2B	ENSMUSG00000028271	ENSRNOG00000011135
ENSG00000137948	BRDT	ENSMUSG00000029279	ENSRNOG00000002073
ENSG00000137955	RABGGTB	ENSMUSG00000038975	ENSRNOG00000009992
ENSG00000137959	IFI44L	ENSMUSG00000039146	ENSRNOG00000049994
ENSG00000137960	GIPC2	ENSMUSG00000039131	ENSRNOG00000042152
ENSG00000137965	IFI44	ENSMUSG00000028037	ENSRNOG00000022218
ENSG00000137968	SLC44A5	ENSMUSG00000028360	ENSRNOG00000042332
ENSG00000137975	CLCA2	ENSMUSG00000036960	ENSRNOG00000013771
ENSG00000137976	DNASE2B	ENSMUSG00000028185	ENSRNOG00000016262
ENSG00000137992	DBT	ENSMUSG00000000340	ENSRNOG00000015029
ENSG00000137996	RTCA	ENSMUSG00000000339	ENSRNOG00000014575
ENSG00000138002	IFT172	ENSMUSG00000038564	ENSRNOG00000057813
ENSG00000138018	SELENOI	ENSMUSG00000075703	ENSRNOG00000059295
ENSG00000138028	CGREF1	ENSMUSG00000029161	ENSRNOG00000007923
ENSG00000138029	HADHB	ENSMUSG00000059447	ENSRNOG00000010800
ENSG00000138030	KHK	ENSMUSG00000029162	ENSRNOG00000008047
ENSG00000138031	ADCY3	ENSMUSG00000020654	ENSRNOG00000003999
ENSG00000138032	PPM1B	ENSMUSG00000061130	ENSRNOG00000030667
ENSG00000138035	PNPT1	ENSMUSG00000020464	ENSRNOG00000003600
ENSG00000138036	DYNC2LI1	ENSMUSG00000024253	ENSRNOG00000005151
ENSG00000138039	LHCGR	ENSMUSG00000024107	ENSRNOG00000016712
ENSG00000138050	THUMPD2	ENSMUSG00000024246	ENSRNOG00000008291
ENSG00000138061	CYP1B1	ENSMUSG00000024087	ENSRNOG00000040287
ENSG00000138068	SULT6B1	ENSMUSG00000038045	ENSRNOG00000049335
ENSG00000138069	RAB1A	ENSMUSG00000020149	ENSRNOG00000004992
ENSG00000138071	ACTR2	ENSMUSG00000020152	ENSRNOG00000004959
ENSG00000138073	PREB	ENSMUSG00000045302	ENSRNOG00000007141
ENSG00000138074	SLC5A6	ENSMUSG00000006641	ENSRNOG00000057628
ENSG00000138075	ABCG5	ENSMUSG00000040505	ENSRNOG00000005250
ENSG00000138078	PREPL	ENSMUSG00000024127	ENSRNOG00000007326
ENSG00000138079	SLC3A1	ENSMUSG00000024131	ENSRNOG00000007006
ENSG00000138080	EMILIN1	ENSMUSG00000029163	ENSRNOG00000008246
ENSG00000138081	FBXO11	ENSMUSG00000005371	ENSRNOG00000016396
ENSG00000138083	SIX3	ENSMUSG00000038805	ENSRNOG00000057031
ENSG00000138085	ATRAID	ENSMUSG00000013622	ENSRNOG00000087533
ENSG00000138092	CENPO	ENSMUSG00000020652	ENSRNOG00000050111
ENSG00000138095	LRPPRC	ENSMUSG00000024120	ENSRNOG00000005877
ENSG00000138100	TRIM54	ENSMUSG00000062077	ENSRNOG00000006146
ENSG00000138107	ACTR1A	ENSMUSG00000025228	ENSRNOG00000019725
ENSG00000138111	SLC68A1	ENSMUSG00000025227	ENSRNOG00000019674
ENSG00000138119	MYOF	ENSMUSG00000048612	ENSRNOG00000016117
ENSG00000138131	LOXL4	ENSMUSG00000025185	ENSRNOG00000015727
ENSG00000138134	STAMBPL1	ENSMUSG00000024776	ENSRNOG00000050224
ENSG00000138135	CH25H	ENSMUSG00000050370	ENSRNOG00000019141
ENSG00000138136	LBX1	ENSMUSG00000025216	ENSRNOG00000025520
ENSG00000138152	BTBD16	ENSMUSG00000040298	ENSRNOG00000036675
ENSG00000138160	KIF11	ENSMUSG00000012443	ENSRNOG00000056069
ENSG00000138161	CUZD1	ENSMUSG00000040205	ENSRNOG00000029945
ENSG00000138162	TACC2	ENSMUSG00000030852	ENSRNOG00000020457
ENSG00000138166	DUSP5	ENSMUSG00000034765	ENSRNOG00000014061
ENSG00000138172	CALHM2	ENSMUSG00000033033	ENSRNOG00000020325
ENSG00000138175	ARL3	ENSMUSG00000025035	ENSRNOG00000019973
ENSG00000138180	CEP55	ENSMUSG00000024989	ENSRNOG00000016377
ENSG00000138182	KIF20B	ENSMUSG00000024795	ENSRNOG00000018929
ENSG00000138185	ENTPD1	ENSMUSG00000048120	ENSRNOG00000014574
ENSG00000138190	EXOC6	ENSMUSG00000053799	ENSRNOG00000036601
ENSG00000138193	PLCE1	ENSMUSG00000024998	ENSRNOG00000014276
ENSG00000138207	RBP4	ENSMUSG00000024990	ENSRNOG00000015518
ENSG00000138231	DBR1	ENSMUSG00000032469	ENSRNOG00000014588
ENSG00000138246	DNAJC13	ENSMUSG00000032560	ENSRNOG00000011491
ENSG00000138271	GPR87	ENSMUSG00000051431	ENSRNOG00000013894
ENSG00000138279	ANXA7	ENSMUSG00000021814	ENSRNOG00000007136
ENSG00000138286	FAM149B1	ENSMUSG00000039599	ENSRNOG00000006554
ENSG00000138303	ASCC1	ENSMUSG00000044475	ENSRNOG00000056647
ENSG00000138308	PLA2G12B	ENSMUSG00000009646	ENSRNOG00000046619
ENSG00000138311	ZNF365	ENSMUSG00000037855	ENSRNOG00000000638
ENSG00000138315	OIT3	ENSMUSG00000009654	ENSRNOG00000046365
ENSG00000138316	ADAMTS14	ENSMUSG00000059901	ENSRNOG00000000563
ENSG00000138326	RPS24	ENSMUSG00000025290	ENSRNOG00000010189
ENSG00000138336	TET1	ENSMUSG00000047146	ENSRNOG00000000277
ENSG00000138346	DNA2	ENSMUSG00000036875	ENSRNOG00000071263
ENSG00000138347	MYPN	ENSMUSG00000020067	ENSRNOG00000000383
ENSG00000138356	AOX1	ENSMUSG00000063558	ENSRNOG00000015354
ENSG00000138363	ATIC	ENSMUSG00000026192	ENSRNOG00000015511
ENSG00000138375	SMARCAL1	ENSMUSG00000039354	ENSRNOG00000016503
ENSG00000138376	BARD1	ENSMUSG00000026196	ENSRNOG00000014960
ENSG00000138379	MSTN	ENSMUSG00000026100	ENSRNOG00000021294
ENSG00000138380	CARF	ENSMUSG00000026017	ENSRNOG00000017491
ENSG00000138381	ASNSD1	ENSMUSG00000026095	ENSRNOG00000003942
ENSG00000138382	METTL5	ENSMUSG00000051730	ENSRNOG00000008469
ENSG00000138386	NAB1	ENSMUSG00000002881	ENSRNOG00000012959
ENSG00000138395	CDK15	ENSMUSG00000026023	ENSRNOG00000022899
ENSG00000138398	PPIG	ENSMUSG00000042133	ENSRNOG00000007673
ENSG00000138399	FASTKD1	ENSMUSG00000027086	ENSRNOG00000024335
ENSG00000138400	MDH1B	ENSMUSG00000025963	ENSRNOG00000012891
ENSG00000138411	HECW2	ENSMUSG00000042807	ENSRNOG00000013257
ENSG00000138413	IDH1	ENSMUSG00000025950	ENSRNOG00000015020
ENSG00000138430	OLA1	ENSMUSG00000027108	ENSRNOG00000019047
ENSG00000138433	CIRSR	ENSMUSG00000041777	ENSRNOG00000018719
ENSG00000138434	ITPRID2	ENSMUSG00000027007	ENSRNOG00000005865
ENSG00000138435	CHRNA1	ENSMUSG00000027107	ENSRNOG00000018286
ENSG00000138439	FAM117B	ENSMUSG00000041040	ENSRNOG00000022066
ENSG00000138442	WDR12	ENSMUSG00000026019	ENSRNOG00000017340
ENSG00000138443	ABI2	ENSMUSG00000026782	ENSRNOG00000017707
ENSG00000138448	ITGAV	ENSMUSG00000027087	ENSRNOG00000004912
ENSG00000138449	SLC40A1	ENSMUSG00000025993	ENSRNOG00000003872
ENSG00000138459	SLC35A5	ENSMUSG00000022664	ENSRNOG00000002069
ENSG00000138463	SLC49A4	ENSMUSG00000022848	ENSRNOG00000002240
ENSG00000138483	CCDC54	ENSMUSG00000050685	ENSRNOG00000028005
ENSG00000138495	COX17	ENSMUSG00000046516	ENSRNOG00000076347
ENSG00000138496	PARP9	ENSMUSG00000022906	ENSRNOG00000023463
ENSG00000138587	MNS1	ENSMUSG00000032221	ENSRNOG00000057867
ENSG00000138592	USP8	ENSMUSG00000027363	ENSRNOG00000010729
ENSG00000138593	SECISBP2L	ENSMUSG00000035093	ENSRNOG00000008629
ENSG00000138594	TMOD3	ENSMUSG00000058587	ENSRNOG00000032436
ENSG00000138600	SPPL2A	ENSMUSG00000027366	ENSRNOG00000011652
ENSG00000138604	GLCE	ENSMUSG00000032252	ENSRNOG00000025372
ENSG00000138606	SHF	ENSMUSG00000033256	ENSRNOG00000028685
ENSG00000138614	INTS14	ENSMUSG00000034263	ENSRNOG00000012469
ENSG00000138615	CILP	ENSMUSG00000042254	ENSRNOG00000029911
ENSG00000138617	PARP16	ENSMUSG00000032392	ENSRNOG00000029127
ENSG00000138622	HCN4	ENSMUSG00000032338	ENSRNOG00000009450
ENSG00000138623	SEMA7A	ENSMUSG00000038264	ENSRNOG00000007687
ENSG00000138629	UBL7	ENSMUSG00000055720	ENSRNOG00000007442
ENSG00000138639	ARHGAP24	ENSMUSG00000057315	ENSRNOG00000056944
ENSG00000138640	FAM13A	ENSMUSG00000037709	ENSRNOG00000007947
ENSG00000138641	HERC3	ENSMUSG00000029804	ENSRNOG00000007304
ENSG00000138642	HERC6	ENSMUSG00000029798	ENSRNOG00000023969
ENSG00000138650	PCDH10	ENSMUSG00000049100	ENSRNOG00000031974
ENSG00000138653	NDST4	ENSMUSG00000027971	ENSRNOG00000009577
ENSG00000138660	AP1AR	ENSMUSG00000074238	ENSRNOG00000024492
ENSG00000138663	COPS4	ENSMUSG00000035297	ENSRNOG00000023650
ENSG00000138668	HNRNPD	ENSMUSG00000000568	ENSRNOG00000002292
ENSG00000138669	PRKG2	ENSMUSG00000029334	ENSRNOG00000002361
ENSG00000138670	RASGEF1B	ENSMUSG00000089809	ENSRNOG00000002345
ENSG00000138674	SEC31A	ENSMUSG00000035325	ENSRNOG00000002251
ENSG00000138675	FGF5	ENSMUSG00000029337	ENSRNOG00000022631
ENSG00000138678	GPAT3	ENSMUSG00000029314	ENSRNOG00000085702
ENSG00000138684	IL21	ENSMUSG00000027718	ENSRNOG00000017376
ENSG00000138685	FGF2	ENSMUSG00000037225	ENSRNOG00000017392
ENSG00000138686	BBS7	ENSMUSG00000037325	ENSRNOG00000015816
ENSG00000138688	BLTP1	ENSMUSG00000037270	ENSRNOG00000038436
ENSG00000138696	BMPR1B	ENSMUSG00000052430	ENSRNOG00000016289
ENSG00000138698	RAP1GDS1	ENSMUSG00000028149	ENSRNOG00000015987
ENSG00000138722	MMRN1	ENSMUSG00000054641	ENSRNOG00000024986
ENSG00000138735	PDE5A	ENSMUSG00000053965	ENSRNOG00000014443
ENSG00000138738	PRDM5	ENSMUSG00000029913	ENSRNOG00000023679
ENSG00000138741	TRPC3	ENSMUSG00000027716	ENSRNOG00000016070
ENSG00000138744	NAAA	ENSMUSG00000029413	ENSRNOG00000002273
ENSG00000138750	NUP54	ENSMUSG00000034826	ENSRNOG00000002247
ENSG00000138755	CXCL9	ENSMUSG00000029417	ENSRNOG00000022242
ENSG00000138756	BMP2K	ENSMUSG00000034663	ENSRNOG00000002040
ENSG00000138757	G3BP2	ENSMUSG00000029405	ENSRNOG00000002433
ENSG00000138758	SEPTIN11	ENSMUSG00000058013	ENSRNOG00000002182
ENSG00000138759	FRAS1	ENSMUSG00000034687	ENSRNOG00000002053
ENSG00000138760	SCARB2	ENSMUSG00000029426	ENSRNOG00000002225
ENSG00000138764	CCNG2	ENSMUSG00000029385	ENSRNOG00000002089
ENSG00000138767	CNOT6L	ENSMUSG00000034724	ENSRNOG00000002075
ENSG00000138768	USO1	ENSMUSG00000029407	ENSRNOG00000002301
ENSG00000138769	CDKL2	ENSMUSG00000029403	ENSRNOG00000002506
ENSG00000138771	SHROOM3	ENSMUSG00000029381	ENSRNOG00000002208
ENSG00000138772	ANXA3	ENSMUSG00000029484	ENSRNOG00000002045
ENSG00000138777	PPA2	ENSMUSG00000028013	ENSRNOG00000012091
ENSG00000138778	CENPE	ENSMUSG00000045328	ENSRNOG00000009339
ENSG00000138780	GSTCD	ENSMUSG00000028018	ENSRNOG00000011669
ENSG00000138785	INTS12	ENSMUSG00000028016	ENSRNOG00000011844
ENSG00000138792	ENPEP	ENSMUSG00000028024	ENSRNOG00000051854
ENSG00000138794	CASP6	ENSMUSG00000027997	ENSRNOG00000052613
ENSG00000138795	LEF1	ENSMUSG00000027985	ENSRNOG00000010121
ENSG00000138796	HADH	ENSMUSG00000027984	ENSRNOG00000010697
ENSG00000138798	EGF	ENSMUSG00000028017	ENSRNOG00000053979
ENSG00000138801	PAPSS1	ENSMUSG00000028032	ENSRNOG00000011311
ENSG00000138802	SEC24B	ENSMUSG00000001052	ENSRNOG00000023373
ENSG00000138813	C4orf17	ENSMUSG00000012042	ENSRNOG00000024623
ENSG00000138814	PPP3CA	ENSMUSG00000028161	ENSRNOG00000009882
ENSG00000138821	SLC39A8	ENSMUSG00000053897	ENSRNOG00000012508
ENSG00000138823	MTTP	ENSMUSG00000028158	ENSRNOG00000010655
ENSG00000138829	FBN2	ENSMUSG00000024598	ENSRNOG00000043219
ENSG00000138834	MAPK8IP3	ENSMUSG00000024163	ENSRNOG00000033568
ENSG00000138835	RGS3	ENSMUSG00000059810	ENSRNOG00000024501
ENSG00000138867	GUCD1	ENSMUSG00000033416	ENSRNOG00000049952
ENSG00000138892	TTLL8	ENSMUSG00000022388	ENSRNOG00000032311
ENSG00000138942	RNF185	ENSMUSG00000020448	ENSRNOG00000019325
ENSG00000138944	SHISAL1	ENSMUSG00000062760	ENSRNOG00000078763
ENSG00000138964	PARVG	ENSMUSG00000022439	ENSRNOG00000052064
ENSG00000139044	B4GALNT3	ENSMUSG00000041372	ENSRNOG00000010344
ENSG00000139053	PDE6H	ENSMUSG00000064330	ENSRNOG00000005947
ENSG00000139055	ERP27	ENSMUSG00000030219	ENSRNOG00000005787
ENSG00000139083	ETV6	ENSMUSG00000030199	ENSRNOG00000064991
ENSG00000139112	GABARAPL1	ENSMUSG00000030161	ENSRNOG00000053362
ENSG00000139116	KIF21A	ENSMUSG00000022629	ENSRNOG00000014844
ENSG00000139117	CPNE8	ENSMUSG00000052560	ENSRNOG00000026128
ENSG00000139131	YARS2	ENSMUSG00000022792	ENSRNOG00000025252
ENSG00000139132	FGD4	ENSMUSG00000022788	ENSRNOG00000059491
ENSG00000139144	PIK3C2G	ENSMUSG00000030228	ENSRNOG00000034228
ENSG00000139146	SINHCAF	ENSMUSG00000039985	ENSRNOG00000049943
ENSG00000139151	PLCZ1	ENSMUSG00000030230	ENSRNOG00000008514
ENSG00000139154	AEBP2	ENSMUSG00000030232	ENSRNOG00000008929
ENSG00000139155	SLCO1C1	ENSMUSG00000030235	ENSRNOG00000009740
ENSG00000139160	ETFBKMT	ENSMUSG00000039958	ENSRNOG00000036918
ENSG00000139163	ETNK1	ENSMUSG00000030275	ENSRNOG00000014856
ENSG00000139168	ZCRB1	ENSMUSG00000022635	ENSRNOG00000004996
ENSG00000139173	TMEM117	ENSMUSG00000063296	ENSRNOG00000006068
ENSG00000139174	PRICKLE1	ENSMUSG00000036158	ENSRNOG00000022772
ENSG00000139178	C1RL	ENSMUSG00000038527	ENSRNOG00000011718
ENSG00000139180	NDUFA9	ENSMUSG00000000399	ENSRNOG00000061684
ENSG00000139182	CLSTN3	ENSMUSG00000008153	ENSRNOG00000011156
ENSG00000139187	KLRG1	ENSMUSG00000030114	ENSRNOG00000014918
ENSG00000139190	VAMP1	ENSMUSG00000030337	ENSRNOG00000019219
ENSG00000139192	TAPBPL	ENSMUSG00000038213	ENSRNOG00000077779
ENSG00000139193	CD27	ENSMUSG00000030336	ENSRNOG00000027466
ENSG00000139197	PEX5	ENSMUSG00000005069	ENSRNOG00000049203
ENSG00000139200	PIANP	ENSMUSG00000030329	ENSRNOG00000017052
ENSG00000139209	SLC38A4	ENSMUSG00000022464	ENSRNOG00000006653
ENSG00000139211	AMIGO2	ENSMUSG00000048218	ENSRNOG00000007032
ENSG00000139218	SCAF11	ENSMUSG00000033228	ENSRNOG00000005263
ENSG00000139219	COL2A1	ENSMUSG00000022483	ENSRNOG00000058560
ENSG00000139220	PPFIA2	ENSMUSG00000053825	ENSRNOG00000004353
ENSG00000139233	LLPH	ENSMUSG00000020224	ENSRNOG00000004316
ENSG00000139263	LRIG3	ENSMUSG00000020105	ENSRNOG00000007654
ENSG00000139266	MARCHF9	ENSMUSG00000040502	ENSRNOG00000046245
ENSG00000139269	INHBE	ENSMUSG00000047492	ENSRNOG00000007601
ENSG00000139278	GLIPR1	ENSMUSG00000056888	ENSRNOG00000026644
ENSG00000139287	TPH2	ENSMUSG00000006764	ENSRNOG00000003880
ENSG00000139289	PHLDA1	ENSMUSG00000020205	ENSRNOG00000004019
ENSG00000139291	TMEM19	ENSMUSG00000069520	ENSRNOG00000003985
ENSG00000139292	LGR5	ENSMUSG00000020140	ENSRNOG00000004221
ENSG00000139304	PTPRQ	ENSMUSG00000035916	ENSRNOG00000056915
ENSG00000139318	DUSP6	ENSMUSG00000019960	ENSRNOG00000023896
ENSG00000139323	POC1B	ENSMUSG00000019952	ENSRNOG00000024450
ENSG00000139324	TMTC3	ENSMUSG00000036676	ENSRNOG00000006749
ENSG00000139329	LUM	ENSMUSG00000036446	ENSRNOG00000004610
ENSG00000139330	KERA	ENSMUSG00000019932	ENSRNOG00000004635
ENSG00000139343	SNRPF	ENSMUSG00000020018	ENSRNOG00000005556
ENSG00000139344	AMDHD1	ENSMUSG00000015890	ENSRNOG00000005266
ENSG00000139350	NEDD1	ENSMUSG00000019988	ENSRNOG00000004011
ENSG00000139352	ASCL1	ENSMUSG00000020052	ENSRNOG00000085519
ENSG00000139354	GAS2L3	ENSMUSG00000074802	ENSRNOG00000063755
ENSG00000139364	TMEM132B	ENSMUSG00000070498	ENSRNOG00000038406
ENSG00000139370	SLC15A4	ENSMUSG00000029416	ENSRNOG00000000962
ENSG00000139372	TDG	ENSMUSG00000034674	ENSRNOG00000027124
ENSG00000139410	SDSL	ENSMUSG00000029596	ENSRNOG00000001391
ENSG00000139428	MMAB	ENSMUSG00000029575	ENSRNOG00000049426
ENSG00000139433	GLTP	ENSMUSG00000011884	ENSRNOG00000001192
ENSG00000139436	GIT2	ENSMUSG00000041890	ENSRNOG00000001190
ENSG00000139438	FAM222A	ENSMUSG00000041930	ENSRNOG00000001198
ENSG00000139445	FOXN4	ENSMUSG00000042002	ENSRNOG00000000691
ENSG00000139496	NUP58	ENSMUSG00000114797	ENSRNOG00000012644
ENSG00000139505	MTMR6	ENSMUSG00000021987	ENSRNOG00000012918
ENSG00000139508	SLC46A3	ENSMUSG00000029650	ENSRNOG00000000937
ENSG00000139514	SLC7A1	ENSMUSG00000041313	ENSRNOG00000000924
ENSG00000139515	PDX1	ENSMUSG00000029644	ENSRNOG00000046458
ENSG00000139517	LNX2	ENSMUSG00000016520	ENSRNOG00000000955
ENSG00000139531	SUOX	ENSMUSG00000049858	ENSRNOG00000005987
ENSG00000139537	DRC2	ENSMUSG00000003354	ENSRNOG00000058916
ENSG00000139540	SLC39A5	ENSMUSG00000039878	ENSRNOG00000033361
ENSG00000139546	TARBP2	ENSMUSG00000023051	ENSRNOG00000042355
ENSG00000139549	DHH	ENSMUSG00000023000	ENSRNOG00000053675
ENSG00000139567	ACVRL1	ENSMUSG00000000530	ENSRNOG00000028713
ENSG00000139574	NPFF	ENSMUSG00000023052	ENSRNOG00000074090
ENSG00000139579	NABP2	ENSMUSG00000025374	ENSRNOG00000023480
ENSG00000139597	N4BP2L1	ENSMUSG00000041132	ENSRNOG00000059322
ENSG00000139610	CELA1	ENSMUSG00000023031	ENSRNOG00000080453
ENSG00000139613	SMARCC2	ENSMUSG00000025369	ENSRNOG00000031135
ENSG00000139618	BRCA2	ENSMUSG00000041147	ENSRNOG00000001111
ENSG00000139620	KANSL2	ENSMUSG00000022992	ENSRNOG00000060185
ENSG00000139624	CERS5	ENSMUSG00000023021	ENSRNOG00000052990
ENSG00000139625	MAP3K12	ENSMUSG00000023050	ENSRNOG00000015134
ENSG00000139626	ITGB7	ENSMUSG00000001281	ENSRNOG00000012208
ENSG00000139629	GALNT6	ENSMUSG00000037280	ENSRNOG00000033059
ENSG00000139631	CSAD	ENSMUSG00000023044	ENSRNOG00000011573
ENSG00000139636	LMBR1L	ENSMUSG00000022999	ENSRNOG00000061607
ENSG00000139637	MYG1	ENSMUSG00000001285	ENSRNOG00000013343
ENSG00000139641	ESYT1	ENSMUSG00000025366	ENSRNOG00000060753
ENSG00000139644	TMBIM6	ENSMUSG00000023010	ENSRNOG00000055579
ENSG00000139645	ANKRD52	ENSMUSG00000014498	ENSRNOG00000030597
ENSG00000139648	KRT71	ENSMUSG00000051879	ENSRNOG00000049495
ENSG00000139651	ZNF740	ENSMUSG00000046897	ENSRNOG00000012192
ENSG00000139668	WDFY2	ENSMUSG00000014547	ENSRNOG00000010042
ENSG00000139679	LPAR6	ENSMUSG00000033446	ENSRNOG00000086236
ENSG00000139684	ESD	ENSMUSG00000021996	ENSRNOG00000009512
ENSG00000139687	RB1	ENSMUSG00000022105	ENSRNOG00000016029
ENSG00000139697	SBNO1	ENSMUSG00000038095	ENSRNOG00000001064
ENSG00000139714	MORN3	ENSMUSG00000029477	ENSRNOG00000045574
ENSG00000139718	SETD1B	ENSMUSG00000038384	ENSRNOG00000001337
ENSG00000139719	VPS33A	ENSMUSG00000029434	ENSRNOG00000056889
ENSG00000139722	VPS37B	ENSMUSG00000066278	ENSRNOG00000001086
ENSG00000139725	RHOF	ENSMUSG00000029449	ENSRNOG00000042607
ENSG00000139726	DENR	ENSMUSG00000023106	ENSRNOG00000001106
ENSG00000139734	DIAPH3	ENSMUSG00000022021	ENSRNOG00000008986
ENSG00000139737	SLAIN1	ENSMUSG00000055717	ENSRNOG00000024125
ENSG00000139746	RBM26	ENSMUSG00000022119	ENSRNOG00000009836
ENSG00000139767	SRRM4	ENSMUSG00000063919	ENSRNOG00000001141
ENSG00000139780	METTL21C	ENSMUSG00000047343	ENSRNOG00000011591
ENSG00000139793	MBNL2	ENSMUSG00000022139	ENSRNOG00000010737
ENSG00000139797	RNF113B	ENSMUSG00000036537	ENSRNOG00000066548
ENSG00000139800	ZIC5	ENSMUSG00000041703	ENSRNOG00000014358
ENSG00000139826	ABHD13	ENSMUSG00000040396	ENSRNOG00000014598
ENSG00000139832	RAB20	ENSMUSG00000031504	ENSRNOG00000023991
ENSG00000139842	CUL4A	ENSMUSG00000031446	ENSRNOG00000019649
ENSG00000139865	TTC6	ENSMUSG00000046782	ENSRNOG00000022791
ENSG00000139874	SSTR1	ENSMUSG00000035431	ENSRNOG00000048145
ENSG00000139880	CDH24	ENSMUSG00000059674	ENSRNOG00000013503
ENSG00000139890	REM2	ENSMUSG00000022176	ENSRNOG00000011646
ENSG00000139899	CBLN3	ENSMUSG00000040380	ENSRNOG00000020503
ENSG00000139908	TSSK4	ENSMUSG00000007591	ENSRNOG00000019789
ENSG00000139910	NOVA1	ENSMUSG00000021047	ENSRNOG00000031440
ENSG00000139914	FITM1	ENSMUSG00000022215	ENSRNOG00000019019
ENSG00000139915	MDGA2	ENSMUSG00000034912	ENSRNOG00000000618
ENSG00000139921	TMX1	ENSMUSG00000021072	ENSRNOG00000057934
ENSG00000139926	FRMD6	ENSMUSG00000048285	ENSRNOG00000007329
ENSG00000139946	PELI2	ENSMUSG00000021846	ENSRNOG00000012363
ENSG00000139970	RTN1	ENSMUSG00000021087	ENSRNOG00000004794
ENSG00000139971	ARMH4	ENSMUSG00000036242	ENSRNOG00000031849
ENSG00000139973	SYT16	ENSMUSG00000044912	ENSRNOG00000056012
ENSG00000139974	SLC38A6	ENSMUSG00000044712	ENSRNOG00000022622
ENSG00000139977	NAA30	ENSMUSG00000036282	ENSRNOG00000014192
ENSG00000139985	ADAM21	ENSMUSG00000008438	ENSRNOG00000047682
ENSG00000139988	RDH12	ENSMUSG00000021123	ENSRNOG00000056553
ENSG00000139990	DCAF5	ENSMUSG00000049106	ENSRNOG00000004556
ENSG00000139998	RAB15	ENSMUSG00000021062	ENSRNOG00000007364
ENSG00000140006	WDR89	ENSMUSG00000045690	ENSRNOG00000021628
ENSG00000140009	ESR2	ENSMUSG00000021055	ENSRNOG00000005343
ENSG00000140015	KCNH5	ENSMUSG00000034402	ENSRNOG00000009542
ENSG00000140022	STON2	ENSMUSG00000020961	ENSRNOG00000004458
ENSG00000140025	EFCAB11	ENSMUSG00000021176	ENSRNOG00000053317
ENSG00000140030	GPR65	ENSMUSG00000021886	ENSRNOG00000065590
ENSG00000140043	PTGR2	ENSMUSG00000072946	ENSRNOG00000038166
ENSG00000140044	JDP2	ENSMUSG00000034271	ENSRNOG00000063964
ENSG00000140057	AK7	ENSMUSG00000041323	ENSRNOG00000055714
ENSG00000140067	FAM181A	ENSMUSG00000096753	ENSRNOG00000048412
ENSG00000140090	SLC24A4	ENSMUSG00000041771	ENSRNOG00000006729
ENSG00000140092	FBLN5	ENSMUSG00000021186	ENSRNOG00000050539
ENSG00000140093	SERPINA10	ENSMUSG00000061947	ENSRNOG00000050761
ENSG00000140104	CLBA1	ENSMUSG00000037594	ENSRNOG00000013690
ENSG00000140105	WARS1	ENSMUSG00000021266	ENSRNOG00000004359
ENSG00000140107	SLC25A47	ENSMUSG00000048856	ENSRNOG00000003020
ENSG00000140157	NIPA2	ENSMUSG00000030452	ENSRNOG00000012690
ENSG00000140199	SLC12A6	ENSMUSG00000027130	ENSRNOG00000005196
ENSG00000140254	DUOXA1	ENSMUSG00000027224	ENSRNOG00000018005
ENSG00000140262	TCF12	ENSMUSG00000032228	ENSRNOG00000057754
ENSG00000140263	SORD	ENSMUSG00000027227	ENSRNOG00000017291
ENSG00000140274	DUOXA2	ENSMUSG00000027225	ENSRNOG00000017805
ENSG00000140279	DUOX2	ENSMUSG00000068452	ENSRNOG00000017395
ENSG00000140280	LYSMD2	ENSMUSG00000032184	ENSRNOG00000010642
ENSG00000140284	SLC27A2	ENSMUSG00000027359	ENSRNOG00000010128
ENSG00000140285	FGF7	ENSMUSG00000027208	ENSRNOG00000009425
ENSG00000140287	HDC	ENSMUSG00000027360	ENSRNOG00000010262
ENSG00000140297	GCNT3	ENSMUSG00000032226	ENSRNOG00000059540
ENSG00000140299	BNIP2	ENSMUSG00000011958	ENSRNOG00000056024
ENSG00000140307	GTF2A2	ENSMUSG00000033543	ENSRNOG00000064241
ENSG00000140320	BAHD1	ENSMUSG00000040007	ENSRNOG00000010428
ENSG00000140323	DISP2	ENSMUSG00000040035	ENSRNOG00000026787
ENSG00000140326	CDAN1	ENSMUSG00000027284	ENSRNOG00000047427
ENSG00000140332	TLE3	ENSMUSG00000032280	ENSRNOG00000013013
ENSG00000140365	COMMD4	ENSMUSG00000032299	ENSRNOG00000018671
ENSG00000140367	UBE2Q2	ENSMUSG00000032307	ENSRNOG00000014529
ENSG00000140368	PSTPIP1	ENSMUSG00000032322	ENSRNOG00000016413
ENSG00000140374	ETFA	ENSMUSG00000032314	ENSRNOG00000015233
ENSG00000140382	HMG20A	ENSMUSG00000032329	ENSRNOG00000016905
ENSG00000140386	SCAPER	ENSMUSG00000034007	ENSRNOG00000006864
ENSG00000140391	TSPAN3	ENSMUSG00000032324	ENSRNOG00000016474
ENSG00000140395	SKIC8	ENSMUSG00000061559	ENSRNOG00000012803
ENSG00000140396	NCOA2	ENSMUSG00000005886	ENSRNOG00000007975
ENSG00000140398	NEIL1	ENSMUSG00000032298	ENSRNOG00000018577
ENSG00000140400	MAN2C1	ENSMUSG00000032295	ENSRNOG00000030654
ENSG00000140403	DNAJA4	ENSMUSG00000032285	ENSRNOG00000012106
ENSG00000140406	TLNRD1	ENSMUSG00000070462	ENSRNOG00000012349
ENSG00000140416	TPM1	ENSMUSG00000032366	ENSRNOG00000018184
ENSG00000140443	IGF1R	ENSMUSG00000005533	ENSRNOG00000014187
ENSG00000140450	ARRDC4	ENSMUSG00000042659	ENSRNOG00000010775
ENSG00000140451	PIF1	ENSMUSG00000041064	ENSRNOG00000015878
ENSG00000140455	USP3	ENSMUSG00000032376	ENSRNOG00000017714
ENSG00000140459	CYP11A1	ENSMUSG00000032323	ENSRNOG00000008074
ENSG00000140463	BBS4	ENSMUSG00000025235	ENSRNOG00000026171
ENSG00000140464	PML	ENSMUSG00000036986	ENSRNOG00000008400
ENSG00000140465	CYP1A1	ENSMUSG00000032315	ENSRNOG00000019500
ENSG00000140470	ADAMTS17	ENSMUSG00000058145	ENSRNOG00000037080
ENSG00000140471	LINS1	ENSMUSG00000053091	ENSRNOG00000042776
ENSG00000140474	ULK3	ENSMUSG00000032308	ENSRNOG00000038459
ENSG00000140479	PCSK6	ENSMUSG00000030513	ENSRNOG00000011526
ENSG00000140481	CCDC33	ENSMUSG00000037716	ENSRNOG00000008219
ENSG00000140488	CELF6	ENSMUSG00000032297	ENSRNOG00000052224
ENSG00000140497	SCAMP2	ENSMUSG00000040188	ENSRNOG00000019136
ENSG00000140505	CYP1A2	ENSMUSG00000032310	ENSRNOG00000016173
ENSG00000140506	LMAN1L	ENSMUSG00000056271	ENSRNOG00000019355
ENSG00000140511	HAPLN3	ENSMUSG00000030606	ENSRNOG00000022321
ENSG00000140519	RHCG	ENSMUSG00000030549	ENSRNOG00000015526
ENSG00000140521	POLG	ENSMUSG00000039176	ENSRNOG00000032293
ENSG00000140522	RLBP1	ENSMUSG00000039194	ENSRNOG00000016897
ENSG00000140525	FANCI	ENSMUSG00000039187	ENSRNOG00000016689
ENSG00000140526	ABHD2	ENSMUSG00000039202	ENSRNOG00000017120
ENSG00000140527	WDR93	ENSMUSG00000039099	ENSRNOG00000026514
ENSG00000140534	TICRR	ENSMUSG00000046591	ENSRNOG00000015520
ENSG00000140538	NTRK3	ENSMUSG00000059146	ENSRNOG00000018674
ENSG00000140543	DET1	ENSMUSG00000030610	ENSRNOG00000018515
ENSG00000140545	MFGE8	ENSMUSG00000030605	ENSRNOG00000017510
ENSG00000140553	UNC45A	ENSMUSG00000030533	ENSRNOG00000012357
ENSG00000140557	ST8SIA2	ENSMUSG00000025789	ENSRNOG00000065528
ENSG00000140563	MCTP2	ENSMUSG00000032776	ENSRNOG00000009932
ENSG00000140564	FURIN	ENSMUSG00000030530	ENSRNOG00000011352
ENSG00000140575	IQGAP1	ENSMUSG00000030536	ENSRNOG00000012002
ENSG00000140577	CRTC3	ENSMUSG00000030527	ENSRNOG00000011975
ENSG00000140598	EFL1	ENSMUSG00000038563	ENSRNOG00000032723
ENSG00000140600	SH3GL3	ENSMUSG00000030638	ENSRNOG00000019776
ENSG00000140612	SEC11A	ENSMUSG00000025724	ENSRNOG00000011029
ENSG00000140623	SEPTIN12	ENSMUSG00000022542	ENSRNOG00000003137
ENSG00000140632	GLYR1	ENSMUSG00000022536	ENSRNOG00000003065
ENSG00000140650	PMM2	ENSMUSG00000022711	ENSRNOG00000002615
ENSG00000140675	SLC5A2	ENSMUSG00000030781	ENSRNOG00000020039
ENSG00000140678	ITGAX	ENSMUSG00000030789	ENSRNOG00000036703
ENSG00000140682	TGFB1I1	ENSMUSG00000030782	ENSRNOG00000019965
ENSG00000140688	RUSF1	ENSMUSG00000030780	ENSRNOG00000020144
ENSG00000140691	ARMC5	ENSMUSG00000042178	ENSRNOG00000019935
ENSG00000140694	PARN	ENSMUSG00000022685	ENSRNOG00000002912
ENSG00000140718	FTO	ENSMUSG00000055932	ENSRNOG00000011728
ENSG00000140740	UQCRC2	ENSMUSG00000030884	ENSRNOG00000036742
ENSG00000140743	CDR2	ENSMUSG00000030878	ENSRNOG00000017260
ENSG00000140749	IGSF6	ENSMUSG00000035004	ENSRNOG00000017277
ENSG00000140750	ARHGAP17	ENSMUSG00000030766	ENSRNOG00000013836
ENSG00000140795	MYLK3	ENSMUSG00000031698	ENSRNOG00000017546
ENSG00000140798	ABCC12	ENSMUSG00000036872	ENSRNOG00000015666
ENSG00000140829	DHX38	ENSMUSG00000037993	ENSRNOG00000014619
ENSG00000140830	TXNL4B	ENSMUSG00000031723	ENSRNOG00000021379
ENSG00000140832	MARVELD3	ENSMUSG00000001672	ENSRNOG00000016291
ENSG00000140835	CHST4	ENSMUSG00000035930	ENSRNOG00000016953
ENSG00000140836	ZFHX3	ENSMUSG00000038872	ENSRNOG00000014452
ENSG00000140848	CPNE2	ENSMUSG00000034361	ENSRNOG00000043286
ENSG00000140853	NLRC5	ENSMUSG00000074151	ENSRNOG00000048222
ENSG00000140854	KATNB1	ENSMUSG00000031787	ENSRNOG00000014626
ENSG00000140859	KIFC3	ENSMUSG00000031788	ENSRNOG00000014087
ENSG00000140873	ADAMTS18	ENSMUSG00000053399	ENSRNOG00000011575
ENSG00000140876	NUDT7	ENSMUSG00000031767	ENSRNOG00000011976
ENSG00000140931	CMTM3	ENSMUSG00000031875	ENSRNOG00000010691
ENSG00000140937	CDH11	ENSMUSG00000031673	ENSRNOG00000013481
ENSG00000140939	NOL3	ENSMUSG00000014776	ENSRNOG00000015588
ENSG00000140943	MBTPS1	ENSMUSG00000031835	ENSRNOG00000015173
ENSG00000140945	CDH13	ENSMUSG00000031841	ENSRNOG00000014371
ENSG00000140948	ZCCHC14	ENSMUSG00000061410	ENSRNOG00000018226
ENSG00000140950	MEAK7	ENSMUSG00000034105	ENSRNOG00000016224
ENSG00000140955	ADAD2	ENSMUSG00000024266	ENSRNOG00000015690
ENSG00000140961	OSGIN1	ENSMUSG00000074063	ENSRNOG00000014948
ENSG00000140968	IRF8	ENSMUSG00000041515	ENSRNOG00000017869
ENSG00000140983	RHOT2	ENSMUSG00000025733	ENSRNOG00000019930
ENSG00000140986	RPL3L	ENSMUSG00000002500	ENSRNOG00000014641
ENSG00000140990	NDUFB10	ENSMUSG00000040048	ENSRNOG00000014568
ENSG00000140992	PDPK1	ENSMUSG00000024122	ENSRNOG00000006136
ENSG00000140995	DEF8	ENSMUSG00000001482	ENSRNOG00000000264
ENSG00000141002	TCF25	ENSMUSG00000001472	ENSRNOG00000017023
ENSG00000141012	GALNS	ENSMUSG00000015027	ENSRNOG00000014461
ENSG00000141013	DRC4	ENSMUSG00000040220	ENSRNOG00000026964
ENSG00000141027	NCOR1	ENSMUSG00000018501	ENSRNOG00000055246
ENSG00000141030	COPS3	ENSMUSG00000019373	ENSRNOG00000053943
ENSG00000141034	GID4	ENSMUSG00000018415	ENSRNOG00000069998
ENSG00000141040	ZNF287	ENSMUSG00000005267	ENSRNOG00000003215
ENSG00000141052	MYOCD	ENSMUSG00000020542	ENSRNOG00000003669
ENSG00000141068	KSR1	ENSMUSG00000018334	ENSRNOG00000012818
ENSG00000141076	UTP4	ENSMUSG00000041438	ENSRNOG00000020333
ENSG00000141084	RANBP10	ENSMUSG00000037415	ENSRNOG00000018000
ENSG00000141086	CTRL	ENSMUSG00000031896	ENSRNOG00000019353
ENSG00000141096	DPEP3	ENSMUSG00000031898	ENSRNOG00000019757
ENSG00000141098	GFOD2	ENSMUSG00000013150	ENSRNOG00000017953
ENSG00000141101	NOB1	ENSMUSG00000003848	ENSRNOG00000021890
ENSG00000141127	PRPSAP2	ENSMUSG00000020528	ENSRNOG00000002724
ENSG00000141161	UNC45B	ENSMUSG00000018845	ENSRNOG00000009466
ENSG00000141179	PCTP	ENSMUSG00000020553	ENSRNOG00000002425
ENSG00000141198	TOM1L1	ENSMUSG00000020541	ENSRNOG00000002474
ENSG00000141200	KIF2B	ENSMUSG00000046755	ENSRNOG00000086201
ENSG00000141219	MTNAP1	ENSMUSG00000041623	ENSRNOG00000024780
ENSG00000141232	TOB1	ENSMUSG00000037573	ENSRNOG00000002828
ENSG00000141252	VPS53	ENSMUSG00000017288	ENSRNOG00000006895
ENSG00000141255	SPATA22	ENSMUSG00000112920	ENSRNOG00000037307
ENSG00000141258	SGSM2	ENSMUSG00000038351	ENSRNOG00000027194
ENSG00000141279	NPEPPS	ENSMUSG00000001441	ENSRNOG00000023095
ENSG00000141293	SKAP1	ENSMUSG00000057058	ENSRNOG00000023881
ENSG00000141294	LRRC46	ENSMUSG00000020878	ENSRNOG00000009902
ENSG00000141295	SCRN2	ENSMUSG00000020877	ENSRNOG00000010214
ENSG00000141298	SSH2	ENSMUSG00000037926	ENSRNOG00000014285
ENSG00000141314	RHBDL3	ENSMUSG00000017692	ENSRNOG00000005515
ENSG00000141316	SPACA3	ENSMUSG00000053184	ENSRNOG00000006994
ENSG00000141337	ARSG	ENSMUSG00000020604	ENSRNOG00000003931
ENSG00000141338	ABCA8	ENSMUSG00000020620	ENSRNOG00000004040
ENSG00000141349	G6PC3	ENSMUSG00000034793	ENSRNOG00000020902
ENSG00000141367	CLTC	ENSMUSG00000047126	ENSRNOG00000004291
ENSG00000141371	CHCT1	ENSMUSG00000018479	ENSRNOG00000003143
ENSG00000141376	BCAS3	ENSMUSG00000059439	ENSRNOG00000066893
ENSG00000141378	PTRH2	ENSMUSG00000072582	ENSRNOG00000076410
ENSG00000141380	SS18	ENSMUSG00000037013	ENSRNOG00000016800
ENSG00000141384	TAF4B	ENSMUSG00000054321	ENSRNOG00000026023
ENSG00000141385	AFG3L2	ENSMUSG00000024527	ENSRNOG00000017965
ENSG00000141391	PRELID3A	ENSMUSG00000024530	ENSRNOG00000017954
ENSG00000141401	IMPA2	ENSMUSG00000024525	ENSRNOG00000018516
ENSG00000141404	GNAL	ENSMUSG00000024524	ENSRNOG00000010440
ENSG00000141424	SLC39A6	ENSMUSG00000024270	ENSRNOG00000028703
ENSG00000141425	RPRD1A	ENSMUSG00000040446	ENSRNOG00000016036
ENSG00000141428	RMP24	ENSMUSG00000024273	ENSRNOG00000015546
ENSG00000141429	GALNT1	ENSMUSG00000000420	ENSRNOG00000016207
ENSG00000141431	ASXL3	ENSMUSG00000045215	ENSRNOG00000015383
ENSG00000141433	ADCYAP1	ENSMUSG00000024256	ENSRNOG00000049882
ENSG00000141434	MEP1B	ENSMUSG00000024313	ENSRNOG00000049345
ENSG00000141441	GAREM1	ENSMUSG00000042680	ENSRNOG00000062552
ENSG00000141446	ESCO1	ENSMUSG00000024293	ENSRNOG00000014031
ENSG00000141447	OSBPL1A	ENSMUSG00000044252	ENSRNOG00000054058
ENSG00000141448	GATA6	ENSMUSG00000005836	ENSRNOG00000023433
ENSG00000141449	GREB1L	ENSMUSG00000042942	ENSRNOG00000023492
ENSG00000141452	RMC1	ENSMUSG00000024410	ENSRNOG00000012597
ENSG00000141456	PELP1	ENSMUSG00000018921	ENSRNOG00000019268
ENSG00000141458	NPC1	ENSMUSG00000024413	ENSRNOG00000012016
ENSG00000141469	SLC14A1	ENSMUSG00000059336	ENSRNOG00000016753
ENSG00000141480	ARRB2	ENSMUSG00000060216	ENSRNOG00000019308
ENSG00000141485	SLC13A5	ENSMUSG00000020805	ENSRNOG00000014870
ENSG00000141497	ZMYND15	ENSMUSG00000040829	ENSRNOG00000019477
ENSG00000141499	WRAP53	ENSMUSG00000041346	ENSRNOG00000010320
ENSG00000141503	MINK1	ENSMUSG00000020827	ENSRNOG00000033508
ENSG00000141504	SAT2	ENSMUSG00000069835	ENSRNOG00000011714
ENSG00000141505	ASGR1	ENSMUSG00000020884	ENSRNOG00000018693
ENSG00000141506	PIK3R5	ENSMUSG00000020901	ENSRNOG00000023428
ENSG00000141510	TP53	ENSMUSG00000059552	ENSRNOG00000010756
ENSG00000141519	CCDC40	ENSMUSG00000039963	ENSRNOG00000059401
ENSG00000141522	ARHGDIA	ENSMUSG00000025132	ENSRNOG00000036688
ENSG00000141524	TMC6	ENSMUSG00000025572	ENSRNOG00000053469
ENSG00000141526	SLC16A3	ENSMUSG00000025161	ENSRNOG00000036677
ENSG00000141527	CARD14	ENSMUSG00000013483	ENSRNOG00000047367
ENSG00000141540	TTYH2	ENSMUSG00000034714	ENSRNOG00000024578
ENSG00000141542	RAB40B	ENSMUSG00000025170	ENSRNOG00000036661
ENSG00000141551	CSNK1D	ENSMUSG00000025162	ENSRNOG00000036676
ENSG00000141552	ANAPC11	ENSMUSG00000025135	ENSRNOG00000036686
ENSG00000141556	TBCD	ENSMUSG00000039230	ENSRNOG00000036658
ENSG00000141562	NARF	ENSMUSG00000000056	ENSRNOG00000036664
ENSG00000141564	RPTOR	ENSMUSG00000025583	ENSRNOG00000003821
ENSG00000141568	FOXK2	ENSMUSG00000039275	ENSRNOG00000036663
ENSG00000141569	TRIM65	ENSMUSG00000054517	ENSRNOG00000024145
ENSG00000141570	CBX8	ENSMUSG00000025578	ENSRNOG00000048113
ENSG00000141576	RNF157	ENSMUSG00000052949	ENSRNOG00000049862
ENSG00000141577	CEP131	ENSMUSG00000039781	ENSRNOG00000004430
ENSG00000141579	ZNF750	ENSMUSG00000039238	ENSRNOG00000046482
ENSG00000141580	WDR45B	ENSMUSG00000025173	ENSRNOG00000036662
ENSG00000141582	CBX4	ENSMUSG00000039989	ENSRNOG00000063043
ENSG00000141622	ARK2C	ENSMUSG00000025427	ENSRNOG00000048824
ENSG00000141627	DYM	ENSMUSG00000035765	ENSRNOG00000018425
ENSG00000141639	MAPK4	ENSMUSG00000024558	ENSRNOG00000015401
ENSG00000141642	ELAC1	ENSMUSG00000036941	ENSRNOG00000000113
ENSG00000141644	MBD1	ENSMUSG00000024561	ENSRNOG00000024104
ENSG00000141646	SMAD4	ENSMUSG00000024515	ENSRNOG00000051965
ENSG00000141655	TNFRSF11A	ENSMUSG00000026321	ENSRNOG00000015615
ENSG00000141664	ZCCHC2	ENSMUSG00000038866	ENSRNOG00000002882
ENSG00000141665	FBXO15	ENSMUSG00000034391	ENSRNOG00000038225
ENSG00000141668	CBLN2	ENSMUSG00000024647	ENSRNOG00000013654
ENSG00000141682	PMAIP1	ENSMUSG00000024521	ENSRNOG00000018770
ENSG00000141696	P3H4	ENSMUSG00000006931	ENSRNOG00000015787
ENSG00000141698	NT5C3B	ENSMUSG00000017176	ENSRNOG00000016475
ENSG00000141699	RETREG3	ENSMUSG00000017802	ENSRNOG00000020056
ENSG00000141736	ERBB2	ENSMUSG00000062312	ENSRNOG00000006450
ENSG00000141738	GRB7	ENSMUSG00000019312	ENSRNOG00000006990
ENSG00000141741	MIEN1	ENSMUSG00000002580	ENSRNOG00000007227
ENSG00000141744	PNMT	ENSMUSG00000038216	ENSRNOG00000046057
ENSG00000141748	ARL5C	ENSMUSG00000038352	ENSRNOG00000036880
ENSG00000141750	STAC2	ENSMUSG00000017400	ENSRNOG00000004805
ENSG00000141753	IGFBP4	ENSMUSG00000017493	ENSRNOG00000010635
ENSG00000141756	FKBP10	ENSMUSG00000001555	ENSRNOG00000015941
ENSG00000141837	CACNA1A	ENSMUSG00000034656	ENSRNOG00000052707
ENSG00000141854	MISP3	ENSMUSG00000074217	ENSRNOG00000005619
ENSG00000141873	SLC39A3	ENSMUSG00000046822	ENSRNOG00000045524
ENSG00000141905	NFIC	ENSMUSG00000055053	ENSRNOG00000004505
ENSG00000141933	TPGS1	ENSMUSG00000020308	ENSRNOG00000008296
ENSG00000141934	PLPP2	ENSMUSG00000052151	ENSRNOG00000000177
ENSG00000141956	PRDM15	ENSMUSG00000014039	ENSRNOG00000001620
ENSG00000141959	PFKL	ENSMUSG00000020277	ENSRNOG00000001214
ENSG00000141968	VAV1	ENSMUSG00000034116	ENSRNOG00000050430
ENSG00000141971	MVB12A	ENSMUSG00000031813	ENSRNOG00000017949
ENSG00000141977	CIB3	ENSMUSG00000074240	ENSRNOG00000014600
ENSG00000141985	SH3GL1	ENSMUSG00000003200	ENSRNOG00000049683
ENSG00000141994	DUS3L	ENSMUSG00000007603	ENSRNOG00000050381
ENSG00000142002	DPP9	ENSMUSG00000001229	ENSRNOG00000050748
ENSG00000142025	DMRTC2	ENSMUSG00000011349	ENSRNOG00000020109
ENSG00000142039	CCDC97	ENSMUSG00000002608	ENSRNOG00000020675
ENSG00000142046	TMEM91	ENSMUSG00000061702	ENSRNOG00000068180
ENSG00000142065	ZFP14	ENSMUSG00000053985	ENSRNOG00000030932
ENSG00000142082	SIRT3	ENSMUSG00000025486	ENSRNOG00000013828
ENSG00000142102	PGGHG	ENSMUSG00000062031	ENSRNOG00000014783
ENSG00000142149	HUNK	ENSMUSG00000053414	ENSRNOG00000002092
ENSG00000142156	COL6A1	ENSMUSG00000001119	ENSRNOG00000001249
ENSG00000142166	IFNAR1	ENSMUSG00000022967	ENSRNOG00000028594
ENSG00000142168	SOD1	ENSMUSG00000022982	ENSRNOG00000002115
ENSG00000142173	COL6A2	ENSMUSG00000020241	ENSRNOG00000001254
ENSG00000142178	SIK1	ENSMUSG00000024042	ENSRNOG00000001189
ENSG00000142182	DNMT3L	ENSMUSG00000000730	ENSRNOG00000001212
ENSG00000142185	TRPM2	ENSMUSG00000009292	ENSRNOG00000001216
ENSG00000142186	SCYL1	ENSMUSG00000024941	ENSRNOG00000023668
ENSG00000142188	TMEM50B	ENSMUSG00000022964	ENSRNOG00000002028
ENSG00000142192	APP	ENSMUSG00000022892	ENSRNOG00000006997
ENSG00000142197	DOP1B	ENSMUSG00000022946	ENSRNOG00000051204
ENSG00000142207	URB1	ENSMUSG00000039929	ENSRNOG00000002080
ENSG00000142208	AKT1	ENSMUSG00000001729	ENSRNOG00000028629
ENSG00000142224	IL19	ENSMUSG00000016524	ENSRNOG00000087053
ENSG00000142227	EMP3	ENSMUSG00000040212	ENSRNOG00000021104
ENSG00000142230	SAE1	ENSMUSG00000052833	ENSRNOG00000015128
ENSG00000142233	NTN5	ENSMUSG00000070564	ENSRNOG00000021016
ENSG00000142235	LMTK3	ENSMUSG00000062044	ENSRNOG00000021048
ENSG00000142273	CBLC	ENSMUSG00000040525	ENSRNOG00000018953
ENSG00000142279	WTIP	ENSMUSG00000036459	ENSRNOG00000023296
ENSG00000142303	ADAMTS10	ENSMUSG00000024299	ENSRNOG00000008857
ENSG00000142319	SLC6A3	ENSMUSG00000021609	ENSRNOG00000017302
ENSG00000142327	RNPEPL1	ENSMUSG00000026269	ENSRNOG00000045775
ENSG00000142330	CAPN10	ENSMUSG00000026270	ENSRNOG00000045623
ENSG00000142347	MYO1F	ENSMUSG00000024300	ENSRNOG00000008409
ENSG00000142405	NLRP12	ENSMUSG00000078817	ENSRNOG00000060745
ENSG00000142408	CACNG8	ENSMUSG00000053395	ENSRNOG00000057848
ENSG00000142409	ZNF787	ENSMUSG00000046792	ENSRNOG00000015456
ENSG00000142444	TIMM29	ENSMUSG00000048429	ENSRNOG00000083564
ENSG00000142453	CARM1	ENSMUSG00000032185	ENSRNOG00000031129
ENSG00000142459	EVI5L	ENSMUSG00000011832	ENSRNOG00000001034
ENSG00000142484	TM4SF5	ENSMUSG00000018919	ENSRNOG00000019510
ENSG00000142494	SLC47A1	ENSMUSG00000010122	ENSRNOG00000057404
ENSG00000142513	ACP4	ENSMUSG00000012777	ENSRNOG00000021659
ENSG00000142528	ZNF473	ENSMUSG00000048012	ENSRNOG00000026572
ENSG00000142530	GARIN5A	ENSMUSG00000051113	ENSRNOG00000031739
ENSG00000142534	RPS11	ENSMUSG00000003429	ENSRNOG00000009583
ENSG00000142538	PTH2	ENSMUSG00000038300	ENSRNOG00000072882
ENSG00000142544	CTU1	ENSMUSG00000038888	ENSRNOG00000018334
ENSG00000142546	NOSIP	ENSMUSG00000003421	ENSRNOG00000020543
ENSG00000142549	IGLON5	ENSMUSG00000013367	ENSRNOG00000017918
ENSG00000142552	RCN3	ENSMUSG00000019539	ENSRNOG00000043007
ENSG00000142583	SLC2A5	ENSMUSG00000028976	ENSRNOG00000017693
ENSG00000142599	RERE	ENSMUSG00000039852	ENSRNOG00000017940
ENSG00000142606	MMEL1	ENSMUSG00000058183	ENSRNOG00000012593
ENSG00000142609	CFAP74	ENSMUSG00000078490	ENSRNOG00000023627
ENSG00000142611	PRDM16	ENSMUSG00000039410	ENSRNOG00000045913
ENSG00000142619	PADI3	ENSMUSG00000025328	ENSRNOG00000006950
ENSG00000142621	FHAD1	ENSMUSG00000051435	ENSRNOG00000028064
ENSG00000142623	PADI1	ENSMUSG00000025329	ENSRNOG00000007067
ENSG00000142627	EPHA2	ENSMUSG00000006445	ENSRNOG00000009222
ENSG00000142632	ARHGEF19	ENSMUSG00000028919	ENSRNOG00000047967
ENSG00000142634	EFHD2	ENSMUSG00000040659	ENSRNOG00000013783
ENSG00000142655	PEX14	ENSMUSG00000028975	ENSRNOG00000013498
ENSG00000142657	PGD	ENSMUSG00000028961	ENSRNOG00000076812
ENSG00000142661	MYOM3	ENSMUSG00000037139	ENSRNOG00000032994
ENSG00000142669	SH3BGRL3	ENSMUSG00000028843	ENSRNOG00000015967
ENSG00000142675	CNKSR1	ENSMUSG00000028841	ENSRNOG00000022838
ENSG00000142676	RPL11	ENSMUSG00000059291	ENSRNOG00000026260
ENSG00000142677	IL22RA1	ENSMUSG00000037157	ENSRNOG00000066331
ENSG00000142684	ZNF593	ENSMUSG00000028840	ENSRNOG00000016392
ENSG00000142686	C1orf216	ENSMUSG00000073755	ENSRNOG00000021609
ENSG00000142687	KIAA0319L	ENSMUSG00000028830	ENSRNOG00000012204
ENSG00000142698	C1orf94	ENSMUSG00000028813	ENSRNOG00000048129
ENSG00000142700	DMRTA2	ENSMUSG00000047143	ENSRNOG00000068045
ENSG00000142731	PLK4	ENSMUSG00000025758	ENSRNOG00000011654
ENSG00000142733	MAP3K6	ENSMUSG00000028862	ENSRNOG00000008936
ENSG00000142751	GPN2	ENSMUSG00000028848	ENSRNOG00000007083
ENSG00000142765	SYTL1	ENSMUSG00000028860	ENSRNOG00000008600
ENSG00000142784	WDTC1	ENSMUSG00000037622	ENSRNOG00000008377
ENSG00000142798	HSPG2	ENSMUSG00000028763	ENSRNOG00000021437
ENSG00000142856	ITGB3BP	ENSMUSG00000028549	ENSRNOG00000009116
ENSG00000142864	SERBP1	ENSMUSG00000036371	ENSRNOG00000005890
ENSG00000142867	BCL10	ENSMUSG00000028191	ENSRNOG00000042389
ENSG00000142871	CCN1	ENSMUSG00000028195	ENSRNOG00000014350
ENSG00000142875	PRKACB	ENSMUSG00000005034	ENSRNOG00000004978
ENSG00000142892	PIGK	ENSMUSG00000039047	ENSRNOG00000042359
ENSG00000142910	TINAGL1	ENSMUSG00000028776	ENSRNOG00000013179
ENSG00000142920	AZIN2	ENSMUSG00000028789	ENSRNOG00000051507
ENSG00000142937	RPS8	ENSMUSG00000047675	ENSRNOG00000021395
ENSG00000142945	KIF2C	ENSMUSG00000028678	ENSRNOG00000019100
ENSG00000142949	PTPRF	ENSMUSG00000033295	ENSRNOG00000019977
ENSG00000142961	MOB3C	ENSMUSG00000028709	ENSRNOG00000037620
ENSG00000142973	CYP4B1	ENSMUSG00000028713	ENSRNOG00000055078
ENSG00000143001	TMEM61	ENSMUSG00000085933	ENSRNOG00000026594
ENSG00000143006	DMRTB1	ENSMUSG00000028610	ENSRNOG00000023213
ENSG00000143013	LMO4	ENSMUSG00000028266	ENSRNOG00000009205
ENSG00000143028	SYPL2	ENSMUSG00000027887	ENSRNOG00000019780
ENSG00000143032	BARHL2	ENSMUSG00000034384	ENSRNOG00000002117
ENSG00000143033	MTF2	ENSMUSG00000029267	ENSRNOG00000000075
ENSG00000143036	SLC44A3	ENSMUSG00000039865	ENSRNOG00000011723
ENSG00000143061	IGSF3	ENSMUSG00000042035	ENSRNOG00000023851
ENSG00000143067	ZNF697	ENSMUSG00000050064	ENSRNOG00000065357
ENSG00000143079	CTTNBP2NL	ENSMUSG00000062127	ENSRNOG00000014479
ENSG00000143093	STRIP1	ENSMUSG00000014601	ENSRNOG00000018293
ENSG00000143105	KCNA10	ENSMUSG00000042861	ENSRNOG00000050416
ENSG00000143106	PSMA5	ENSMUSG00000068749	ENSRNOG00000019868
ENSG00000143107	FNDC7	ENSMUSG00000045326	ENSRNOG00000020421
ENSG00000143110	C1orf162	ENSMUSG00000074342	ENSRNOG00000070434
ENSG00000143119	CD53	ENSMUSG00000040747	ENSRNOG00000017874
ENSG00000143125	PROK1	ENSMUSG00000070368	ENSRNOG00000079989
ENSG00000143126	CELSR2	ENSMUSG00000068740	ENSRNOG00000020058
ENSG00000143127	ITGA10	ENSMUSG00000090210	ENSRNOG00000021217
ENSG00000143147	GPR161	ENSMUSG00000040836	ENSRNOG00000003073
ENSG00000143149	ALDH9A1	ENSMUSG00000026687	ENSRNOG00000004027
ENSG00000143153	ATP1B1	ENSMUSG00000026576	ENSRNOG00000002934
ENSG00000143155	TIPRL	ENSMUSG00000040843	ENSRNOG00000003048
ENSG00000143156	NME7	ENSMUSG00000026575	ENSRNOG00000002898
ENSG00000143157	POGK	ENSMUSG00000040596	ENSRNOG00000032058
ENSG00000143158	MPC2	ENSMUSG00000026568	ENSRNOG00000003150
ENSG00000143162	CREG1	ENSMUSG00000040713	ENSRNOG00000003291
ENSG00000143164	DCAF6	ENSMUSG00000026571	ENSRNOG00000003078
ENSG00000143167	GPA33	ENSMUSG00000000544	ENSRNOG00000003740
ENSG00000143171	RXRG	ENSMUSG00000015843	ENSRNOG00000004537
ENSG00000143178	TBX19	ENSMUSG00000026572	ENSRNOG00000002979
ENSG00000143179	UCK2	ENSMUSG00000026558	ENSRNOG00000003917
ENSG00000143183	TMCO1	ENSMUSG00000052428	ENSRNOG00000003928
ENSG00000143190	POU2F1	ENSMUSG00000026565	ENSRNOG00000003581
ENSG00000143194	MAEL	ENSMUSG00000040629	ENSRNOG00000003790
ENSG00000143195	ILDR2	ENSMUSG00000040612	ENSRNOG00000025151
ENSG00000143196	DPT	ENSMUSG00000026574	ENSRNOG00000002947
ENSG00000143199	ADCY10	ENSMUSG00000026567	ENSRNOG00000053410
ENSG00000143207	COP1	ENSMUSG00000040782	ENSRNOG00000042492
ENSG00000143217	NECTIN4	ENSMUSG00000006411	ENSRNOG00000004029
ENSG00000143222	UFC1	ENSMUSG00000062963	ENSRNOG00000003706
ENSG00000143224	PPOX	ENSMUSG00000062729	ENSRNOG00000003567
ENSG00000143228	NUF2	ENSMUSG00000026683	ENSRNOG00000002711
ENSG00000143248	RGS5	ENSMUSG00000026678	ENSRNOG00000083506
ENSG00000143252	SDHC	ENSMUSG00000058076	ENSRNOG00000003163
ENSG00000143256	PFDN2	ENSMUSG00000006412	ENSRNOG00000083250
ENSG00000143257	NR1I3	ENSMUSG00000005677	ENSRNOG00000003260
ENSG00000143258	USP21	ENSMUSG00000053483	ENSRNOG00000038347
ENSG00000143278	F13B	ENSMUSG00000026368	ENSRNOG00000012613
ENSG00000143294	PRCC	ENSMUSG00000004895	ENSRNOG00000012933
ENSG00000143297	FCRL5	ENSMUSG00000048031	ENSRNOG00000043414
ENSG00000143303	METTL25B	ENSMUSG00000004896	ENSRNOG00000011645
ENSG00000143314	MRPL24	ENSMUSG00000019710	ENSRNOG00000022234
ENSG00000143315	PIGM	ENSMUSG00000050229	ENSRNOG00000007735
ENSG00000143318	CASQ1	ENSMUSG00000007122	ENSRNOG00000006930
ENSG00000143320	CRABP2	ENSMUSG00000004885	ENSRNOG00000022101
ENSG00000143321	HDGF	ENSMUSG00000004897	ENSRNOG00000042261
ENSG00000143322	ABL2	ENSMUSG00000026596	ENSRNOG00000004305
ENSG00000143324	XPR1	ENSMUSG00000026469	ENSRNOG00000000042
ENSG00000143333	RGS16	ENSMUSG00000026475	ENSRNOG00000027024
ENSG00000143337	TOR1AIP1	ENSMUSG00000026466	ENSRNOG00000003946
ENSG00000143340	FAM163A	ENSMUSG00000015484	ENSRNOG00000024825
ENSG00000143341	HMCN1	ENSMUSG00000066842	ENSRNOG00000028627
ENSG00000143344	RGL1	ENSMUSG00000026482	ENSRNOG00000002347
ENSG00000143353	LYPLAL1	ENSMUSG00000039246	ENSRNOG00000023130
ENSG00000143355	LHX9	ENSMUSG00000019230	ENSRNOG00000010357
ENSG00000143363	PRUNE1	ENSMUSG00000015711	ENSRNOG00000021120
ENSG00000143365	RORC	ENSMUSG00000028150	ENSRNOG00000020836
ENSG00000143367	TUFT1	ENSMUSG00000005968	ENSRNOG00000020923
ENSG00000143368	SF3B4	ENSMUSG00000068856	ENSRNOG00000021181
ENSG00000143369	ECM1	ENSMUSG00000028108	ENSRNOG00000021166
ENSG00000143373	ZNF687	ENSMUSG00000019338	ENSRNOG00000021026
ENSG00000143374	TARS2	ENSMUSG00000028107	ENSRNOG00000057194
ENSG00000143376	SNX27	ENSMUSG00000028136	ENSRNOG00000020893
ENSG00000143379	SETDB1	ENSMUSG00000015697	ENSRNOG00000021143
ENSG00000143382	ADAMTSL4	ENSMUSG00000015850	ENSRNOG00000049385
ENSG00000143384	MCL1	ENSMUSG00000038612	ENSRNOG00000063678
ENSG00000143387	CTSK	ENSMUSG00000028111	ENSRNOG00000021155
ENSG00000143390	RFX5	ENSMUSG00000005774	ENSRNOG00000021012
ENSG00000143393	PI4KB	ENSMUSG00000038861	ENSRNOG00000021024
ENSG00000143398	PIP5K1A	ENSMUSG00000028126	ENSRNOG00000021068
ENSG00000143401	ANP32E	ENSMUSG00000015749	ENSRNOG00000021168
ENSG00000143409	MINDY1	ENSMUSG00000038712	ENSRNOG00000021131
ENSG00000143412	ANXA9	ENSMUSG00000015702	ENSRNOG00000021134
ENSG00000143418	CERS2	ENSMUSG00000015714	ENSRNOG00000021138
ENSG00000143420	ENSA	ENSMUSG00000038619	ENSRNOG00000048617
ENSG00000143434	SEMA6C	ENSMUSG00000038777	ENSRNOG00000021101
ENSG00000143436	MRPL9	ENSMUSG00000028140	ENSRNOG00000020869
ENSG00000143437	ARNT	ENSMUSG00000015522	ENSRNOG00000031174
ENSG00000143442	POGZ	ENSMUSG00000038902	ENSRNOG00000053599
ENSG00000143443	C1orf56	ENSMUSG00000068860	ENSRNOG00000021656
ENSG00000143450	OAZ3	ENSMUSG00000028141	ENSRNOG00000020863
ENSG00000143452	HORMAD1	ENSMUSG00000028109	ENSRNOG00000021160
ENSG00000143457	GOLPH3L	ENSMUSG00000046519	ENSRNOG00000047620
ENSG00000143458	GABPB2	ENSMUSG00000038766	ENSRNOG00000021105
ENSG00000143469	SYT14	ENSMUSG00000016200	ENSRNOG00000046139
ENSG00000143473	KCNH1	ENSMUSG00000058248	ENSRNOG00000003841
ENSG00000143476	DTL	ENSMUSG00000037474	ENSRNOG00000004195
ENSG00000143479	DYRK3	ENSMUSG00000016526	ENSRNOG00000004870
ENSG00000143486	EIF2D	ENSMUSG00000026427	ENSRNOG00000004910
ENSG00000143493	INTS7	ENSMUSG00000037461	ENSRNOG00000004263
ENSG00000143494	VASH2	ENSMUSG00000037568	ENSRNOG00000003832
ENSG00000143498	TAF1A	ENSMUSG00000072258	ENSRNOG00000061139
ENSG00000143499	SMYD2	ENSMUSG00000026603	ENSRNOG00000003583
ENSG00000143502	SUSD4	ENSMUSG00000038576	ENSRNOG00000003562
ENSG00000143507	DUSP10	ENSMUSG00000039384	ENSRNOG00000004003
ENSG00000143512	HHIPL2	ENSMUSG00000053461	ENSRNOG00000056400
ENSG00000143514	TP53BP2	ENSMUSG00000026510	ENSRNOG00000003237
ENSG00000143515	ATP8B2	ENSMUSG00000060671	ENSRNOG00000020822
ENSG00000143520	FLG2	ENSMUSG00000049133	ENSRNOG00000064129
ENSG00000143536	CRNN	ENSMUSG00000078657	ENSRNOG00000008721
ENSG00000143537	ADAM15	ENSMUSG00000028041	ENSRNOG00000020590
ENSG00000143543	JTB	ENSMUSG00000027937	ENSRNOG00000016379
ENSG00000143545	RAB13	ENSMUSG00000027935	ENSRNOG00000016733
ENSG00000143546	S100A8	ENSMUSG00000056054	ENSRNOG00000011557
ENSG00000143552	NUP210L	ENSMUSG00000027939	ENSRNOG00000055790
ENSG00000143553	SNAPIN	ENSMUSG00000001018	ENSRNOG00000013356
ENSG00000143554	SLC27A3	ENSMUSG00000027932	ENSRNOG00000015421
ENSG00000143569	UBAP2L	ENSMUSG00000042520	ENSRNOG00000017990
ENSG00000143570	SLC39A1	ENSMUSG00000052310	ENSRNOG00000059463
ENSG00000143575	HAX1	ENSMUSG00000027944	ENSRNOG00000045647
ENSG00000143578	CREB3L4	ENSMUSG00000027938	ENSRNOG00000023493
ENSG00000143590	EFNA3	ENSMUSG00000028039	ENSRNOG00000057322
ENSG00000143603	KCNN3	ENSMUSG00000000794	ENSRNOG00000020706
ENSG00000143614	GATAD2B	ENSMUSG00000042390	ENSRNOG00000015553
ENSG00000143621	ILF2	ENSMUSG00000001016	ENSRNOG00000014154
ENSG00000143622	RIT1	ENSMUSG00000028057	ENSRNOG00000064584
ENSG00000143624	INTS3	ENSMUSG00000027933	ENSRNOG00000015153
ENSG00000143627	PKLR	ENSMUSG00000041237	ENSRNOG00000020420
ENSG00000143630	HCN3	ENSMUSG00000028051	ENSRNOG00000020444
ENSG00000143632	ACTA1	ENSMUSG00000031972	ENSRNOG00000017786
ENSG00000143633	FSAF1	ENSMUSG00000031984	ENSRNOG00000019169
ENSG00000143641	GALNT2	ENSMUSG00000089704	ENSRNOG00000019143
ENSG00000143643	TTC13	ENSMUSG00000037300	ENSRNOG00000018884
ENSG00000143653	SCCPDH	ENSMUSG00000038936	ENSRNOG00000066712
ENSG00000143669	LYST	ENSMUSG00000019726	ENSRNOG00000058094
ENSG00000143674	MAP3K21	ENSMUSG00000031853	ENSRNOG00000019931
ENSG00000143702	CEP170	ENSMUSG00000057335	ENSRNOG00000004127
ENSG00000143740	SNAP47	ENSMUSG00000009894	ENSRNOG00000022472
ENSG00000143742	SRP9	ENSMUSG00000026511	ENSRNOG00000003211
ENSG00000143748	NVL	ENSMUSG00000026516	ENSRNOG00000003629
ENSG00000143751	SDE2	ENSMUSG00000038806	ENSRNOG00000003247
ENSG00000143756	FBXO28	ENSMUSG00000047539	ENSRNOG00000000066
ENSG00000143761	ARF1	ENSMUSG00000048076	ENSRNOG00000063798
ENSG00000143771	CNIH4	ENSMUSG00000062169	ENSRNOG00000003717
ENSG00000143772	ITPKB	ENSMUSG00000038855	ENSRNOG00000002969
ENSG00000143774	GUK1	ENSMUSG00000020444	ENSRNOG00000002928
ENSG00000143776	CDC42BPA	ENSMUSG00000026490	ENSRNOG00000002841
ENSG00000143786	CNIH3	ENSMUSG00000026514	ENSRNOG00000022724
ENSG00000143793	C1orf35	ENSMUSG00000020441	ENSRNOG00000002944
ENSG00000143797	MBOAT2	ENSMUSG00000020646	ENSRNOG00000061050
ENSG00000143799	PARP1	ENSMUSG00000026496	ENSRNOG00000003084
ENSG00000143801	PSEN2	ENSMUSG00000010609	ENSRNOG00000002879
ENSG00000143811	PYCR2	ENSMUSG00000026520	ENSRNOG00000003267
ENSG00000143815	LBR	ENSMUSG00000004880	ENSRNOG00000052574
ENSG00000143816	WNT9A	ENSMUSG00000000126	ENSRNOG00000003066
ENSG00000143819	EPHX1	ENSMUSG00000038776	ENSRNOG00000003515
ENSG00000143839	REN	ENSMUSG00000070645	ENSRNOG00000002937
ENSG00000143842	SOX13	ENSMUSG00000070643	ENSRNOG00000028353
ENSG00000143845	ETNK2	ENSMUSG00000070644	ENSRNOG00000028368
ENSG00000143847	PPFIA4	ENSMUSG00000026458	ENSRNOG00000003494
ENSG00000143850	PLEKHA6	ENSMUSG00000041757	ENSRNOG00000002907
ENSG00000143851	PTPN7	ENSMUSG00000031506	ENSRNOG00000005807
ENSG00000143858	SYT2	ENSMUSG00000026452	ENSRNOG00000004756
ENSG00000143862	ARL8A	ENSMUSG00000026426	ENSRNOG00000005988
ENSG00000143867	OSR1	ENSMUSG00000048387	ENSRNOG00000004210
ENSG00000143869	GDF7	ENSMUSG00000037660	ENSRNOG00000088409
ENSG00000143870	PDIA6	ENSMUSG00000020571	ENSRNOG00000050197
ENSG00000143878	RHOB	ENSMUSG00000054364	ENSRNOG00000021403
ENSG00000143882	ATP6V1C2	ENSMUSG00000020566	ENSRNOG00000050553
ENSG00000143889	HNRNPLL	ENSMUSG00000024095	ENSRNOG00000006929
ENSG00000143891	GALM	ENSMUSG00000035473	ENSRNOG00000007023
ENSG00000143919	CAMKMT	ENSMUSG00000071037	ENSRNOG00000030629
ENSG00000143921	ABCG8	ENSMUSG00000024254	ENSRNOG00000005420
ENSG00000143924	EML4	ENSMUSG00000032624	ENSRNOG00000030294
ENSG00000143942	CHAC2	ENSMUSG00000020309	ENSRNOG00000070799
ENSG00000143951	WDPCP	ENSMUSG00000020319	ENSRNOG00000054331
ENSG00000143952	VPS54	ENSMUSG00000020128	ENSRNOG00000007125
ENSG00000143970	ASXL2	ENSMUSG00000037486	ENSRNOG00000011908
ENSG00000143977	SNRPG	ENSMUSG00000057278	ENSRNOG00000032232
ENSG00000143994	ABHD1	ENSMUSG00000006638	ENSRNOG00000025689
ENSG00000143995	MEIS1	ENSMUSG00000020160	ENSRNOG00000004606
ENSG00000144021	CIAO1	ENSMUSG00000003662	ENSRNOG00000012638
ENSG00000144028	SNRNP200	ENSMUSG00000003660	ENSRNOG00000012157
ENSG00000144029	MRPS5	ENSMUSG00000027374	ENSRNOG00000015192
ENSG00000144031	ANKRD53	ENSMUSG00000014747	ENSRNOG00000021402
ENSG00000144034	TPRKB	ENSMUSG00000054226	ENSRNOG00000050645
ENSG00000144036	EXOC6B	ENSMUSG00000033769	ENSRNOG00000059615
ENSG00000144040	SFXN5	ENSMUSG00000033720	ENSRNOG00000037871
ENSG00000144043	TEX261	ENSMUSG00000014748	ENSRNOG00000013712
ENSG00000144045	DQX1	ENSMUSG00000009145	ENSRNOG00000008062
ENSG00000144048	DUSP11	ENSMUSG00000030002	ENSRNOG00000045539
ENSG00000144061	NPHP1	ENSMUSG00000027378	ENSRNOG00000015756
ENSG00000144063	MALL	ENSMUSG00000027377	ENSRNOG00000015599
ENSG00000144115	THNSL2	ENSMUSG00000054474	ENSRNOG00000006508
ENSG00000144118	RALB	ENSMUSG00000004451	ENSRNOG00000002440
ENSG00000144119	C1QL2	ENSMUSG00000036907	ENSRNOG00000046863
ENSG00000144120	TMEM177	ENSMUSG00000036975	ENSRNOG00000025484
ENSG00000144136	SLC20A1	ENSMUSG00000027397	ENSRNOG00000018567
ENSG00000144152	FBLN7	ENSMUSG00000027386	ENSRNOG00000017550
ENSG00000144161	ZC3H8	ENSMUSG00000027387	ENSRNOG00000017647
ENSG00000144182	LIPT1	ENSMUSG00000037216	ENSRNOG00000018464
ENSG00000144191	CNGA3	ENSMUSG00000026114	ENSRNOG00000051950
ENSG00000144214	LYG1	ENSMUSG00000026085	ENSRNOG00000047233
ENSG00000144218	AFF3	ENSMUSG00000037138	ENSRNOG00000018830
ENSG00000144224	UBXN4	ENSMUSG00000026353	ENSRNOG00000003625
ENSG00000144227	NXPH2	ENSMUSG00000069132	ENSRNOG00000040333
ENSG00000144228	SPOPL	ENSMUSG00000026771	ENSRNOG00000005070
ENSG00000144229	THSD7B	ENSMUSG00000042581	ENSRNOG00000003878
ENSG00000144230	GPR17	ENSMUSG00000052229	ENSRNOG00000065480
ENSG00000144231	POLR2D	ENSMUSG00000024258	ENSRNOG00000016231
ENSG00000144233	AMMECR1L	ENSMUSG00000041915	ENSRNOG00000016250
ENSG00000144278	GALNT13	ENSMUSG00000060988	ENSRNOG00000005335
ENSG00000144283	PKP4	ENSMUSG00000026991	ENSRNOG00000005504
ENSG00000144285	SCN1A	ENSMUSG00000064329	ENSRNOG00000053122
ENSG00000144290	SLC4A10	ENSMUSG00000026904	ENSRNOG00000005307
ENSG00000144306	SCRN3	ENSMUSG00000008226	ENSRNOG00000018657
ENSG00000144320	LNPK	ENSMUSG00000009207	ENSRNOG00000001593
ENSG00000144331	ZNF385B	ENSMUSG00000027016	ENSRNOG00000019065
ENSG00000144339	TMEFF2	ENSMUSG00000026109	ENSRNOG00000016623
ENSG00000144354	CDCA7	ENSMUSG00000055612	ENSRNOG00000001514
ENSG00000144355	DLX1	ENSMUSG00000041911	ENSRNOG00000001520
ENSG00000144357	UBR3	ENSMUSG00000044308	ENSRNOG00000008616
ENSG00000144362	PHOSPHO2	ENSMUSG00000027088	ENSRNOG00000007979
ENSG00000144366	GULP1	ENSMUSG00000056870	ENSRNOG00000003242
ENSG00000144369	FAM171B	ENSMUSG00000048388	ENSRNOG00000004783
ENSG00000144395	CCDC150	ENSMUSG00000025983	ENSRNOG00000013318
ENSG00000144401	METTL21A	ENSMUSG00000025956	ENSRNOG00000014212
ENSG00000144406	UNC80	ENSMUSG00000055567	ENSRNOG00000028362
ENSG00000144407	PTH2R	ENSMUSG00000025946	ENSRNOG00000015259
ENSG00000144426	NBEAL1	ENSMUSG00000073664	ENSRNOG00000021525
ENSG00000144445	KANSL1L	ENSMUSG00000026004	ENSRNOG00000028149
ENSG00000144451	SPAG16	ENSMUSG00000053153	ENSRNOG00000054475
ENSG00000144452	ABCA12	ENSMUSG00000050296	ENSRNOG00000015248
ENSG00000144455	SUMF1	ENSMUSG00000030101	ENSRNOG00000006813
ENSG00000144460	NYAP2	ENSMUSG00000054976	ENSRNOG00000023765
ENSG00000144468	RHBDD1	ENSMUSG00000026142	ENSRNOG00000054963
ENSG00000144476	ACKR3	ENSMUSG00000044337	ENSRNOG00000019622
ENSG00000144481	TRPM8	ENSMUSG00000036251	ENSRNOG00000019035
ENSG00000144485	HES6	ENSMUSG00000067071	ENSRNOG00000020194
ENSG00000144488	ESPNL	ENSMUSG00000049515	ENSRNOG00000024717
ENSG00000144504	ANKMY1	ENSMUSG00000034212	ENSRNOG00000048567
ENSG00000144524	COPS7B	ENSMUSG00000026240	ENSRNOG00000018723
ENSG00000144535	DIS3L2	ENSMUSG00000053333	ENSRNOG00000018931
ENSG00000144550	CPNE9	ENSMUSG00000030270	ENSRNOG00000023077
ENSG00000144554	FANCD2	ENSMUSG00000034023	ENSRNOG00000061085
ENSG00000144559	TAMM41	ENSMUSG00000030316	ENSRNOG00000007874
ENSG00000144560	VGLL4	ENSMUSG00000030315	ENSRNOG00000007822
ENSG00000144567	RETREG2	ENSMUSG00000049339	ENSRNOG00000018586
ENSG00000144579	CTDSP1	ENSMUSG00000026176	ENSRNOG00000015295
ENSG00000144580	CNOT9	ENSMUSG00000026174	ENSRNOG00000016034
ENSG00000144583	MARCHF4	ENSMUSG00000039372	ENSRNOG00000016472
ENSG00000144589	STK11IP	ENSMUSG00000026213	ENSRNOG00000020107
ENSG00000144591	GMPPA	ENSMUSG00000033021	ENSRNOG00000019946
ENSG00000144596	GRIP2	ENSMUSG00000030098	ENSRNOG00000009726
ENSG00000144597	EAF1	ENSMUSG00000021890	ENSRNOG00000019559
ENSG00000144619	CNTN4	ENSMUSG00000064293	ENSRNOG00000005652
ENSG00000144635	DYNC1LI1	ENSMUSG00000032435	ENSRNOG00000010434
ENSG00000144642	RBMS3	ENSMUSG00000039607	ENSRNOG00000025881
ENSG00000144644	GADL1	ENSMUSG00000056880	ENSRNOG00000067908
ENSG00000144645	OSBPL10	ENSMUSG00000040875	ENSRNOG00000011435
ENSG00000144647	POMGNT2	ENSMUSG00000066235	ENSRNOG00000019492
ENSG00000144648	ACKR2	ENSMUSG00000044534	ENSRNOG00000019472
ENSG00000144649	GASK1A	ENSMUSG00000038233	ENSRNOG00000025676
ENSG00000144655	CSRNP1	ENSMUSG00000032515	ENSRNOG00000033433
ENSG00000144659	SLC25A38	ENSMUSG00000032519	ENSRNOG00000018552
ENSG00000144668	ITGA9	ENSMUSG00000039115	ENSRNOG00000043167
ENSG00000144671	SLC22A14	ENSMUSG00000070280	ENSRNOG00000042259
ENSG00000144674	GOLGA4	ENSMUSG00000038708	ENSRNOG00000085953
ENSG00000144677	CTDSPL	ENSMUSG00000047409	ENSRNOG00000046257
ENSG00000144681	STAC	ENSMUSG00000032502	ENSRNOG00000008865
ENSG00000144711	IQSEC1	ENSMUSG00000034312	ENSRNOG00000060350
ENSG00000144712	CAND2	ENSMUSG00000030319	ENSRNOG00000010473
ENSG00000144713	RPL32	ENSMUSG00000057841	ENSRNOG00000010746
ENSG00000144724	PTPRG	ENSMUSG00000121513	ENSRNOG00000009419
ENSG00000144730	IL17RD	ENSMUSG00000040717	ENSRNOG00000021966
ENSG00000144736	SHQ1	ENSMUSG00000035378	ENSRNOG00000005433
ENSG00000144741	SLC25A26	ENSMUSG00000045100	ENSRNOG00000012831
ENSG00000144744	UBA3	ENSMUSG00000030061	ENSRNOG00000006221
ENSG00000144746	ARL6IP5	ENSMUSG00000035199	ENSRNOG00000006818
ENSG00000144747	TMF1	ENSMUSG00000030059	ENSRNOG00000056462
ENSG00000144749	LRIG1	ENSMUSG00000030029	ENSRNOG00000012952
ENSG00000144771	LRTM1	ENSMUSG00000045776	ENSRNOG00000067759
ENSG00000144791	LIMD1	ENSMUSG00000025239	ENSRNOG00000004837
ENSG00000144792	ZNF660	ENSMUSG00000111063	ENSRNOG00000053687
ENSG00000144802	NFKBIZ	ENSMUSG00000035356	ENSRNOG00000031163
ENSG00000144810	COL8A1	ENSMUSG00000068196	ENSRNOG00000039668
ENSG00000144815	NXPE3	ENSMUSG00000075033	ENSRNOG00000001608
ENSG00000144820	ADGRG7	ENSMUSG00000022755	ENSRNOG00000001634
ENSG00000144821	MYH15	ENSMUSG00000092009	ENSRNOG00000061038
ENSG00000144824	PHLDB2	ENSMUSG00000033149	ENSRNOG00000002171
ENSG00000144827	ABHD10	ENSMUSG00000033157	ENSRNOG00000054334
ENSG00000144834	TAGLN3	ENSMUSG00000022658	ENSRNOG00000064186
ENSG00000144837	PLA1A	ENSMUSG00000002847	ENSRNOG00000057153
ENSG00000144840	RABL3	ENSMUSG00000022827	ENSRNOG00000026085
ENSG00000144843	ADPRH	ENSMUSG00000002844	ENSRNOG00000027260
ENSG00000144847	IGSF11	ENSMUSG00000022790	ENSRNOG00000001525
ENSG00000144848	ATG3	ENSMUSG00000022663	ENSRNOG00000002094
ENSG00000144852	NR1I2	ENSMUSG00000022809	ENSRNOG00000002906
ENSG00000144857	BOC	ENSMUSG00000022687	ENSRNOG00000002041
ENSG00000144867	SRPRB	ENSMUSG00000032553	ENSRNOG00000030625
ENSG00000144868	TMEM108	ENSMUSG00000042757	ENSRNOG00000010911
ENSG00000144893	MED12L	ENSMUSG00000056476	ENSRNOG00000010680
ENSG00000144895	EIF2A	ENSMUSG00000027810	ENSRNOG00000013393
ENSG00000144908	ALDH1L1	ENSMUSG00000030088	ENSRNOG00000047023
ENSG00000144909	OSBPL11	ENSMUSG00000022807	ENSRNOG00000001782
ENSG00000144935	TRPC1	ENSMUSG00000032839	ENSRNOG00000054902
ENSG00000144959	NCEH1	ENSMUSG00000027698	ENSRNOG00000013313
ENSG00000144962	SPATA16	ENSMUSG00000039335	ENSRNOG00000024521
ENSG00000145012	LPP	ENSMUSG00000033306	ENSRNOG00000031669
ENSG00000145014	TMEM44	ENSMUSG00000022537	ENSRNOG00000001726
ENSG00000145016	RUBCN	ENSMUSG00000035629	ENSRNOG00000059880
ENSG00000145020	AMT	ENSMUSG00000032607	ENSRNOG00000050214
ENSG00000145022	TCTA	ENSMUSG00000039461	ENSRNOG00000048237
ENSG00000145029	NICN1	ENSMUSG00000032606	ENSRNOG00000049083
ENSG00000145041	DCAF1	ENSMUSG00000040325	ENSRNOG00000013841
ENSG00000145050	MANF	ENSMUSG00000032575	ENSRNOG00000014201
ENSG00000145087	STXBP5L	ENSMUSG00000022829	ENSRNOG00000002496
ENSG00000145088	EAF2	ENSMUSG00000022838	ENSRNOG00000002350
ENSG00000145103	ILDR1	ENSMUSG00000022900	ENSRNOG00000002289
ENSG00000145107	TM4SF19	ENSMUSG00000079625	ENSRNOG00000001757
ENSG00000145113	MUC4	ENSMUSG00000118672	ENSRNOG00000089703
ENSG00000145147	SLIT2	ENSMUSG00000031558	ENSRNOG00000003840
ENSG00000145191	EIF2B5	ENSMUSG00000003235	ENSRNOG00000038160
ENSG00000145192	AHSG	ENSMUSG00000022868	ENSRNOG00000038370
ENSG00000145194	ECE2	ENSMUSG00000022842	ENSRNOG00000001715
ENSG00000145198	VWA5B2	ENSMUSG00000046613	ENSRNOG00000001707
ENSG00000145214	DGKQ	ENSMUSG00000004815	ENSRNOG00000024112
ENSG00000145217	SLC26A1	ENSMUSG00000046959	ENSRNOG00000000041
ENSG00000145220	LYAR	ENSMUSG00000067367	ENSRNOG00000005374
ENSG00000145241	CENPC	ENSMUSG00000029253	ENSRNOG00000021776
ENSG00000145242	EPHA5	ENSMUSG00000029245	ENSRNOG00000002024
ENSG00000145244	CORIN	ENSMUSG00000005220	ENSRNOG00000002302
ENSG00000145246	ATP10D	ENSMUSG00000046808	ENSRNOG00000002312
ENSG00000145247	OCIAD2	ENSMUSG00000029153	ENSRNOG00000002196
ENSG00000145248	SLC10A4	ENSMUSG00000060204	ENSRNOG00000026091
ENSG00000145283	SLC10A6	ENSMUSG00000029321	ENSRNOG00000002057
ENSG00000145287	PLAC8	ENSMUSG00000029322	ENSRNOG00000002217
ENSG00000145293	ENOPH1	ENSMUSG00000029326	ENSRNOG00000002262
ENSG00000145309	CABS1	ENSMUSG00000007907	ENSRNOG00000001950
ENSG00000145321	GC	ENSMUSG00000035540	ENSRNOG00000003119
ENSG00000145331	TRMT10A	ENSMUSG00000004127	ENSRNOG00000011025
ENSG00000145332	KLHL8	ENSMUSG00000029312	ENSRNOG00000002214
ENSG00000145335	SNCA	ENSMUSG00000025889	ENSRNOG00000008656
ENSG00000145348	TBCK	ENSMUSG00000028030	ENSRNOG00000011454
ENSG00000145354	CISD2	ENSMUSG00000028165	ENSRNOG00000048258
ENSG00000145358	DDIT4L	ENSMUSG00000046818	ENSRNOG00000010047
ENSG00000145362	ANK2	ENSMUSG00000032826	ENSRNOG00000011076
ENSG00000145365	TIFA	ENSMUSG00000046688	ENSRNOG00000010941
ENSG00000145375	AFG2A	ENSMUSG00000027722	ENSRNOG00000017462
ENSG00000145384	FABP2	ENSMUSG00000023057	ENSRNOG00000024947
ENSG00000145386	CCNA2	ENSMUSG00000027715	ENSRNOG00000015423
ENSG00000145388	METTL14	ENSMUSG00000028114	ENSRNOG00000015250
ENSG00000145390	USP53	ENSMUSG00000039701	ENSRNOG00000014660
ENSG00000145391	SETD7	ENSMUSG00000037111	ENSRNOG00000013045
ENSG00000145414	NAF1	ENSMUSG00000014907	ENSRNOG00000026403
ENSG00000145416	MARCHF1	ENSMUSG00000036469	ENSRNOG00000026310
ENSG00000145423	SFRP2	ENSMUSG00000027996	ENSRNOG00000009465
ENSG00000145431	PDGFC	ENSMUSG00000028019	ENSRNOG00000010695
ENSG00000145439	CBR4	ENSMUSG00000031641	ENSRNOG00000024411
ENSG00000145451	GLRA3	ENSMUSG00000038257	ENSRNOG00000049792
ENSG00000145476	CYP4V2	ENSMUSG00000079057	ENSRNOG00000042426
ENSG00000145491	ROPN1L	ENSMUSG00000022236	ENSRNOG00000042781
ENSG00000145495	MARCHF6	ENSMUSG00000039100	ENSRNOG00000011066
ENSG00000145506	NKD2	ENSMUSG00000021567	ENSRNOG00000016103
ENSG00000145526	CDH18	ENSMUSG00000040420	ENSRNOG00000010535
ENSG00000145536	ADAMTS16	ENSMUSG00000049538	ENSRNOG00000016812
ENSG00000145545	SRD5A1	ENSMUSG00000021594	ENSRNOG00000017601
ENSG00000145555	MYO10	ENSMUSG00000022272	ENSRNOG00000010161
ENSG00000145569	OTULINL	ENSMUSG00000056069	ENSRNOG00000012109
ENSG00000145592	RPL37	ENSMUSG00000041841	ENSRNOG00000064545
ENSG00000145604	SKP2	ENSMUSG00000054115	ENSRNOG00000059059
ENSG00000145623	OSMR	ENSMUSG00000022146	ENSRNOG00000033192
ENSG00000145632	PLK2	ENSMUSG00000021701	ENSRNOG00000011951
ENSG00000145642	SHISAL2B	ENSMUSG00000042655	ENSRNOG00000013372
ENSG00000145649	GZMA	ENSMUSG00000023132	ENSRNOG00000010603
ENSG00000145675	PIK3R1	ENSMUSG00000041417	ENSRNOG00000018903
ENSG00000145681	HAPLN1	ENSMUSG00000021613	ENSRNOG00000032002
ENSG00000145685	LHFPL2	ENSMUSG00000045312	ENSRNOG00000011032
ENSG00000145687	SSBP2	ENSMUSG00000003992	ENSRNOG00000016213
ENSG00000145700	ANKRD31	ENSMUSG00000109561	ENSRNOG00000025321
ENSG00000145703	IQGAP2	ENSMUSG00000021676	ENSRNOG00000025406
ENSG00000145708	CRHBP	ENSMUSG00000021680	ENSRNOG00000017890
ENSG00000145715	RASA1	ENSMUSG00000021549	ENSRNOG00000029185
ENSG00000145721	LIX1	ENSMUSG00000047786	ENSRNOG00000012988
ENSG00000145723	GIN1	ENSMUSG00000026333	ENSRNOG00000011962
ENSG00000145725	PPIP5K2	ENSMUSG00000040648	ENSRNOG00000011613
ENSG00000145730	PAM	ENSMUSG00000026335	ENSRNOG00000033280
ENSG00000145734	BDP1	ENSMUSG00000049658	ENSRNOG00000017864
ENSG00000145740	SLC30A5	ENSMUSG00000021629	ENSRNOG00000018746
ENSG00000145743	FBXL17	ENSMUSG00000023965	ENSRNOG00000081964
ENSG00000145757	SPATA9	ENSMUSG00000021590	ENSRNOG00000012770
ENSG00000145777	TSLP	ENSMUSG00000024379	ENSRNOG00000058856
ENSG00000145779	TNFAIP8	ENSMUSG00000062210	ENSRNOG00000026136
ENSG00000145780	FEM1C	ENSMUSG00000033319	ENSRNOG00000003578
ENSG00000145781	COMMD10	ENSMUSG00000042705	ENSRNOG00000003958
ENSG00000145782	ATG12	ENSMUSG00000032905	ENSRNOG00000000157
ENSG00000145794	MEGF10	ENSMUSG00000024593	ENSRNOG00000013674
ENSG00000145808	ADAMTS19	ENSMUSG00000053441	ENSRNOG00000019577
ENSG00000145817	YIPF5	ENSMUSG00000024487	ENSRNOG00000014564
ENSG00000145819	ARHGAP26	ENSMUSG00000036452	ENSRNOG00000013920
ENSG00000145824	CXCL14	ENSMUSG00000021508	ENSRNOG00000011984
ENSG00000145826	LECT2	ENSMUSG00000021539	ENSRNOG00000012189
ENSG00000145832	SLC25A48	ENSMUSG00000021509	ENSRNOG00000012040
ENSG00000145833	DDX46	ENSMUSG00000021500	ENSRNOG00000021637
ENSG00000145839	IL9	ENSMUSG00000021538	ENSRNOG00000012131
ENSG00000145850	TIMD4	ENSMUSG00000055546	ENSRNOG00000038894
ENSG00000145860	RNF145	ENSMUSG00000019189	ENSRNOG00000004602
ENSG00000145861	C1QTNF2	ENSMUSG00000046491	ENSRNOG00000003870
ENSG00000145863	GABRA6	ENSMUSG00000020428	ENSRNOG00000003569
ENSG00000145864	GABRB2	ENSMUSG00000007653	ENSRNOG00000003680
ENSG00000145868	FBXO38	ENSMUSG00000042211	ENSRNOG00000019063
ENSG00000145879	SPINK7	ENSMUSG00000060201	ENSRNOG00000032873
ENSG00000145882	PCYOX1L	ENSMUSG00000024579	ENSRNOG00000019643
ENSG00000145888	GLRA1	ENSMUSG00000000263	ENSRNOG00000013588
ENSG00000145901	TNIP1	ENSMUSG00000020400	ENSRNOG00000010370
ENSG00000145907	G3BP1	ENSMUSG00000018583	ENSRNOG00000013186
ENSG00000145911	N4BP3	ENSMUSG00000001053	ENSRNOG00000021731
ENSG00000145912	NHP2	ENSMUSG00000001056	ENSRNOG00000075550
ENSG00000145916	RMND5B	ENSMUSG00000001054	ENSRNOG00000047396
ENSG00000145920	CPLX2	ENSMUSG00000025867	ENSRNOG00000000105
ENSG00000145934	TENM2	ENSMUSG00000049336	ENSRNOG00000027341
ENSG00000145936	KCNMB1	ENSMUSG00000020155	ENSRNOG00000005465
ENSG00000145945	FAM50B	ENSMUSG00000038246	ENSRNOG00000017083
ENSG00000145949	MYLK4	ENSMUSG00000044951	ENSRNOG00000070083
ENSG00000145975	FAM217A	ENSMUSG00000021414	ENSRNOG00000016672
ENSG00000145979	TBC1D7	ENSMUSG00000021368	ENSRNOG00000014019
ENSG00000145982	FARS2	ENSMUSG00000021420	ENSRNOG00000016135
ENSG00000145990	GFOD1	ENSMUSG00000051335	ENSRNOG00000068332
ENSG00000145996	CDKAL1	ENSMUSG00000006191	ENSRNOG00000018381
ENSG00000146005	PSD2	ENSMUSG00000024347	ENSRNOG00000019177
ENSG00000146006	LRRTM2	ENSMUSG00000071862	ENSRNOG00000047085
ENSG00000146007	ZMAT2	ENSMUSG00000001383	ENSRNOG00000072190
ENSG00000146013	GFRA3	ENSMUSG00000024366	ENSRNOG00000020309
ENSG00000146021	KLHL3	ENSMUSG00000014164	ENSRNOG00000019533
ENSG00000146038	DCDC2	ENSMUSG00000035910	ENSRNOG00000017511
ENSG00000146039	SLC17A4	ENSMUSG00000021336	ENSRNOG00000022505
ENSG00000146047	H2BC1	ENSMUSG00000050799	ENSRNOG00000084925
ENSG00000146054	TRIM7	ENSMUSG00000040350	ENSRNOG00000002469
ENSG00000146063	TRIM41	ENSMUSG00000040365	ENSRNOG00000002388
ENSG00000146067	FAM193B	ENSMUSG00000021495	ENSRNOG00000039807
ENSG00000146070	PLA2G7	ENSMUSG00000023913	ENSRNOG00000025691
ENSG00000146072	TNFRSF21	ENSMUSG00000023915	ENSRNOG00000011517
ENSG00000146083	RNF44	ENSMUSG00000034928	ENSRNOG00000017641
ENSG00000146085	MMUT	ENSMUSG00000023921	ENSRNOG00000050843
ENSG00000146090	RASGEF1C	ENSMUSG00000020374	ENSRNOG00000003005
ENSG00000146094	DOK3	ENSMUSG00000035711	ENSRNOG00000013564
ENSG00000146109	ABT1	ENSMUSG00000036376	ENSRNOG00000017585
ENSG00000146112	PPP1R18	ENSMUSG00000034595	ENSRNOG00000071251
ENSG00000146122	DAAM2	ENSMUSG00000040260	ENSRNOG00000053945
ENSG00000146143	PRIM2	ENSMUSG00000026134	ENSRNOG00000012486
ENSG00000146147	MLIP	ENSMUSG00000032355	ENSRNOG00000005934
ENSG00000146151	HMGCLL1	ENSMUSG00000007908	ENSRNOG00000011193
ENSG00000146166	LGSN	ENSMUSG00000050217	ENSRNOG00000012205
ENSG00000146192	FGD2	ENSMUSG00000024013	ENSRNOG00000000528
ENSG00000146197	SCUBE3	ENSMUSG00000038677	ENSRNOG00000000500
ENSG00000146205	ANO7	ENSMUSG00000034107	ENSRNOG00000023427
ENSG00000146215	CRIP3	ENSMUSG00000023968	ENSRNOG00000018613
ENSG00000146216	TTBK1	ENSMUSG00000015599	ENSRNOG00000018416
ENSG00000146221	DRC5	ENSMUSG00000023949	ENSRNOG00000065569
ENSG00000146223	RPL7L1	ENSMUSG00000063888	ENSRNOG00000016269
ENSG00000146232	NFKBIE	ENSMUSG00000023947	ENSRNOG00000019907
ENSG00000146233	CYP39A1	ENSMUSG00000023963	ENSRNOG00000010519
ENSG00000146242	TPBG	ENSMUSG00000035274	ENSRNOG00000010694
ENSG00000146243	IRAK1BP1	ENSMUSG00000032251	ENSRNOG00000008984
ENSG00000146247	PHIP	ENSMUSG00000032253	ENSRNOG00000008652
ENSG00000146250	PRSS35	ENSMUSG00000033491	ENSRNOG00000025184
ENSG00000146263	MMS22L	ENSMUSG00000045751	ENSRNOG00000006996
ENSG00000146267	FAXC	ENSMUSG00000028246	ENSRNOG00000010106
ENSG00000146276	GABRR1	ENSMUSG00000028280	ENSRNOG00000007603
ENSG00000146278	PNRC1	ENSMUSG00000040128	ENSRNOG00000007793
ENSG00000146281	PM20D2	ENSMUSG00000054659	ENSRNOG00000007755
ENSG00000146282	RARS2	ENSMUSG00000028292	ENSRNOG00000008643
ENSG00000146285	SCML4	ENSMUSG00000044770	ENSRNOG00000026110
ENSG00000146350	TBC1D32	ENSMUSG00000038122	ENSRNOG00000000802
ENSG00000146352	CLVS2	ENSMUSG00000019785	ENSRNOG00000012122
ENSG00000146360	GPR6	ENSMUSG00000046922	ENSRNOG00000049580
ENSG00000146373	RNF217	ENSMUSG00000063760	ENSRNOG00000013323
ENSG00000146374	RSPO3	ENSMUSG00000019880	ENSRNOG00000011568
ENSG00000146376	ARHGAP18	ENSMUSG00000039031	ENSRNOG00000011245
ENSG00000146378	TAAR2	ENSMUSG00000059763	ENSRNOG00000025951
ENSG00000146386	ABRACL	ENSMUSG00000078453	ENSRNOG00000085760
ENSG00000146399	TAAR1	ENSMUSG00000056379	ENSRNOG00000016073
ENSG00000146409	SLC18B1	ENSMUSG00000037455	ENSRNOG00000016371
ENSG00000146410	MTFR2	ENSMUSG00000019992	ENSRNOG00000078862
ENSG00000146411	SLC2A12	ENSMUSG00000037490	ENSRNOG00000011161
ENSG00000146414	SHPRH	ENSMUSG00000090112	ENSRNOG00000014450
ENSG00000146416	AIG1	ENSMUSG00000019806	ENSRNOG00000010753
ENSG00000146426	TIAM2	ENSMUSG00000023800	ENSRNOG00000016728
ENSG00000146433	TMEM181	ENSMUSG00000038141	ENSRNOG00000018158
ENSG00000146453	PNLDC1	ENSMUSG00000073460	ENSRNOG00000023140
ENSG00000146457	WTAP	ENSMUSG00000060475	ENSRNOG00000019091
ENSG00000146463	ZMYM4	ENSMUSG00000042446	ENSRNOG00000012397
ENSG00000146469	VIP	ENSMUSG00000019772	ENSRNOG00000018808
ENSG00000146476	DCPH1	ENSMUSG00000061759	ENSRNOG00000019489
ENSG00000146477	SLC22A3	ENSMUSG00000023828	ENSRNOG00000022946
ENSG00000146535	GNA12	ENSMUSG00000000149	ENSRNOG00000001235
ENSG00000146540	CHLSN	ENSMUSG00000053553	ENSRNOG00000001289
ENSG00000146555	SDK1	ENSMUSG00000039683	ENSRNOG00000001103
ENSG00000146576	INTS15	ENSMUSG00000039244	ENSRNOG00000024567
ENSG00000146587	RBAK	ENSMUSG00000061898	ENSRNOG00000001099
ENSG00000146592	CREB5	ENSMUSG00000053007	ENSRNOG00000008622
ENSG00000146618	FERD3L	ENSMUSG00000046518	ENSRNOG00000011091
ENSG00000146648	EGFR	ENSMUSG00000020122	ENSRNOG00000004332
ENSG00000146670	CDCA5	ENSMUSG00000024791	ENSRNOG00000046635
ENSG00000146674	IGFBP3	ENSMUSG00000020427	ENSRNOG00000061910
ENSG00000146676	PURB	ENSMUSG00000094483	ENSRNOG00000062895
ENSG00000146678	IGFBP1	ENSMUSG00000020429	ENSRNOG00000058780
ENSG00000146700	SSC4D	ENSMUSG00000029699	ENSRNOG00000001435
ENSG00000146701	MDH2	ENSMUSG00000019179	ENSRNOG00000001440
ENSG00000146729	NIPSNAP2	ENSMUSG00000029432	ENSRNOG00000023919
ENSG00000146731	CCT6A	ENSMUSG00000029447	ENSRNOG00000000923
ENSG00000146733	PSPH	ENSMUSG00000029446	ENSRNOG00000000925
ENSG00000146755	TRIM50	ENSMUSG00000053388	ENSRNOG00000022483
ENSG00000146776	ATXN7L1	ENSMUSG00000020564	ENSRNOG00000010415
ENSG00000146802	TMEM168	ENSMUSG00000029569	ENSRNOG00000057290
ENSG00000146809	ASB15	ENSMUSG00000029685	ENSRNOG00000006365
ENSG00000146826	TRAPPC14	ENSMUSG00000036948	ENSRNOG00000039214
ENSG00000146828	SLC12A9	ENSMUSG00000037344	ENSRNOG00000048487
ENSG00000146830	GIGYF1	ENSMUSG00000029714	ENSRNOG00000001410
ENSG00000146834	MEPCE	ENSMUSG00000029726	ENSRNOG00000001387
ENSG00000146839	ZAN	ENSMUSG00000079173	ENSRNOG00000067638
ENSG00000146842	TMEM209	ENSMUSG00000029782	ENSRNOG00000028219
ENSG00000146856	AGBL3	ENSMUSG00000038836	ENSRNOG00000010397
ENSG00000146857	STRA8	ENSMUSG00000029848	ENSRNOG00000010573
ENSG00000146858	ZC3HAV1L	ENSMUSG00000047749	ENSRNOG00000013944
ENSG00000146859	TMEM140	ENSMUSG00000057137	ENSRNOG00000026965
ENSG00000146872	TLK2	ENSMUSG00000020694	ENSRNOG00000006285
ENSG00000146904	EPHA1	ENSMUSG00000029859	ENSRNOG00000017525
ENSG00000146909	NOM1	ENSMUSG00000001569	ENSRNOG00000048969
ENSG00000146918	NCAPG2	ENSMUSG00000042029	ENSRNOG00000004968
ENSG00000146926	ASB10	ENSMUSG00000038204	ENSRNOG00000024885
ENSG00000146950	SHROOM2	ENSMUSG00000045180	ENSRNOG00000024322
ENSG00000146955	RAB19	ENSMUSG00000029923	ENSRNOG00000009030
ENSG00000146963	LUC7L2	ENSMUSG00000029823	ENSRNOG00000006001
ENSG00000146966	DENND2A	ENSMUSG00000038456	ENSRNOG00000026748
ENSG00000147003	CLTRN	ENSMUSG00000015401	ENSRNOG00000003960
ENSG00000147010	SH3KBP1	ENSMUSG00000040990	ENSRNOG00000004322
ENSG00000147027	TMEM47	ENSMUSG00000025666	ENSRNOG00000030418
ENSG00000147036	LANCL3	ENSMUSG00000047344	ENSRNOG00000003756
ENSG00000147041	SYTL5	ENSMUSG00000054453	ENSRNOG00000003585
ENSG00000147044	CASK	ENSMUSG00000031012	ENSRNOG00000060946
ENSG00000147050	KDM6A	ENSMUSG00000037369	ENSRNOG00000052721
ENSG00000147065	MSN	ENSMUSG00000031207	ENSRNOG00000030118
ENSG00000147081	AKAP4	ENSMUSG00000050089	ENSRNOG00000002921
ENSG00000147082	CCNB3	ENSMUSG00000051592	ENSRNOG00000002951
ENSG00000147099	HDAC8	ENSMUSG00000067567	ENSRNOG00000003122
ENSG00000147100	SLC16A2	ENSMUSG00000033965	ENSRNOG00000002832
ENSG00000147113	DIPK2B	ENSMUSG00000037358	ENSRNOG00000004265
ENSG00000147118	ZNF182	ENSMUSG00000054737	ENSRNOG00000047132
ENSG00000147119	CHST7	ENSMUSG00000037347	ENSRNOG00000077798
ENSG00000147130	ZMYM3	ENSMUSG00000031310	ENSRNOG00000003707
ENSG00000147138	GPR174	ENSMUSG00000073008	ENSRNOG00000032970
ENSG00000147140	NONO	ENSMUSG00000031311	ENSRNOG00000003689
ENSG00000147144	CCDC120	ENSMUSG00000031150	ENSRNOG00000009687
ENSG00000147145	LPAR4	ENSMUSG00000049929	ENSRNOG00000002428
ENSG00000147155	EBP	ENSMUSG00000031168	ENSRNOG00000004903
ENSG00000147160	AWAT2	ENSMUSG00000031220	ENSRNOG00000003030
ENSG00000147162	OGT	ENSMUSG00000034160	ENSRNOG00000003359
ENSG00000147164	SNX12	ENSMUSG00000046032	ENSRNOG00000004036
ENSG00000147166	ITGB1BP2	ENSMUSG00000031312	ENSRNOG00000003596
ENSG00000147168	IL2RG	ENSMUSG00000031304	ENSRNOG00000003954
ENSG00000147180	ZNF711	ENSMUSG00000025529	ENSRNOG00000022391
ENSG00000147202	DIAPH2	ENSMUSG00000034480	ENSRNOG00000057826
ENSG00000147206	NXF3	ENSMUSG00000057000	ENSRNOG00000028751
ENSG00000147223	RIPPLY1	ENSMUSG00000072945	ENSRNOG00000061101
ENSG00000147231	RADX	ENSMUSG00000042498	ENSRNOG00000011120
ENSG00000147234	FRMPD3	ENSMUSG00000042425	ENSRNOG00000065509
ENSG00000147251	DOCK11	ENSMUSG00000031093	ENSRNOG00000013321
ENSG00000147255	IGSF1	ENSMUSG00000031111	ENSRNOG00000007600
ENSG00000147256	ARHGAP36	ENSMUSG00000036198	ENSRNOG00000007552
ENSG00000147257	GPC3	ENSMUSG00000055653	ENSRNOG00000060179
ENSG00000147262	GPR119	ENSMUSG00000051209	ENSRNOG00000024517
ENSG00000147316	MCPH1	ENSMUSG00000039842	ENSRNOG00000028586
ENSG00000147324	MFHAS1	ENSMUSG00000070056	ENSRNOG00000011431
ENSG00000147364	FBXO25	ENSMUSG00000038365	ENSRNOG00000042464
ENSG00000147378	FATE1	ENSMUSG00000053593	ENSRNOG00000066670
ENSG00000147383	NSDHL	ENSMUSG00000031349	ENSRNOG00000057814
ENSG00000147394	ZNF185	ENSMUSG00000031351	ENSRNOG00000051704
ENSG00000147400	CETN2	ENSMUSG00000031347	ENSRNOG00000059593
ENSG00000147408	CSGALNACT1	ENSMUSG00000036356	ENSRNOG00000013024
ENSG00000147416	ATP6V1B2	ENSMUSG00000006273	ENSRNOG00000011891
ENSG00000147419	CCDC25	ENSMUSG00000022035	ENSRNOG00000015939
ENSG00000147421	HMBOX1	ENSMUSG00000021972	ENSRNOG00000013326
ENSG00000147432	CHRNB3	ENSMUSG00000031492	ENSRNOG00000012448
ENSG00000147434	CHRNA6	ENSMUSG00000031491	ENSRNOG00000012283
ENSG00000147437	GNRH1	ENSMUSG00000015812	ENSRNOG00000066847
ENSG00000147439	BIN3	ENSMUSG00000022089	ENSRNOG00000018023
ENSG00000147443	DOK2	ENSMUSG00000022102	ENSRNOG00000013922
ENSG00000147454	SLC25A37	ENSMUSG00000034248	ENSRNOG00000015495
ENSG00000147457	CHMP7	ENSMUSG00000034190	ENSRNOG00000016939
ENSG00000147459	DOCK5	ENSMUSG00000044447	ENSRNOG00000024703
ENSG00000147465	STAR	ENSMUSG00000031574	ENSRNOG00000015052
ENSG00000147471	PLPBP	ENSMUSG00000031485	ENSRNOG00000013751
ENSG00000147475	ERLIN2	ENSMUSG00000031483	ENSRNOG00000013763
ENSG00000147481	SNTG1	ENSMUSG00000025909	ENSRNOG00000007294
ENSG00000147488	ST18	ENSMUSG00000033740	ENSRNOG00000006200
ENSG00000147509	RGS20	ENSMUSG00000002459	ENSRNOG00000008100
ENSG00000147526	TACC1	ENSMUSG00000065954	ENSRNOG00000016423
ENSG00000147533	GOLGA7	ENSMUSG00000015341	ENSRNOG00000017956
ENSG00000147535	PLPP5	ENSMUSG00000031570	ENSRNOG00000069017
ENSG00000147536	GINS4	ENSMUSG00000031546	ENSRNOG00000018040
ENSG00000147548	NSD3	ENSMUSG00000054823	ENSRNOG00000015621
ENSG00000147570	DNAJC5B	ENSMUSG00000027606	ENSRNOG00000012851
ENSG00000147571	CRH	ENSMUSG00000049796	ENSRNOG00000012703
ENSG00000147573	TRIM55	ENSMUSG00000060913	ENSRNOG00000012723
ENSG00000147576	ADHFE1	ENSMUSG00000025911	ENSRNOG00000007069
ENSG00000147586	MRPS28	ENSMUSG00000040269	ENSRNOG00000032630
ENSG00000147588	PMP2	ENSMUSG00000052468	ENSRNOG00000022707
ENSG00000147592	LACTB2	ENSMUSG00000025937	ENSRNOG00000007829
ENSG00000147596	PRDM14	ENSMUSG00000042414	ENSRNOG00000021792
ENSG00000147601	TERF1	ENSMUSG00000025925	ENSRNOG00000007291
ENSG00000147606	SLC26A7	ENSMUSG00000040569	ENSRNOG00000006096
ENSG00000147614	ATP6V0D2	ENSMUSG00000028238	ENSRNOG00000006926
ENSG00000147642	SYBU	ENSMUSG00000022340	ENSRNOG00000004200
ENSG00000147647	DPYS	ENSMUSG00000022304	ENSRNOG00000004298
ENSG00000147649	MTDH	ENSMUSG00000022255	ENSRNOG00000006870
ENSG00000147650	LRP12	ENSMUSG00000022305	ENSRNOG00000004152
ENSG00000147654	EBAG9	ENSMUSG00000022339	ENSRNOG00000004220
ENSG00000147655	RSPO2	ENSMUSG00000051920	ENSRNOG00000037687
ENSG00000147676	MAL2	ENSMUSG00000024479	ENSRNOG00000008615
ENSG00000147677	EIF3H	ENSMUSG00000022312	ENSRNOG00000004252
ENSG00000147679	UTP23	ENSMUSG00000022313	ENSRNOG00000063314
ENSG00000147684	NDUFB9	ENSMUSG00000022354	ENSRNOG00000085848
ENSG00000147687	TATDN1	ENSMUSG00000050891	ENSRNOG00000047198
ENSG00000147689	FAM83A	ENSMUSG00000051225	ENSRNOG00000006251
ENSG00000147724	FAM135B	ENSMUSG00000036800	ENSRNOG00000005159
ENSG00000147789	ZNF7	ENSMUSG00000033669	ENSRNOG00000050695
ENSG00000147799	ARHGAP39	ENSMUSG00000033697	ENSRNOG00000016566
ENSG00000147804	SLC39A4	ENSMUSG00000063354	ENSRNOG00000014314
ENSG00000147813	NAPRT	ENSMUSG00000022574	ENSRNOG00000007939
ENSG00000147852	VLDLR	ENSMUSG00000024924	ENSRNOG00000027491
ENSG00000147853	AK3	ENSMUSG00000024782	ENSRNOG00000052506
ENSG00000147854	UHRF2	ENSMUSG00000024817	ENSRNOG00000011308
ENSG00000147862	NFIB	ENSMUSG00000008575	ENSRNOG00000009795
ENSG00000147869	CER1	ENSMUSG00000038192	ENSRNOG00000010518
ENSG00000147872	PLIN2	ENSMUSG00000028494	ENSRNOG00000007060
ENSG00000147874	HAUS6	ENSMUSG00000038047	ENSRNOG00000046028
ENSG00000147883	CDKN2B	ENSMUSG00000073802	ENSRNOG00000006735
ENSG00000147889	CDKN2A	ENSMUSG00000044303	ENSRNOG00000059837
ENSG00000147894	C9orf72	ENSMUSG00000028300	ENSRNOG00000009478
ENSG00000147896	IFNK	ENSMUSG00000042993	ENSRNOG00000022990
ENSG00000147905	ZCCHC7	ENSMUSG00000035649	ENSRNOG00000013078
ENSG00000147912	FBXO10	ENSMUSG00000048232	ENSRNOG00000012634
ENSG00000147955	SIGMAR1	ENSMUSG00000036078	ENSRNOG00000014604
ENSG00000148019	CEP78	ENSMUSG00000041491	ENSRNOG00000014041
ENSG00000148053	NTRK2	ENSMUSG00000055254	ENSRNOG00000018839
ENSG00000148057	IDNK	ENSMUSG00000050002	ENSRNOG00000019519
ENSG00000148082	SHC3	ENSMUSG00000021448	ENSRNOG00000014366
ENSG00000148090	AUH	ENSMUSG00000021460	ENSRNOG00000011684
ENSG00000148110	SLC71A2	ENSMUSG00000038212	ENSRNOG00000018227
ENSG00000148120	AOPEP	ENSMUSG00000021458	ENSRNOG00000017505
ENSG00000148123	PLPPR1	ENSMUSG00000063446	ENSRNOG00000007575
ENSG00000148143	ZNF462	ENSMUSG00000060206	ENSRNOG00000032048
ENSG00000148154	UGCG	ENSMUSG00000028381	ENSRNOG00000015644
ENSG00000148156	ACTL7B	ENSMUSG00000070980	ENSRNOG00000016621
ENSG00000148158	SNX30	ENSMUSG00000028385	ENSRNOG00000017132
ENSG00000148175	STOM	ENSMUSG00000026880	ENSRNOG00000019147
ENSG00000148180	GSN	ENSMUSG00000026879	ENSRNOG00000018991
ENSG00000148187	MRRF	ENSMUSG00000026887	ENSRNOG00000025997
ENSG00000148200	NR6A1	ENSMUSG00000063972	ENSRNOG00000013232
ENSG00000148204	CRB2	ENSMUSG00000035403	ENSRNOG00000025498
ENSG00000148215	OR5C1	ENSMUSG00000049018	ENSRNOG00000008003
ENSG00000148218	ALAD	ENSMUSG00000028393	ENSRNOG00000015206
ENSG00000148219	ASTN2	ENSMUSG00000028373	ENSRNOG00000060105
ENSG00000148225	WDR31	ENSMUSG00000028391	ENSRNOG00000014869
ENSG00000148248	SURF4	ENSMUSG00000014867	ENSRNOG00000005247
ENSG00000148291	SURF2	ENSMUSG00000014873	ENSRNOG00000066832
ENSG00000148296	SURF6	ENSMUSG00000036160	ENSRNOG00000005031
ENSG00000148297	MED22	ENSMUSG00000015776	ENSRNOG00000005059
ENSG00000148300	REXO4	ENSMUSG00000052406	ENSRNOG00000027867
ENSG00000148303	RPL7A	ENSMUSG00000062647	ENSRNOG00000080936
ENSG00000148308	GTF3C5	ENSMUSG00000026816	ENSRNOG00000010981
ENSG00000148331	ASB6	ENSMUSG00000039483	ENSRNOG00000024786
ENSG00000148334	PTGES2	ENSMUSG00000026820	ENSRNOG00000014050
ENSG00000148335	NTMT1	ENSMUSG00000026857	ENSRNOG00000024809
ENSG00000148337	CIZ1	ENSMUSG00000039205	ENSRNOG00000013442
ENSG00000148339	SLC25A25	ENSMUSG00000026819	ENSRNOG00000014338
ENSG00000148341	SH3GLB2	ENSMUSG00000026860	ENSRNOG00000017295
ENSG00000148343	MIGA2	ENSMUSG00000026858	ENSRNOG00000017513
ENSG00000148344	PTGES	ENSMUSG00000050737	ENSRNOG00000076770
ENSG00000148346	LCN2	ENSMUSG00000026822	ENSRNOG00000013973
ENSG00000148356	LRSAM1	ENSMUSG00000026792	ENSRNOG00000022312
ENSG00000148357	HMCN2	ENSMUSG00000055632	ENSRNOG00000064166
ENSG00000148358	GPR107	ENSMUSG00000000194	ENSRNOG00000023589
ENSG00000148384	INPP5E	ENSMUSG00000026925	ENSRNOG00000019039
ENSG00000148386	LCN9	ENSMUSG00000023210	ENSRNOG00000027821
ENSG00000148396	SEC16A	ENSMUSG00000026924	ENSRNOG00000019122
ENSG00000148399	DPH7	ENSMUSG00000026975	ENSRNOG00000008102
ENSG00000148400	NOTCH1	ENSMUSG00000026923	ENSRNOG00000019322
ENSG00000148408	CACNA1B	ENSMUSG00000004113	ENSRNOG00000004560
ENSG00000148411	NACC2	ENSMUSG00000026932	ENSRNOG00000018231
ENSG00000148426	PROSER2	ENSMUSG00000045319	ENSRNOG00000045553
ENSG00000148429	USP6NL	ENSMUSG00000039046	ENSRNOG00000017644
ENSG00000148444	COMMD3	ENSMUSG00000051154	ENSRNOG00000016383
ENSG00000148450	MSRB2	ENSMUSG00000023094	ENSRNOG00000016873
ENSG00000148459	PDSS1	ENSMUSG00000026784	ENSRNOG00000048849
ENSG00000148468	FAM171A1	ENSMUSG00000050530	ENSRNOG00000016534
ENSG00000148481	MINDY3	ENSMUSG00000026767	ENSRNOG00000016955
ENSG00000148482	SLC39A12	ENSMUSG00000036949	ENSRNOG00000025639
ENSG00000148483	TMEM236	ENSMUSG00000061531	ENSRNOG00000037982
ENSG00000148484	RSU1	ENSMUSG00000026727	ENSRNOG00000017595
ENSG00000148488	ST8SIA6	ENSMUSG00000003418	ENSRNOG00000064205
ENSG00000148498	PARD3	ENSMUSG00000025812	ENSRNOG00000032437
ENSG00000148516	ZEB1	ENSMUSG00000024238	ENSRNOG00000017863
ENSG00000148541	FAM13C	ENSMUSG00000043259	ENSRNOG00000000275
ENSG00000148584	A1CF	ENSMUSG00000052595	ENSRNOG00000033195
ENSG00000148600	CDHR1	ENSMUSG00000021803	ENSRNOG00000013330
ENSG00000148602	LRIT1	ENSMUSG00000041044	ENSRNOG00000012790
ENSG00000148604	RGR	ENSMUSG00000021804	ENSRNOG00000012396
ENSG00000148606	POLR3A	ENSMUSG00000025280	ENSRNOG00000010008
ENSG00000148634	HERC4	ENSMUSG00000020064	ENSRNOG00000061040
ENSG00000148655	LRMDA	ENSMUSG00000063458	ENSRNOG00000069198
ENSG00000148660	CAMK2G	ENSMUSG00000021820	ENSRNOG00000009783
ENSG00000148677	ANKRD1	ENSMUSG00000024803	ENSRNOG00000018598
ENSG00000148680	HTR7	ENSMUSG00000024798	ENSRNOG00000018827
ENSG00000148688	RPP30	ENSMUSG00000024800	ENSRNOG00000018718
ENSG00000148690	FRA10AC1	ENSMUSG00000054237	ENSRNOG00000015235
ENSG00000148700	ADD3	ENSMUSG00000025026	ENSRNOG00000012820
ENSG00000148702	HABP2	ENSMUSG00000025075	ENSRNOG00000016659
ENSG00000148704	VAX1	ENSMUSG00000006270	ENSRNOG00000008824
ENSG00000148719	DNAJB12	ENSMUSG00000020109	ENSRNOG00000030408
ENSG00000148730	EIF4EBP2	ENSMUSG00000020091	ENSRNOG00000070935
ENSG00000148734	NPFFR1	ENSMUSG00000020090	ENSRNOG00000000559
ENSG00000148735	PLEKHS1	ENSMUSG00000035818	ENSRNOG00000072172
ENSG00000148737	TCF7L2	ENSMUSG00000024985	ENSRNOG00000049232
ENSG00000148773	MKI67	ENSMUSG00000031004	ENSRNOG00000028137
ENSG00000148795	CYP17A1	ENSMUSG00000003555	ENSRNOG00000020035
ENSG00000148798	INA	ENSMUSG00000034336	ENSRNOG00000020248
ENSG00000148803	FUOM	ENSMUSG00000025466	ENSRNOG00000018476
ENSG00000148814	LRRC27	ENSMUSG00000015980	ENSRNOG00000017538
ENSG00000148824	MTG1	ENSMUSG00000039018	ENSRNOG00000018860
ENSG00000148826	NKX6-2	ENSMUSG00000041309	ENSRNOG00000017748
ENSG00000148832	PAOX	ENSMUSG00000025464	ENSRNOG00000018838
ENSG00000148834	GSTO1	ENSMUSG00000025068	ENSRNOG00000071889
ENSG00000148835	TAF5	ENSMUSG00000025049	ENSRNOG00000020274
ENSG00000148840	PPRC1	ENSMUSG00000055491	ENSRNOG00000018561
ENSG00000148841	ITPRIP	ENSMUSG00000117975	ENSRNOG00000046036
ENSG00000148842	CNNM2	ENSMUSG00000064105	ENSRNOG00000020113
ENSG00000148843	PDCD11	ENSMUSG00000025047	ENSRNOG00000020304
ENSG00000148848	ADAM12	ENSMUSG00000054555	ENSRNOG00000018384
ENSG00000148908	RGS10	ENSMUSG00000030844	ENSRNOG00000042592
ENSG00000148926	ADM	ENSMUSG00000030790	ENSRNOG00000027030
ENSG00000148935	GAS2	ENSMUSG00000030498	ENSRNOG00000016717
ENSG00000148942	SLC5A12	ENSMUSG00000041644	ENSRNOG00000028008
ENSG00000148943	LIN7C	ENSMUSG00000027162	ENSRNOG00000062543
ENSG00000148948	LRRC4C	ENSMUSG00000050587	ENSRNOG00000029798
ENSG00000148950	IMMP1L	ENSMUSG00000042670	ENSRNOG00000004829
ENSG00000148965	SAA4	ENSMUSG00000040017	ENSRNOG00000090606
ENSG00000149016	TUT1	ENSMUSG00000071645	ENSRNOG00000020075
ENSG00000149021	SCGB1A1	ENSMUSG00000024653	ENSRNOG00000020196
ENSG00000149043	SYT8	ENSMUSG00000031098	ENSRNOG00000020245
ENSG00000149084	HSD17B12	ENSMUSG00000027195	ENSRNOG00000009630
ENSG00000149089	APIP	ENSMUSG00000010911	ENSRNOG00000007446
ENSG00000149090	PAMR1	ENSMUSG00000027188	ENSRNOG00000005348
ENSG00000149091	DGKZ	ENSMUSG00000040479	ENSRNOG00000017737
ENSG00000149100	EIF3M	ENSMUSG00000027170	ENSRNOG00000012738
ENSG00000149115	TNKS1BP1	ENSMUSG00000033955	ENSRNOG00000009195
ENSG00000149124	GLYAT	ENSMUSG00000063683	ENSRNOG00000012142
ENSG00000149131	SERPING1	ENSMUSG00000023224	ENSRNOG00000007457
ENSG00000149136	SSRP1	ENSMUSG00000027067	ENSRNOG00000008825
ENSG00000149150	SLC43A1	ENSMUSG00000027075	ENSRNOG00000008243
ENSG00000149177	PTPRJ	ENSMUSG00000025314	ENSRNOG00000034025
ENSG00000149179	CSTPP1	ENSMUSG00000040591	ENSRNOG00000014798
ENSG00000149182	ARFGAP2	ENSMUSG00000027255	ENSRNOG00000014429
ENSG00000149187	CELF1	ENSMUSG00000005506	ENSRNOG00000010379
ENSG00000149196	HIKESHI	ENSMUSG00000062797	ENSRNOG00000017383
ENSG00000149201	CCDC81	ENSMUSG00000039391	ENSRNOG00000033733
ENSG00000149212	SESN3	ENSMUSG00000032009	ENSRNOG00000008173
ENSG00000149218	ENDOD1	ENSMUSG00000037419	ENSRNOG00000024757
ENSG00000149231	CCDC82	ENSMUSG00000079084	ENSRNOG00000005713
ENSG00000149243	KLHL35	ENSMUSG00000035298	ENSRNOG00000017365
ENSG00000149256	TENM4	ENSMUSG00000048078	ENSRNOG00000011151
ENSG00000149257	SERPINH1	ENSMUSG00000070436	ENSRNOG00000016831
ENSG00000149260	CAPN5	ENSMUSG00000035547	ENSRNOG00000014251
ENSG00000149262	INTS4	ENSMUSG00000025133	ENSRNOG00000012552
ENSG00000149269	PAK1	ENSMUSG00000030774	ENSRNOG00000029784
ENSG00000149273	RPS3	ENSMUSG00000030744	ENSRNOG00000017418
ENSG00000149289	ZC3H12C	ENSMUSG00000035164	ENSRNOG00000012470
ENSG00000149292	TTC12	ENSMUSG00000040219	ENSRNOG00000008595
ENSG00000149294	NCAM1	ENSMUSG00000039542	ENSRNOG00000031890
ENSG00000149295	DRD2	ENSMUSG00000032259	ENSRNOG00000008428
ENSG00000149300	C11orf52	ENSMUSG00000032062	ENSRNOG00000051792
ENSG00000149305	HTR3B	ENSMUSG00000008590	ENSRNOG00000006920
ENSG00000149308	NPAT	ENSMUSG00000033054	ENSRNOG00000024934
ENSG00000149311	ATM	ENSMUSG00000034218	ENSRNOG00000029773
ENSG00000149313	AASDHPPT	ENSMUSG00000025894	ENSRNOG00000005795
ENSG00000149328	GLB1L2	ENSMUSG00000036395	ENSRNOG00000007561
ENSG00000149346	SLX4IP	ENSMUSG00000027281	ENSRNOG00000007430
ENSG00000149380	P4HA3	ENSMUSG00000051048	ENSRNOG00000017118
ENSG00000149403	GRIK4	ENSMUSG00000032017	ENSRNOG00000030910
ENSG00000149418	ST14	ENSMUSG00000031995	ENSRNOG00000005903
ENSG00000149428	HYOU1	ENSMUSG00000032115	ENSRNOG00000010944
ENSG00000149451	ADAM33	ENSMUSG00000027318	ENSRNOG00000021242
ENSG00000149452	SLC22A8	ENSMUSG00000063796	ENSRNOG00000018086
ENSG00000149474	KAT14	ENSMUSG00000027425	ENSRNOG00000007160
ENSG00000149476	TKFC	ENSMUSG00000034371	ENSRNOG00000020704
ENSG00000149480	MTA2	ENSMUSG00000071646	ENSRNOG00000019913
ENSG00000149483	TMEM138	ENSMUSG00000024666	ENSRNOG00000080123
ENSG00000149485	FADS1	ENSMUSG00000010663	ENSRNOG00000020480
ENSG00000149488	TMC2	ENSMUSG00000060332	ENSRNOG00000007017
ENSG00000149489	ROM1	ENSMUSG00000071648	ENSRNOG00000019858
ENSG00000149499	EML3	ENSMUSG00000071647	ENSRNOG00000019873
ENSG00000149503	INCENP	ENSMUSG00000024660	ENSRNOG00000032929
ENSG00000149506	ZP1	ENSMUSG00000024734	ENSRNOG00000020907
ENSG00000149516	MS4A3	ENSMUSG00000024681	ENSRNOG00000036625
ENSG00000149527	PLCH2	ENSMUSG00000029055	ENSRNOG00000014226
ENSG00000149532	CPSF7	ENSMUSG00000034820	ENSRNOG00000020668
ENSG00000149534	MS4A2	ENSMUSG00000024680	ENSRNOG00000020993
ENSG00000149547	EI24	ENSMUSG00000062762	ENSRNOG00000030391
ENSG00000149548	CCDC15	ENSMUSG00000034303	ENSRNOG00000039390
ENSG00000149554	CHEK1	ENSMUSG00000032113	ENSRNOG00000071217
ENSG00000149557	FEZ1	ENSMUSG00000032118	ENSRNOG00000006075
ENSG00000149564	ESAM	ENSMUSG00000001946	ENSRNOG00000033217
ENSG00000149571	KIRREL3	ENSMUSG00000032036	ENSRNOG00000009772
ENSG00000149573	MPZL2	ENSMUSG00000032092	ENSRNOG00000016085
ENSG00000149575	SCN2B	ENSMUSG00000070304	ENSRNOG00000063505
ENSG00000149577	SIDT2	ENSMUSG00000034908	ENSRNOG00000017871
ENSG00000149582	TMEM25	ENSMUSG00000002032	ENSRNOG00000014218
ENSG00000149591	TAGLN	ENSMUSG00000032085	ENSRNOG00000017628
ENSG00000149596	JPH2	ENSMUSG00000017817	ENSRNOG00000008170
ENSG00000149599	DUSP15	ENSMUSG00000042662	ENSRNOG00000008534
ENSG00000149600	COMMD7	ENSMUSG00000056941	ENSRNOG00000010538
ENSG00000149609	C20orf144	ENSMUSG00000038523	ENSRNOG00000016583
ENSG00000149633	KIAA1755	ENSMUSG00000037813	ENSRNOG00000014424
ENSG00000149634	SPATA25	ENSMUSG00000017767	ENSRNOG00000015744
ENSG00000149635	OCSTAMP	ENSMUSG00000027670	ENSRNOG00000019110
ENSG00000149636	DSN1	ENSMUSG00000027635	ENSRNOG00000006236
ENSG00000149639	MTCL2	ENSMUSG00000055485	ENSRNOG00000053240
ENSG00000149646	CNBD2	ENSMUSG00000038085	ENSRNOG00000019992
ENSG00000149651	SPINT4	ENSMUSG00000017310	ENSRNOG00000014794
ENSG00000149654	CDH22	ENSMUSG00000053166	ENSRNOG00000018557
ENSG00000149657	LSM14B	ENSMUSG00000039108	ENSRNOG00000054557
ENSG00000149658	YTHDF1	ENSMUSG00000038848	ENSRNOG00000027015
ENSG00000149679	CABLES2	ENSMUSG00000038990	ENSRNOG00000051420
ENSG00000149716	LTO1	ENSMUSG00000031072	ENSRNOG00000020903
ENSG00000149735	GPHA2	ENSMUSG00000024784	ENSRNOG00000021020
ENSG00000149743	TRPT1	ENSMUSG00000047656	ENSRNOG00000023023
ENSG00000149761	NUDT22	ENSMUSG00000037349	ENSRNOG00000021158
ENSG00000149781	FERMT3	ENSMUSG00000024965	ENSRNOG00000021161
ENSG00000149782	PLCB3	ENSMUSG00000024960	ENSRNOG00000021150
ENSG00000149792	MRPL49	ENSMUSG00000007338	ENSRNOG00000020975
ENSG00000149798	CDC42EP2	ENSMUSG00000045664	ENSRNOG00000020904
ENSG00000149809	TM7SF2	ENSMUSG00000024799	ENSRNOG00000020989
ENSG00000149823	VPS51	ENSMUSG00000024797	ENSRNOG00000020996
ENSG00000149922	TBX6	ENSMUSG00000030699	ENSRNOG00000019771
ENSG00000149923	PPP4C	ENSMUSG00000030697	ENSRNOG00000019813
ENSG00000149926	TLCD3B	ENSMUSG00000058966	ENSRNOG00000019914
ENSG00000149927	DOC2A	ENSMUSG00000052301	ENSRNOG00000019920
ENSG00000149929	HIRIP3	ENSMUSG00000042606	ENSRNOG00000029061
ENSG00000149930	TAOK2	ENSMUSG00000059981	ENSRNOG00000019964
ENSG00000149932	TMEM219	ENSMUSG00000060538	ENSRNOG00000020000
ENSG00000149948	HMGA2	ENSMUSG00000056758	ENSRNOG00000042460
ENSG00000149968	MMP3	ENSMUSG00000043613	ENSRNOG00000032626
ENSG00000149970	CNKSR2	ENSMUSG00000025658	ENSRNOG00000007014
ENSG00000149972	CNTN5	ENSMUSG00000039488	ENSRNOG00000007038
ENSG00000150048	CLEC1A	ENSMUSG00000033082	ENSRNOG00000060460
ENSG00000150051	MKX	ENSMUSG00000061013	ENSRNOG00000018938
ENSG00000150054	MPP7	ENSMUSG00000057440	ENSRNOG00000018760
ENSG00000150093	ITGB1	ENSMUSG00000025809	ENSRNOG00000010966
ENSG00000150201	FXYD4	ENSMUSG00000004988	ENSRNOG00000014578
ENSG00000150261	OR8K1	ENSMUSG00000075197	ENSRNOG00000009747
ENSG00000150275	PCDH15	ENSMUSG00000052613	ENSRNOG00000000606
ENSG00000150281	CTF1	ENSMUSG00000042340	ENSRNOG00000018962
ENSG00000150337	FCGR1A	ENSMUSG00000015947	ENSRNOG00000021199
ENSG00000150347	ARID5B	ENSMUSG00000019947	ENSRNOG00000000635
ENSG00000150361	KLHL1	ENSMUSG00000022076	ENSRNOG00000031100
ENSG00000150394	CDH8	ENSMUSG00000036510	ENSRNOG00000056643
ENSG00000150401	DCUN1D2	ENSMUSG00000038506	ENSRNOG00000019473
ENSG00000150403	SLC9D1	ENSMUSG00000038497	ENSRNOG00000046973
ENSG00000150433	TMEM218	ENSMUSG00000032121	ENSRNOG00000008757
ENSG00000150455	TIRAP	ENSMUSG00000032041	ENSRNOG00000021420
ENSG00000150456	EEF1AKMT1	ENSMUSG00000021951	ENSRNOG00000009849
ENSG00000150457	LATS2	ENSMUSG00000021959	ENSRNOG00000056343
ENSG00000150471	ADGRL3	ENSMUSG00000037605	ENSRNOG00000030149
ENSG00000150477	KIAA1328	ENSMUSG00000033632	ENSRNOG00000029466
ENSG00000150510	FAM124A	ENSMUSG00000035184	ENSRNOG00000009802
ENSG00000150540	HNMT	ENSMUSG00000026986	ENSRNOG00000005223
ENSG00000150551	LYPD1	ENSMUSG00000026344	ENSRNOG00000003453
ENSG00000150556	LYPD6B	ENSMUSG00000026765	ENSRNOG00000004614
ENSG00000150593	PDCD4	ENSMUSG00000024975	ENSRNOG00000014779
ENSG00000150594	ADRA2A	ENSMUSG00000033717	ENSRNOG00000047545
ENSG00000150625	GPM6A	ENSMUSG00000031517	ENSRNOG00000010731
ENSG00000150627	WDR17	ENSMUSG00000039375	ENSRNOG00000048847
ENSG00000150628	SPATA4	ENSMUSG00000031518	ENSRNOG00000048035
ENSG00000150630	VEGFC	ENSMUSG00000031520	ENSRNOG00000011416
ENSG00000150637	CD226	ENSMUSG00000034028	ENSRNOG00000038197
ENSG00000150656	CNDP1	ENSMUSG00000056162	ENSRNOG00000027739
ENSG00000150667	FSIP1	ENSMUSG00000027344	ENSRNOG00000005888
ENSG00000150672	DLG2	ENSMUSG00000052572	ENSRNOG00000022635
ENSG00000150676	CCDC83	ENSMUSG00000030617	ENSRNOG00000052220
ENSG00000150681	RGS18	ENSMUSG00000026357	ENSRNOG00000003959
ENSG00000150687	PRSS23	ENSMUSG00000039405	ENSRNOG00000017307
ENSG00000150712	MTMR12	ENSMUSG00000039458	ENSRNOG00000022929
ENSG00000150722	PPP1R1C	ENSMUSG00000034683	ENSRNOG00000024990
ENSG00000150750	POU2AF2	ENSMUSG00000036027	ENSRNOG00000012022
ENSG00000150753	CCT5	ENSMUSG00000022234	ENSRNOG00000011632
ENSG00000150756	ATPSCKMT	ENSMUSG00000039065	ENSRNOG00000022347
ENSG00000150760	DOCK1	ENSMUSG00000058325	ENSRNOG00000018683
ENSG00000150764	DIXDC1	ENSMUSG00000032064	ENSRNOG00000010260
ENSG00000150768	DLAT	ENSMUSG00000000168	ENSRNOG00000009994
ENSG00000150773	PIH1D2	ENSMUSG00000000167	ENSRNOG00000009965
ENSG00000150776	NKAPD1	ENSMUSG00000059820	ENSRNOG00000009958
ENSG00000150779	TIMM8B	ENSMUSG00000039016	ENSRNOG00000009888
ENSG00000150782	IL18	ENSMUSG00000039217	ENSRNOG00000009848
ENSG00000150783	TEX12	ENSMUSG00000032065	ENSRNOG00000049470
ENSG00000150787	PTS	ENSMUSG00000032067	ENSRNOG00000009250
ENSG00000150867	PIP4K2A	ENSMUSG00000026737	ENSRNOG00000016670
ENSG00000150893	FREM2	ENSMUSG00000037016	ENSRNOG00000021670
ENSG00000150907	FOXO1	ENSMUSG00000044167	ENSRNOG00000013397
ENSG00000150938	CRIM1	ENSMUSG00000024074	ENSRNOG00000004208
ENSG00000150961	SEC24D	ENSMUSG00000039234	ENSRNOG00000014872
ENSG00000150967	ABCB9	ENSMUSG00000029408	ENSRNOG00000001082
ENSG00000150977	RILPL2	ENSMUSG00000029401	ENSRNOG00000001061
ENSG00000150990	DHX37	ENSMUSG00000029480	ENSRNOG00000022171
ENSG00000150991	UBC	ENSMUSG00000008348	ENSRNOG00000057823
ENSG00000150995	ITPR1	ENSMUSG00000030102	ENSRNOG00000007104
ENSG00000151005	TKTL2	ENSMUSG00000025519	ENSRNOG00000014185
ENSG00000151006	PRSS53	ENSMUSG00000044139	ENSRNOG00000026040
ENSG00000151012	SLC7A11	ENSMUSG00000027737	ENSRNOG00000010210
ENSG00000151014	NOCT	ENSMUSG00000023087	ENSRNOG00000010799
ENSG00000151023	ENKUR	ENSMUSG00000026679	ENSRNOG00000018631
ENSG00000151025	GPR158	ENSMUSG00000045967	ENSRNOG00000024832
ENSG00000151062	CACNA2D4	ENSMUSG00000041460	ENSRNOG00000008031
ENSG00000151065	DCP1B	ENSMUSG00000041477	ENSRNOG00000007340
ENSG00000151067	CACNA1C	ENSMUSG00000051331	ENSRNOG00000007090
ENSG00000151079	KCNA6	ENSMUSG00000038077	ENSRNOG00000052486
ENSG00000151090	THRB	ENSMUSG00000021779	ENSRNOG00000006649
ENSG00000151092	NGLY1	ENSMUSG00000021785	ENSRNOG00000006143
ENSG00000151093	OXSM	ENSMUSG00000021786	ENSRNOG00000005993
ENSG00000151116	UEVLD	ENSMUSG00000043262	ENSRNOG00000013624
ENSG00000151117	TMEM86A	ENSMUSG00000010307	ENSRNOG00000013663
ENSG00000151131	NOPCHAP1	ENSMUSG00000020255	ENSRNOG00000008696
ENSG00000151135	TMEM263	ENSMUSG00000060935	ENSRNOG00000067167
ENSG00000151136	ABTB3	ENSMUSG00000020042	ENSRNOG00000005758
ENSG00000151148	UBE3B	ENSMUSG00000029577	ENSRNOG00000047219
ENSG00000151150	ANK3	ENSMUSG00000069601	ENSRNOG00000053288
ENSG00000151151	IPMK	ENSMUSG00000060733	ENSRNOG00000000609
ENSG00000151164	RAD9B	ENSMUSG00000038569	ENSRNOG00000021480
ENSG00000151176	PLBD2	ENSMUSG00000029598	ENSRNOG00000001385
ENSG00000151208	DLG5	ENSMUSG00000021782	ENSRNOG00000005783
ENSG00000151224	MAT1A	ENSMUSG00000037798	ENSRNOG00000011351
ENSG00000151229	SLC2A13	ENSMUSG00000036298	ENSRNOG00000015741
ENSG00000151233	GXYLT1	ENSMUSG00000036197	ENSRNOG00000005234
ENSG00000151239	TWF1	ENSMUSG00000022451	ENSRNOG00000022507
ENSG00000151240	DIP2C	ENSMUSG00000048264	ENSRNOG00000015288
ENSG00000151247	EIF4E	ENSMUSG00000028156	ENSRNOG00000052343
ENSG00000151276	MAGI1	ENSMUSG00000045095	ENSRNOG00000022060
ENSG00000151287	TEX30	ENSMUSG00000026049	ENSRNOG00000011658
ENSG00000151292	CSNK1G3	ENSMUSG00000073563	ENSRNOG00000016677
ENSG00000151304	SRFBP1	ENSMUSG00000024528	ENSRNOG00000014808
ENSG00000151320	AKAP6	ENSMUSG00000061603	ENSRNOG00000004841
ENSG00000151322	NPAS3	ENSMUSG00000021010	ENSRNOG00000068162
ENSG00000151332	MBIP	ENSMUSG00000021028	ENSRNOG00000008610
ENSG00000151338	MIPOL1	ENSMUSG00000047022	ENSRNOG00000009151
ENSG00000151348	EXT2	ENSMUSG00000027198	ENSRNOG00000008944
ENSG00000151353	TMEM18	ENSMUSG00000043061	ENSRNOG00000005144
ENSG00000151360	ALLC	ENSMUSG00000020636	ENSRNOG00000008299
ENSG00000151364	KCTD14	ENSMUSG00000051727	ENSRNOG00000012494
ENSG00000151365	THRSP	ENSMUSG00000035686	ENSRNOG00000012404
ENSG00000151366	NDUFC2	ENSMUSG00000030647	ENSRNOG00000012383
ENSG00000151376	ME3	ENSMUSG00000030621	ENSRNOG00000017311
ENSG00000151379	MSGN1	ENSMUSG00000047002	ENSRNOG00000028518
ENSG00000151388	ADAMTS12	ENSMUSG00000047497	ENSRNOG00000018865
ENSG00000151413	NUBPL	ENSMUSG00000035142	ENSRNOG00000027444
ENSG00000151414	NEK7	ENSMUSG00000026393	ENSRNOG00000000657
ENSG00000151418	ATP6V1G3	ENSMUSG00000026394	ENSRNOG00000022480
ENSG00000151422	FER	ENSMUSG00000000127	ENSRNOG00000015898
ENSG00000151445	VIPAS39	ENSMUSG00000021038	ENSRNOG00000049223
ENSG00000151458	ANKRD50	ENSMUSG00000044864	ENSRNOG00000010534
ENSG00000151461	UPF2	ENSMUSG00000043241	ENSRNOG00000023593
ENSG00000151465	CDC123	ENSMUSG00000039128	ENSRNOG00000017770
ENSG00000151466	SCLT1	ENSMUSG00000059834	ENSRNOG00000014139
ENSG00000151468	CCDC3	ENSMUSG00000026676	ENSRNOG00000017933
ENSG00000151470	C4orf33	ENSMUSG00000025766	ENSRNOG00000038330
ENSG00000151474	FRMD4A	ENSMUSG00000026657	ENSRNOG00000018500
ENSG00000151475	SLC25A31	ENSMUSG00000069041	ENSRNOG00000038398
ENSG00000151490	PTPRO	ENSMUSG00000030223	ENSRNOG00000006231
ENSG00000151491	EPS8	ENSMUSG00000015766	ENSRNOG00000007047
ENSG00000151498	ACAD8	ENSMUSG00000031969	ENSRNOG00000048164
ENSG00000151500	THYN1	ENSMUSG00000035443	ENSRNOG00000047053
ENSG00000151502	VPS26B	ENSMUSG00000031988	ENSRNOG00000047235
ENSG00000151503	NCAPD3	ENSMUSG00000035024	ENSRNOG00000008932
ENSG00000151532	VTI1A	ENSMUSG00000024983	ENSRNOG00000042786
ENSG00000151552	QDPR	ENSMUSG00000015806	ENSRNOG00000003253
ENSG00000151553	FHIP2A	ENSMUSG00000033478	ENSRNOG00000017225
ENSG00000151572	ANO4	ENSMUSG00000035189	ENSRNOG00000006841
ENSG00000151575	TEX9	ENSMUSG00000090626	ENSRNOG00000059702
ENSG00000151576	QTRT2	ENSMUSG00000022704	ENSRNOG00000060729
ENSG00000151577	DRD3	ENSMUSG00000022705	ENSRNOG00000060806
ENSG00000151611	MMAA	ENSMUSG00000037022	ENSRNOG00000011618
ENSG00000151612	ZNF827	ENSMUSG00000071064	ENSRNOG00000011697
ENSG00000151615	POU4F2	ENSMUSG00000031688	ENSRNOG00000012167
ENSG00000151617	EDNRA	ENSMUSG00000031616	ENSRNOG00000012721
ENSG00000151623	NR3C2	ENSMUSG00000031618	ENSRNOG00000034007
ENSG00000151640	DPYSL4	ENSMUSG00000025478	ENSRNOG00000027582
ENSG00000151651	ADAM8	ENSMUSG00000025473	ENSRNOG00000017897
ENSG00000151655	ITIH2	ENSMUSG00000037254	ENSRNOG00000001066
ENSG00000151657	KIN	ENSMUSG00000037262	ENSRNOG00000026690
ENSG00000151665	PIGF	ENSMUSG00000024145	ENSRNOG00000015325
ENSG00000151687	ANKAR	ENSMUSG00000039342	ENSRNOG00000003991
ENSG00000151689	INPP1	ENSMUSG00000026102	ENSRNOG00000012375
ENSG00000151690	MFSD6	ENSMUSG00000041439	ENSRNOG00000012663
ENSG00000151692	RNF144A	ENSMUSG00000020642	ENSRNOG00000007370
ENSG00000151693	ASAP2	ENSMUSG00000052632	ENSRNOG00000061519
ENSG00000151694	ADAM17	ENSMUSG00000052593	ENSRNOG00000060694
ENSG00000151702	FLI1	ENSMUSG00000016087	ENSRNOG00000008904
ENSG00000151704	KCNJ1	ENSMUSG00000041248	ENSRNOG00000059005
ENSG00000151715	TMEM45B	ENSMUSG00000041737	ENSRNOG00000008515
ENSG00000151718	WWC2	ENSMUSG00000031563	ENSRNOG00000013248
ENSG00000151725	CENPU	ENSMUSG00000031629	ENSRNOG00000022261
ENSG00000151726	ACSL1	ENSMUSG00000018796	ENSRNOG00000010633
ENSG00000151729	SLC25A4	ENSMUSG00000031633	ENSRNOG00000010830
ENSG00000151743	AMN1	ENSMUSG00000068250	ENSRNOG00000036917
ENSG00000151746	BICD1	ENSMUSG00000003452	ENSRNOG00000036911
ENSG00000151748	SAV1	ENSMUSG00000021067	ENSRNOG00000005264
ENSG00000151773	CCDC122	ENSMUSG00000034795	ENSRNOG00000042404
ENSG00000151778	SERP2	ENSMUSG00000052584	ENSRNOG00000038228
ENSG00000151779	NBAS	ENSMUSG00000020576	ENSRNOG00000024503
ENSG00000151790	TDO2	ENSMUSG00000028011	ENSRNOG00000011612
ENSG00000151806	GUF1	ENSMUSG00000029208	ENSRNOG00000002207
ENSG00000151812	SLC35F4	ENSMUSG00000021852	ENSRNOG00000014982
ENSG00000151834	GABRA2	ENSMUSG00000000560	ENSRNOG00000002349
ENSG00000151835	SACS	ENSMUSG00000048279	ENSRNOG00000014509
ENSG00000151838	CCDC175	ENSMUSG00000021086	ENSRNOG00000004774
ENSG00000151849	CPAP	ENSMUSG00000064128	ENSRNOG00000022597
ENSG00000151876	FBXO4	ENSMUSG00000022184	ENSRNOG00000015622
ENSG00000151881	TMEM267	ENSMUSG00000074634	ENSRNOG00000064070
ENSG00000151882	CCL28	ENSMUSG00000074715	ENSRNOG00000059640
ENSG00000151883	PARP8	ENSMUSG00000021725	ENSRNOG00000010824
ENSG00000151892	GFRA1	ENSMUSG00000025089	ENSRNOG00000017438
ENSG00000151893	CACUL1	ENSMUSG00000033417	ENSRNOG00000009954
ENSG00000151914	DST	ENSMUSG00000026131	ENSRNOG00000012207
ENSG00000151917	BEND6	ENSMUSG00000042182	ENSRNOG00000052376
ENSG00000151923	TIAL1	ENSMUSG00000030846	ENSRNOG00000020271
ENSG00000151929	BAG3	ENSMUSG00000030847	ENSRNOG00000020298
ENSG00000151948	GLT1D1	ENSMUSG00000049971	ENSRNOG00000000961
ENSG00000151952	TMEM132D	ENSMUSG00000034310	ENSRNOG00000008447
ENSG00000151962	RBM46	ENSMUSG00000033882	ENSRNOG00000025823
ENSG00000151967	SCHIP1	ENSMUSG00000027777	ENSRNOG00000009276
ENSG00000152049	KCNE4	ENSMUSG00000047330	ENSRNOG00000071002
ENSG00000152056	AP1S3	ENSMUSG00000054702	ENSRNOG00000049873
ENSG00000152061	RABGAP1L	ENSMUSG00000026721	ENSRNOG00000002736
ENSG00000152078	TLCD4	ENSMUSG00000028132	ENSRNOG00000025160
ENSG00000152092	ASTN1	ENSMUSG00000026587	ENSRNOG00000005667
ENSG00000152102	FAM168B	ENSMUSG00000037503	ENSRNOG00000023467
ENSG00000152104	PTPN14	ENSMUSG00000026604	ENSRNOG00000003407
ENSG00000152127	MGAT5	ENSMUSG00000036155	ENSRNOG00000003614
ENSG00000152128	TMEM163	ENSMUSG00000026347	ENSRNOG00000003769
ENSG00000152133	GPATCH11	ENSMUSG00000050668	ENSRNOG00000025317
ENSG00000152137	HSPB8	ENSMUSG00000041548	ENSRNOG00000022392
ENSG00000152147	GEMIN6	ENSMUSG00000055760	ENSRNOG00000027332
ENSG00000152154	TMEM178A	ENSMUSG00000024245	ENSRNOG00000007907
ENSG00000152192	POU4F1	ENSMUSG00000048349	ENSRNOG00000089245
ENSG00000152193	OBI1	ENSMUSG00000022120	ENSRNOG00000009690
ENSG00000152208	GRID2	ENSMUSG00000071424	ENSRNOG00000006174
ENSG00000152213	ARL11	ENSMUSG00000043157	ENSRNOG00000014653
ENSG00000152214	RIT2	ENSMUSG00000057455	ENSRNOG00000017568
ENSG00000152217	SETBP1	ENSMUSG00000024548	ENSRNOG00000016208
ENSG00000152219	ARL14EP	ENSMUSG00000027122	ENSRNOG00000004891
ENSG00000152223	EPG5	ENSMUSG00000039840	ENSRNOG00000052894
ENSG00000152229	PSTPIP2	ENSMUSG00000025429	ENSRNOG00000016987
ENSG00000152234	ATP5F1A	ENSMUSG00000025428	ENSRNOG00000017032
ENSG00000152240	HAUS1	ENSMUSG00000041840	ENSRNOG00000017067
ENSG00000152242	ARK2N	ENSMUSG00000047466	ENSRNOG00000017215
ENSG00000152253	SPC25	ENSMUSG00000005233	ENSRNOG00000006731
ENSG00000152254	G6PC2	ENSMUSG00000005232	ENSRNOG00000050620
ENSG00000152256	PDK1	ENSMUSG00000006494	ENSRNOG00000001517
ENSG00000152266	PTH	ENSMUSG00000059077	ENSRNOG00000014318
ENSG00000152270	PDE3B	ENSMUSG00000030671	ENSRNOG00000011417
ENSG00000152284	TCF7L1	ENSMUSG00000055799	ENSRNOG00000014753
ENSG00000152291	TGOLN2	ENSMUSG00000056429	ENSRNOG00000014617
ENSG00000152292	SH2D6	ENSMUSG00000052631	ENSRNOG00000013605
ENSG00000152315	KCNK13	ENSMUSG00000045404	ENSRNOG00000047363
ENSG00000152348	ATG10	ENSMUSG00000021619	ENSRNOG00000016342
ENSG00000152359	POC5	ENSMUSG00000021671	ENSRNOG00000018193
ENSG00000152377	SPOCK1	ENSMUSG00000056222	ENSRNOG00000012747
ENSG00000152380	FAM151B	ENSMUSG00000034334	ENSRNOG00000024136
ENSG00000152382	TADA1	ENSMUSG00000026563	ENSRNOG00000003816
ENSG00000152402	GUCY1A2	ENSMUSG00000041624	ENSRNOG00000029876
ENSG00000152404	CWF19L2	ENSMUSG00000025898	ENSRNOG00000024372
ENSG00000152409	JMY	ENSMUSG00000021690	ENSRNOG00000050343
ENSG00000152413	HOMER1	ENSMUSG00000007617	ENSRNOG00000047014
ENSG00000152422	XRCC4	ENSMUSG00000021615	ENSRNOG00000029966
ENSG00000152430	BOLL	ENSMUSG00000025977	ENSRNOG00000054379
ENSG00000152455	SUV39H2	ENSMUSG00000026646	ENSRNOG00000015585
ENSG00000152457	DCLRE1C	ENSMUSG00000026648	ENSRNOG00000015980
ENSG00000152463	OLAH	ENSMUSG00000026645	ENSRNOG00000016403
ENSG00000152464	RPP38	ENSMUSG00000049950	ENSRNOG00000063181
ENSG00000152465	NMT2	ENSMUSG00000026643	ENSRNOG00000026248
ENSG00000152492	CCDC50	ENSMUSG00000038127	ENSRNOG00000001930
ENSG00000152495	CAMK4	ENSMUSG00000038128	ENSRNOG00000020478
ENSG00000152503	TRIM36	ENSMUSG00000033949	ENSRNOG00000016612
ENSG00000152518	ZFP36L2	ENSMUSG00000045817	ENSRNOG00000005067
ENSG00000152520	PAN3	ENSMUSG00000029647	ENSRNOG00000000942
ENSG00000152527	PLEKHH2	ENSMUSG00000040852	ENSRNOG00000005124
ENSG00000152556	PFKM	ENSMUSG00000033065	ENSRNOG00000057988
ENSG00000152558	TMEM123	ENSMUSG00000050912	ENSRNOG00000010584
ENSG00000152578	GRIA4	ENSMUSG00000025892	ENSRNOG00000006957
ENSG00000152580	IGSF10	ENSMUSG00000036334	ENSRNOG00000013917
ENSG00000152582	SPEF2	ENSMUSG00000072663	ENSRNOG00000058275
ENSG00000152583	SPARCL1	ENSMUSG00000029309	ENSRNOG00000015093
ENSG00000152591	DSPP	ENSMUSG00000053268	ENSRNOG00000002168
ENSG00000152592	DMP1	ENSMUSG00000029307	ENSRNOG00000002167
ENSG00000152595	MEPE	ENSMUSG00000053863	ENSRNOG00000002154
ENSG00000152601	MBNL1	ENSMUSG00000027763	ENSRNOG00000014076
ENSG00000152611	CAPSL	ENSMUSG00000039676	ENSRNOG00000054277
ENSG00000152620	NADK2	ENSMUSG00000022253	ENSRNOG00000054157
ENSG00000152661	GJA1	ENSMUSG00000050953	ENSRNOG00000000805
ENSG00000152669	CCNO	ENSMUSG00000042417	ENSRNOG00000010454
ENSG00000152670	DDX4	ENSMUSG00000021758	ENSRNOG00000026686
ENSG00000152672	CLEC4F	ENSMUSG00000014542	ENSRNOG00000013137
ENSG00000152683	SLC30A6	ENSMUSG00000024069	ENSRNOG00000005856
ENSG00000152684	PELO	ENSMUSG00000042275	ENSRNOG00000061128
ENSG00000152689	RASGRP3	ENSMUSG00000071042	ENSRNOG00000032703
ENSG00000152700	SAR1B	ENSMUSG00000020386	ENSRNOG00000004820
ENSG00000152705	CATSPER3	ENSMUSG00000021499	ENSRNOG00000011374
ENSG00000152749	GPR180	ENSMUSG00000022131	ENSRNOG00000009766
ENSG00000152760	DYNLT5	ENSMUSG00000028523	ENSRNOG00000023100
ENSG00000152763	DNAI4	ENSMUSG00000035126	ENSRNOG00000006999
ENSG00000152766	ANKRD22	ENSMUSG00000024774	ENSRNOG00000019190
ENSG00000152767	FARP1	ENSMUSG00000025555	ENSRNOG00000011203
ENSG00000152779	SLC16A12	ENSMUSG00000009378	ENSRNOG00000021916
ENSG00000152782	PANK1	ENSMUSG00000033610	ENSRNOG00000018944
ENSG00000152784	PRDM8	ENSMUSG00000035456	ENSRNOG00000002004
ENSG00000152785	BMP3	ENSMUSG00000029335	ENSRNOG00000002381
ENSG00000152795	HNRNPDL	ENSMUSG00000029328	ENSRNOG00000002270
ENSG00000152818	UTRN	ENSMUSG00000019820	ENSRNOG00000011058
ENSG00000152822	GRM1	ENSMUSG00000019828	ENSRNOG00000014290
ENSG00000152894	PTPRK	ENSMUSG00000019889	ENSRNOG00000047605
ENSG00000152904	GGPS1	ENSMUSG00000021302	ENSRNOG00000016767
ENSG00000152910	CNTNAP4	ENSMUSG00000031772	ENSRNOG00000011231
ENSG00000152932	RAB3C	ENSMUSG00000021700	ENSRNOG00000011623
ENSG00000152936	LMNTD1	ENSMUSG00000054966	ENSRNOG00000015910
ENSG00000152939	MARVELD2	ENSMUSG00000021636	ENSRNOG00000018297
ENSG00000152942	RAD17	ENSMUSG00000021635	ENSRNOG00000018353
ENSG00000152944	MED21	ENSMUSG00000030291	ENSRNOG00000001820
ENSG00000152952	PLOD2	ENSMUSG00000032374	ENSRNOG00000030183
ENSG00000152953	STK32B	ENSMUSG00000029123	ENSRNOG00000031397
ENSG00000152954	NRSN1	ENSMUSG00000048978	ENSRNOG00000017444
ENSG00000152969	JAKMIP1	ENSMUSG00000063646	ENSRNOG00000004998
ENSG00000152977	ZIC1	ENSMUSG00000032368	ENSRNOG00000014644
ENSG00000152990	ADGRA3	ENSMUSG00000029090	ENSRNOG00000004279
ENSG00000153002	CPB1	ENSMUSG00000011463	ENSRNOG00000030904
ENSG00000153012	LGI2	ENSMUSG00000039252	ENSRNOG00000066201
ENSG00000153015	CWC27	ENSMUSG00000021715	ENSRNOG00000013252
ENSG00000153029	MR1	ENSMUSG00000026471	ENSRNOG00000003522
ENSG00000153037	SRP19	ENSMUSG00000014504	ENSRNOG00000020204
ENSG00000153044	CENPH	ENSMUSG00000045273	ENSRNOG00000018615
ENSG00000153046	CDYL	ENSMUSG00000059288	ENSRNOG00000032215
ENSG00000153048	CARHSP1	ENSMUSG00000008393	ENSRNOG00000002610
ENSG00000153060	TEKT5	ENSMUSG00000039179	ENSRNOG00000002571
ENSG00000153064	BANK1	ENSMUSG00000037922	ENSRNOG00000032247
ENSG00000153066	TXNDC11	ENSMUSG00000022498	ENSRNOG00000002452
ENSG00000153071	DAB2	ENSMUSG00000022150	ENSRNOG00000028930
ENSG00000153086	ACMSD	ENSMUSG00000026348	ENSRNOG00000003884
ENSG00000153093	ACOXL	ENSMUSG00000027380	ENSRNOG00000016179
ENSG00000153094	BCL2L11	ENSMUSG00000027381	ENSRNOG00000016551
ENSG00000153107	ANAPC1	ENSMUSG00000014355	ENSRNOG00000016965
ENSG00000153130	SCOC	ENSMUSG00000063253	ENSRNOG00000003853
ENSG00000153132	CLGN	ENSMUSG00000002190	ENSRNOG00000003755
ENSG00000153140	CETN3	ENSMUSG00000021537	ENSRNOG00000050877
ENSG00000153147	SMARCA5	ENSMUSG00000031715	ENSRNOG00000018149
ENSG00000153157	SYCP2L	ENSMUSG00000038651	ENSRNOG00000023831
ENSG00000153162	BMP6	ENSMUSG00000039004	ENSRNOG00000013717
ENSG00000153179	RASSF3	ENSMUSG00000025795	ENSRNOG00000005388
ENSG00000153187	HNRNPU	ENSMUSG00000039630	ENSRNOG00000033790
ENSG00000153201	RANBP2	ENSMUSG00000003226	ENSRNOG00000000796
ENSG00000153207	AHCTF1	ENSMUSG00000026491	ENSRNOG00000023541
ENSG00000153208	MERTK	ENSMUSG00000014361	ENSRNOG00000017319
ENSG00000153214	TMEM87B	ENSMUSG00000014353	ENSRNOG00000017443
ENSG00000153233	PTPRR	ENSMUSG00000020151	ENSRNOG00000004483
ENSG00000153234	NR4A2	ENSMUSG00000026826	ENSRNOG00000005600
ENSG00000153237	CCDC148	ENSMUSG00000036641	ENSRNOG00000057740
ENSG00000153246	PLA2R1	ENSMUSG00000054580	ENSRNOG00000008129
ENSG00000153250	RBMS1	ENSMUSG00000026970	ENSRNOG00000008482
ENSG00000153253	SCN3A	ENSMUSG00000057182	ENSRNOG00000005007
ENSG00000153266	FEZF2	ENSMUSG00000021743	ENSRNOG00000009206
ENSG00000153283	CD96	ENSMUSG00000022657	ENSRNOG00000023030
ENSG00000153291	SLC25A27	ENSMUSG00000023912	ENSRNOG00000010592
ENSG00000153292	ADGRF1	ENSMUSG00000041293	ENSRNOG00000062544
ENSG00000153294	ADGRF4	ENSMUSG00000023918	ENSRNOG00000012535
ENSG00000153310	CYRIB	ENSMUSG00000022378	ENSRNOG00000061246
ENSG00000153317	ASAP1	ENSMUSG00000022377	ENSRNOG00000058733
ENSG00000153339	TRAPPC8	ENSMUSG00000033382	ENSRNOG00000022202
ENSG00000153347	FAM81B	ENSMUSG00000109228	ENSRNOG00000026845
ENSG00000153391	INO80C	ENSMUSG00000047989	ENSRNOG00000016532
ENSG00000153395	LPCAT1	ENSMUSG00000021608	ENSRNOG00000017930
ENSG00000153406	NMRAL1	ENSMUSG00000063445	ENSRNOG00000003794
ENSG00000153446	C16orf89	ENSMUSG00000051669	ENSRNOG00000021796
ENSG00000153485	LYSET	ENSMUSG00000046675	ENSRNOG00000008101
ENSG00000153487	ING1	ENSMUSG00000045969	ENSRNOG00000014520
ENSG00000153495	TEX29	ENSMUSG00000031512	ENSRNOG00000033585
ENSG00000153498	SPACA7	ENSMUSG00000010435	ENSRNOG00000054006
ENSG00000153531	ADPRHL1	ENSMUSG00000031448	ENSRNOG00000071336
ENSG00000153551	CMTM7	ENSMUSG00000032436	ENSRNOG00000067317
ENSG00000153558	FBXL2	ENSMUSG00000032507	ENSRNOG00000027099
ENSG00000153560	UBP1	ENSMUSG00000009741	ENSRNOG00000009729
ENSG00000153561	RMND5A	ENSMUSG00000002222	ENSRNOG00000065409
ENSG00000153563	CD8A	ENSMUSG00000053977	ENSRNOG00000007178
ENSG00000153574	RPIA	ENSMUSG00000053604	ENSRNOG00000005576
ENSG00000153707	PTPRD	ENSMUSG00000028399	ENSRNOG00000005711
ENSG00000153714	LURAP1L	ENSMUSG00000048706	ENSRNOG00000033740
ENSG00000153721	CNKSR3	ENSMUSG00000015202	ENSRNOG00000018052
ENSG00000153767	GTF2E1	ENSMUSG00000022828	ENSRNOG00000026008
ENSG00000153774	CFDP1	ENSMUSG00000031954	ENSRNOG00000019326
ENSG00000153786	ZDHHC7	ENSMUSG00000031823	ENSRNOG00000017342
ENSG00000153789	CIBAR2	ENSMUSG00000042269	ENSRNOG00000021714
ENSG00000153790	SPMIP4	ENSMUSG00000029828	ENSRNOG00000010594
ENSG00000153802	TMPRSS11D	ENSMUSG00000061259	ENSRNOG00000055991
ENSG00000153814	JAZF1	ENSMUSG00000063568	ENSRNOG00000027026
ENSG00000153815	CMIP	ENSMUSG00000034390	ENSRNOG00000013178
ENSG00000153820	SPHKAP	ENSMUSG00000026163	ENSRNOG00000016388
ENSG00000153822	KCNJ16	ENSMUSG00000051497	ENSRNOG00000004713
ENSG00000153823	PID1	ENSMUSG00000045658	ENSRNOG00000029735
ENSG00000153827	TRIP12	ENSMUSG00000026219	ENSRNOG00000016963
ENSG00000153832	FBXO36	ENSMUSG00000073633	ENSRNOG00000017053
ENSG00000153879	CEBPG	ENSMUSG00000056216	ENSRNOG00000021144
ENSG00000153885	KCTD15	ENSMUSG00000030499	ENSRNOG00000021137
ENSG00000153898	MCOLN2	ENSMUSG00000011008	ENSRNOG00000015089
ENSG00000153902	LGI4	ENSMUSG00000036560	ENSRNOG00000021087
ENSG00000153904	DDAH1	ENSMUSG00000028194	ENSRNOG00000014613
ENSG00000153922	CHD1	ENSMUSG00000023852	ENSRNOG00000014434
ENSG00000153930	ANKFN1	ENSMUSG00000047773	ENSRNOG00000081540
ENSG00000153933	DGKE	ENSMUSG00000000276	ENSRNOG00000002338
ENSG00000153936	HS2ST1	ENSMUSG00000040151	ENSRNOG00000012549
ENSG00000153944	MSI2	ENSMUSG00000069769	ENSRNOG00000025338
ENSG00000153956	CACNA2D1	ENSMUSG00000040118	ENSRNOG00000033531
ENSG00000153975	ZUP1	ENSMUSG00000039531	ENSRNOG00000000398
ENSG00000153976	HS3ST3A1	ENSMUSG00000047759	ENSRNOG00000024591
ENSG00000153982	GDPD1	ENSMUSG00000061666	ENSRNOG00000060561
ENSG00000153989	NUS1	ENSMUSG00000023068	ENSRNOG00000000411
ENSG00000153993	SEMA3D	ENSMUSG00000040254	ENSRNOG00000007202
ENSG00000154001	PPP2R5E	ENSMUSG00000021051	ENSRNOG00000005045
ENSG00000154007	ASB17	ENSMUSG00000038997	ENSRNOG00000048832
ENSG00000154016	GRAP	ENSMUSG00000004837	ENSRNOG00000002599
ENSG00000154025	SLC5A10	ENSMUSG00000042371	ENSRNOG00000002616
ENSG00000154027	AK5	ENSMUSG00000039058	ENSRNOG00000046947
ENSG00000154040	CABYR	ENSMUSG00000024430	ENSRNOG00000047436
ENSG00000154059	IMPACT	ENSMUSG00000024423	ENSRNOG00000045844
ENSG00000154065	ANKRD29	ENSMUSG00000057766	ENSRNOG00000046744
ENSG00000154079	SDHAF4	ENSMUSG00000026154	ENSRNOG00000072946
ENSG00000154080	CHST9	ENSMUSG00000047161	ENSRNOG00000015867
ENSG00000154096	THY1	ENSMUSG00000032011	ENSRNOG00000006604
ENSG00000154099	DNAAF1	ENSMUSG00000031831	ENSRNOG00000015590
ENSG00000154102	C16orf74	ENSMUSG00000043687	ENSRNOG00000017646
ENSG00000154114	TBCEL	ENSMUSG00000037287	ENSRNOG00000032364
ENSG00000154118	JPH3	ENSMUSG00000025318	ENSRNOG00000018784
ENSG00000154122	ANKH	ENSMUSG00000022265	ENSRNOG00000010960
ENSG00000154124	OTULIN	ENSMUSG00000046034	ENSRNOG00000012017
ENSG00000154127	UBASH3B	ENSMUSG00000032020	ENSRNOG00000008187
ENSG00000154133	ROBO4	ENSMUSG00000032125	ENSRNOG00000049289
ENSG00000154134	ROBO3	ENSMUSG00000032128	ENSRNOG00000030016
ENSG00000154143	PANX3	ENSMUSG00000011118	ENSRNOG00000031675
ENSG00000154146	NRGN	ENSMUSG00000053310	ENSRNOG00000010688
ENSG00000154162	CDH12	ENSMUSG00000040452	ENSRNOG00000026392
ENSG00000154165	GPR15	ENSMUSG00000047293	ENSRNOG00000039680
ENSG00000154174	TOMM70	ENSMUSG00000022752	ENSRNOG00000001640
ENSG00000154175	ABI3BP	ENSMUSG00000035258	ENSRNOG00000001627
ENSG00000154188	ANGPT1	ENSMUSG00000022309	ENSRNOG00000005854
ENSG00000154222	CC2D1B	ENSMUSG00000028582	ENSRNOG00000008634
ENSG00000154227	CERS3	ENSMUSG00000030510	ENSRNOG00000013823
ENSG00000154229	PRKCA	ENSMUSG00000050965	ENSRNOG00000003491
ENSG00000154237	LRRK1	ENSMUSG00000015133	ENSRNOG00000012730
ENSG00000154240	CEP112	ENSMUSG00000020728	ENSRNOG00000024557
ENSG00000154258	ABCA9	ENSMUSG00000041797	ENSRNOG00000059326
ENSG00000154262	ABCA6	ENSMUSG00000044749	ENSRNOG00000046890
ENSG00000154265	ABCA5	ENSMUSG00000018800	ENSRNOG00000004378
ENSG00000154269	ENPP3	ENSMUSG00000019989	ENSRNOG00000013791
ENSG00000154274	PGCKA1	ENSMUSG00000060512	ENSRNOG00000002191
ENSG00000154277	UCHL1	ENSMUSG00000029223	ENSRNOG00000002343
ENSG00000154305	MIA3	ENSMUSG00000056050	ENSRNOG00000059202
ENSG00000154309	DISP1	ENSMUSG00000030768	ENSRNOG00000003635
ENSG00000154310	TNIK	ENSMUSG00000027692	ENSRNOG00000012422
ENSG00000154319	FAM167A	ENSMUSG00000035095	ENSRNOG00000011316
ENSG00000154328	NEIL2	ENSMUSG00000035121	ENSRNOG00000010696
ENSG00000154330	PGM5	ENSMUSG00000041731	ENSRNOG00000015406
ENSG00000154342	WNT3A	ENSMUSG00000009900	ENSRNOG00000003039
ENSG00000154358	OBSCN	ENSMUSG00000061462	ENSRNOG00000081635
ENSG00000154359	LONRF1	ENSMUSG00000039633	ENSRNOG00000053706
ENSG00000154370	TRIM11	ENSMUSG00000020455	ENSRNOG00000002915
ENSG00000154380	ENAH	ENSMUSG00000022995	ENSRNOG00000031934
ENSG00000154415	PPP1R3A	ENSMUSG00000042717	ENSRNOG00000059350
ENSG00000154429	CCSAP	ENSMUSG00000031971	ENSRNOG00000074620
ENSG00000154447	SH3RF1	ENSMUSG00000031642	ENSRNOG00000010358
ENSG00000154451	GBP5	ENSMUSG00000105504	ENSRNOG00000032240
ENSG00000154473	BUB3	ENSMUSG00000066979	ENSRNOG00000020643
ENSG00000154478	GPR26	ENSMUSG00000040125	ENSRNOG00000047057
ENSG00000154479	CFAP210	ENSMUSG00000070883	ENSRNOG00000052954
ENSG00000154485	MMP21	ENSMUSG00000030981	ENSRNOG00000017756
ENSG00000154493	C10orf90	ENSMUSG00000030994	ENSRNOG00000027542
ENSG00000154511	DIPK1A	ENSMUSG00000029270	ENSRNOG00000023533
ENSG00000154518	ATP5MC3	ENSMUSG00000018770	ENSRNOG00000001596
ENSG00000154548	SRSF12	ENSMUSG00000054679	ENSRNOG00000069984
ENSG00000154553	PDLIM3	ENSMUSG00000031636	ENSRNOG00000012658
ENSG00000154556	SORBS2	ENSMUSG00000031626	ENSRNOG00000013391
ENSG00000154589	LY96	ENSMUSG00000025779	ENSRNOG00000067966
ENSG00000154611	PSMA8	ENSMUSG00000036743	ENSRNOG00000030363
ENSG00000154640	BTG3	ENSMUSG00000022863	ENSRNOG00000001555
ENSG00000154642	C21orf91	ENSMUSG00000022864	ENSRNOG00000001554
ENSG00000154645	CHODL	ENSMUSG00000022860	ENSRNOG00000001915
ENSG00000154646	TMPRSS15	ENSMUSG00000022857	ENSRNOG00000001916
ENSG00000154654	NCAM2	ENSMUSG00000022762	ENSRNOG00000002126
ENSG00000154655	L3MBTL4	ENSMUSG00000041565	ENSRNOG00000025273
ENSG00000154678	PDE1C	ENSMUSG00000004347	ENSRNOG00000012337
ENSG00000154710	RABGEF1	ENSMUSG00000025340	ENSRNOG00000000895
ENSG00000154719	MRPL39	ENSMUSG00000022889	ENSRNOG00000047563
ENSG00000154721	JAM2	ENSMUSG00000053062	ENSRNOG00000042848
ENSG00000154727	GABPA	ENSMUSG00000008976	ENSRNOG00000053205
ENSG00000154734	ADAMTS1	ENSMUSG00000022893	ENSRNOG00000001607
ENSG00000154736	ADAMTS5	ENSMUSG00000022894	ENSRNOG00000057794
ENSG00000154743	TSEN2	ENSMUSG00000042389	ENSRNOG00000060175
ENSG00000154764	WNT7A	ENSMUSG00000030093	ENSRNOG00000048782
ENSG00000154767	XPC	ENSMUSG00000030094	ENSRNOG00000008274
ENSG00000154781	CCDC174	ENSMUSG00000034083	ENSRNOG00000010090
ENSG00000154783	FGD5	ENSMUSG00000034037	ENSRNOG00000010213
ENSG00000154803	FLCN	ENSMUSG00000032633	ENSRNOG00000003302
ENSG00000154813	DPH3	ENSMUSG00000021905	ENSRNOG00000019727
ENSG00000154814	OXNAD1	ENSMUSG00000021906	ENSRNOG00000019760
ENSG00000154822	PLCL2	ENSMUSG00000038910	ENSRNOG00000013368
ENSG00000154832	CXXC1	ENSMUSG00000024560	ENSRNOG00000014614
ENSG00000154839	SKA1	ENSMUSG00000036223	ENSRNOG00000015275
ENSG00000154845	PPP4R1	ENSMUSG00000061950	ENSRNOG00000013733
ENSG00000154856	APCDD1	ENSMUSG00000071847	ENSRNOG00000043304
ENSG00000154864	PIEZO2	ENSMUSG00000041482	ENSRNOG00000038784
ENSG00000154889	MPPE1	ENSMUSG00000062526	ENSRNOG00000018648
ENSG00000154914	USP43	ENSMUSG00000020905	ENSRNOG00000003785
ENSG00000154917	RAB6B	ENSMUSG00000032549	ENSRNOG00000009198
ENSG00000154920	EME1	ENSMUSG00000039055	ENSRNOG00000024420
ENSG00000154928	EPHB1	ENSMUSG00000032537	ENSRNOG00000007865
ENSG00000154930	ACSS1	ENSMUSG00000027452	ENSRNOG00000007102
ENSG00000154957	ZNF18	ENSMUSG00000018347	ENSRNOG00000003981
ENSG00000154975	CA10	ENSMUSG00000056158	ENSRNOG00000002626
ENSG00000154978	VOPP1	ENSMUSG00000037788	ENSRNOG00000006646
ENSG00000154997	SEPTIN14	ENSMUSG00000034219	ENSRNOG00000038495
ENSG00000155008	APOOL	ENSMUSG00000025525	ENSRNOG00000082020
ENSG00000155011	DKK2	ENSMUSG00000028031	ENSRNOG00000011360
ENSG00000155016	CYP2U1	ENSMUSG00000027983	ENSRNOG00000011053
ENSG00000155066	PROM2	ENSMUSG00000027376	ENSRNOG00000014710
ENSG00000155085	AK9	ENSMUSG00000091415	ENSRNOG00000037688
ENSG00000155087	ODF1	ENSMUSG00000061923	ENSRNOG00000006578
ENSG00000155090	KLF10	ENSMUSG00000037465	ENSRNOG00000006118
ENSG00000155093	PTPRN2	ENSMUSG00000056553	ENSRNOG00000005003
ENSG00000155096	AZIN1	ENSMUSG00000037458	ENSRNOG00000005333
ENSG00000155097	ATP6V1C1	ENSMUSG00000022295	ENSRNOG00000004846
ENSG00000155099	PIP4P2	ENSMUSG00000028221	ENSRNOG00000006697
ENSG00000155100	OTUD6B	ENSMUSG00000040550	ENSRNOG00000006636
ENSG00000155111	CDK19	ENSMUSG00000038481	ENSRNOG00000000583
ENSG00000155115	GTF3C6	ENSMUSG00000019837	ENSRNOG00000000586
ENSG00000155158	TTC39B	ENSMUSG00000038172	ENSRNOG00000042603
ENSG00000155189	AGPAT5	ENSMUSG00000031467	ENSRNOG00000080701
ENSG00000155229	MMS19	ENSMUSG00000025159	ENSRNOG00000046769
ENSG00000155252	PI4K2A	ENSMUSG00000025178	ENSRNOG00000014675
ENSG00000155254	MARVELD1	ENSMUSG00000044345	ENSRNOG00000042620
ENSG00000155256	ZFYVE27	ENSMUSG00000018820	ENSRNOG00000014903
ENSG00000155265	GOLGA7B	ENSMUSG00000042532	ENSRNOG00000015051
ENSG00000155275	TRMT44	ENSMUSG00000029097	ENSRNOG00000008898
ENSG00000155287	SLC25A28	ENSMUSG00000040414	ENSRNOG00000016751
ENSG00000155304	HSPA13	ENSMUSG00000032932	ENSRNOG00000060979
ENSG00000155307	SAMSN1	ENSMUSG00000022876	ENSRNOG00000030930
ENSG00000155313	USP25	ENSMUSG00000022867	ENSRNOG00000001573
ENSG00000155324	GRAMD2B	ENSMUSG00000001700	ENSRNOG00000015225
ENSG00000155329	ZCCHC10	ENSMUSG00000018239	ENSRNOG00000006943
ENSG00000155330	C16orf87	ENSMUSG00000036934	ENSRNOG00000017090
ENSG00000155363	MOV10	ENSMUSG00000002227	ENSRNOG00000012946
ENSG00000155366	RHOC	ENSMUSG00000002233	ENSRNOG00000012630
ENSG00000155367	PPM1J	ENSMUSG00000002228	ENSRNOG00000012481
ENSG00000155380	SLC16A1	ENSMUSG00000032902	ENSRNOG00000019996
ENSG00000155393	HEATR3	ENSMUSG00000031657	ENSRNOG00000015459
ENSG00000155438	NIFK	ENSMUSG00000026377	ENSRNOG00000025701
ENSG00000155463	OXA1L	ENSMUSG00000000959	ENSRNOG00000009713
ENSG00000155465	SLC7A7	ENSMUSG00000000958	ENSRNOG00000010296
ENSG00000155506	LARP1	ENSMUSG00000037331	ENSRNOG00000031544
ENSG00000155508	CNOT8	ENSMUSG00000020515	ENSRNOG00000002630
ENSG00000155511	GRIA1	ENSMUSG00000020524	ENSRNOG00000045816
ENSG00000155530	LRGUK	ENSMUSG00000056215	ENSRNOG00000008775
ENSG00000155545	MIER3	ENSMUSG00000032727	ENSRNOG00000013121
ENSG00000155561	NUP205	ENSMUSG00000038759	ENSRNOG00000010852
ENSG00000155592	ZKSCAN2	ENSMUSG00000030757	ENSRNOG00000024245
ENSG00000155629	PIK3AP1	ENSMUSG00000025017	ENSRNOG00000013309
ENSG00000155636	RBM45	ENSMUSG00000042369	ENSRNOG00000010595
ENSG00000155659	VSIG4	ENSMUSG00000044206	ENSRNOG00000038132
ENSG00000155660	PDIA4	ENSMUSG00000025823	ENSRNOG00000006228
ENSG00000155666	KDM8	ENSMUSG00000030752	ENSRNOG00000015180
ENSG00000155714	PDZD9	ENSMUSG00000030887	ENSRNOG00000016292
ENSG00000155719	OTOA	ENSMUSG00000034990	ENSRNOG00000017487
ENSG00000155729	KCTD18	ENSMUSG00000054770	ENSRNOG00000027091
ENSG00000155744	HYCC2	ENSMUSG00000038174	ENSRNOG00000025079
ENSG00000155749	FLACC1	ENSMUSG00000047528	ENSRNOG00000024917
ENSG00000155754	CATSPERT	ENSMUSG00000072295	ENSRNOG00000012637
ENSG00000155755	TMEM237	ENSMUSG00000038079	ENSRNOG00000024085
ENSG00000155760	FZD7	ENSMUSG00000041075	ENSRNOG00000016119
ENSG00000155761	SPAG17	ENSMUSG00000027867	ENSRNOG00000037196
ENSG00000155792	DEPTOR	ENSMUSG00000022419	ENSRNOG00000004328
ENSG00000155816	FMN2	ENSMUSG00000028354	ENSRNOG00000061764
ENSG00000155827	RNF20	ENSMUSG00000028309	ENSRNOG00000006087
ENSG00000155833	CYLC2	ENSMUSG00000039555	ENSRNOG00000022406
ENSG00000155846	PPARGC1B	ENSMUSG00000033871	ENSRNOG00000017503
ENSG00000155849	ELMO1	ENSMUSG00000041112	ENSRNOG00000059705
ENSG00000155850	SLC26A2	ENSMUSG00000034320	ENSRNOG00000018082
ENSG00000155858	LSM11	ENSMUSG00000044847	ENSRNOG00000005450
ENSG00000155868	MED7	ENSMUSG00000020397	ENSRNOG00000007053
ENSG00000155876	RRAGA	ENSMUSG00000070934	ENSRNOG00000007051
ENSG00000155886	SLC24A2	ENSMUSG00000037996	ENSRNOG00000008169
ENSG00000155890	TRIM42	ENSMUSG00000032451	ENSRNOG00000048975
ENSG00000155893	PXYLP1	ENSMUSG00000043587	ENSRNOG00000012480
ENSG00000155897	ADCY8	ENSMUSG00000022376	ENSRNOG00000004890
ENSG00000155903	RASA2	ENSMUSG00000032413	ENSRNOG00000011909
ENSG00000155906	RMND1	ENSMUSG00000019763	ENSRNOG00000019501
ENSG00000155926	SLA	ENSMUSG00000022372	ENSRNOG00000056714
ENSG00000155957	TMBIM4	ENSMUSG00000020225	ENSRNOG00000004312
ENSG00000155966	AFF2	ENSMUSG00000031189	ENSRNOG00000052572
ENSG00000155970	MICU3	ENSMUSG00000039478	ENSRNOG00000012767
ENSG00000155974	GRIP1	ENSMUSG00000034813	ENSRNOG00000004013
ENSG00000155975	VPS37A	ENSMUSG00000031600	ENSRNOG00000012001
ENSG00000155980	KIF5A	ENSMUSG00000074657	ENSRNOG00000005299
ENSG00000156011	PSD3	ENSMUSG00000030465	ENSRNOG00000013884
ENSG00000156017	CARNMT1	ENSMUSG00000024726	ENSRNOG00000012872
ENSG00000156026	MCU	ENSMUSG00000009647	ENSRNOG00000045920
ENSG00000156030	MIDEAS	ENSMUSG00000042507	ENSRNOG00000010653
ENSG00000156042	CFAP70	ENSMUSG00000039543	ENSRNOG00000007046
ENSG00000156049	GNA14	ENSMUSG00000024697	ENSRNOG00000014840
ENSG00000156050	FAM161B	ENSMUSG00000021234	ENSRNOG00000011112
ENSG00000156076	WIF1	ENSMUSG00000020218	ENSRNOG00000004476
ENSG00000156097	GPR61	ENSMUSG00000046793	ENSRNOG00000019738
ENSG00000156103	MMP16	ENSMUSG00000028226	ENSRNOG00000005708
ENSG00000156110	ADK	ENSMUSG00000039197	ENSRNOG00000012325
ENSG00000156113	KCNMA1	ENSMUSG00000063142	ENSRNOG00000005985
ENSG00000156127	BATF	ENSMUSG00000034266	ENSRNOG00000008588
ENSG00000156136	DCK	ENSMUSG00000029366	ENSRNOG00000003296
ENSG00000156140	ADAMTS3	ENSMUSG00000043635	ENSRNOG00000027463
ENSG00000156150	ALX3	ENSMUSG00000014603	ENSRNOG00000018290
ENSG00000156162	DPY19L4	ENSMUSG00000045205	ENSRNOG00000025416
ENSG00000156170	NDUFAF6	ENSMUSG00000050323	ENSRNOG00000040040
ENSG00000156171	DRAM2	ENSMUSG00000027900	ENSRNOG00000017744
ENSG00000156172	CFAP418	ENSMUSG00000059482	ENSRNOG00000026672
ENSG00000156194	PPEF2	ENSMUSG00000029410	ENSRNOG00000052061
ENSG00000156206	CFAP161	ENSMUSG00000011154	ENSRNOG00000012301
ENSG00000156218	ADAMTSL3	ENSMUSG00000070469	ENSRNOG00000010840
ENSG00000156219	ART3	ENSMUSG00000034842	ENSRNOG00000002256
ENSG00000156222	SLC28A1	ENSMUSG00000025726	ENSRNOG00000018940
ENSG00000156232	WHAMM	ENSMUSG00000045795	ENSRNOG00000028113
ENSG00000156234	CXCL13	ENSMUSG00000023078	ENSRNOG00000024899
ENSG00000156239	HEMK2	ENSMUSG00000044442	ENSRNOG00000001603
ENSG00000156253	RWDD2B	ENSMUSG00000041079	ENSRNOG00000001599
ENSG00000156256	USP16	ENSMUSG00000025616	ENSRNOG00000001598
ENSG00000156261	CCT8	ENSMUSG00000025613	ENSRNOG00000001592
ENSG00000156273	BACH1	ENSMUSG00000025612	ENSRNOG00000001582
ENSG00000156284	CLDN8	ENSMUSG00000050520	ENSRNOG00000080263
ENSG00000156299	TIAM1	ENSMUSG00000002489	ENSRNOG00000021569
ENSG00000156304	SCAF4	ENSMUSG00000022983	ENSRNOG00000002104
ENSG00000156313	RPGR	ENSMUSG00000031174	ENSRNOG00000003013
ENSG00000156345	CDK20	ENSMUSG00000021483	ENSRNOG00000017991
ENSG00000156381	ANKRD9	ENSMUSG00000037904	ENSRNOG00000072270
ENSG00000156384	SFR1	ENSMUSG00000025066	ENSRNOG00000012641
ENSG00000156395	SORCS3	ENSMUSG00000063434	ENSRNOG00000028832
ENSG00000156398	SFXN2	ENSMUSG00000025036	ENSRNOG00000066618
ENSG00000156414	TDRD9	ENSMUSG00000054003	ENSRNOG00000053631
ENSG00000156427	FGF18	ENSMUSG00000057967	ENSRNOG00000048389
ENSG00000156453	PCDH1	ENSMUSG00000051375	ENSRNOG00000060410
ENSG00000156463	SH3RF2	ENSMUSG00000057719	ENSRNOG00000018780
ENSG00000156466	GDF6	ENSMUSG00000051279	ENSRNOG00000067800
ENSG00000156467	UQCRB	ENSMUSG00000021520	ENSRNOG00000024967
ENSG00000156469	MTERF3	ENSMUSG00000021519	ENSRNOG00000004492
ENSG00000156471	PTDSS1	ENSMUSG00000021518	ENSRNOG00000052289
ENSG00000156475	PPP2R2B	ENSMUSG00000024500	ENSRNOG00000018851
ENSG00000156482	RPL30	ENSMUSG00000058600	ENSRNOG00000057677
ENSG00000156486	KCNS2	ENSMUSG00000050963	ENSRNOG00000066111
ENSG00000156500	PABIR3	ENSMUSG00000036013	ENSRNOG00000028011
ENSG00000156502	SUPV3L1	ENSMUSG00000020079	ENSRNOG00000000392
ENSG00000156504	PABIR2	ENSMUSG00000036022	ENSRNOG00000002285
ENSG00000156509	FBXO43	ENSMUSG00000048230	ENSRNOG00000010459
ENSG00000156510	HKDC1	ENSMUSG00000020080	ENSRNOG00000049045
ENSG00000156515	HK1	ENSMUSG00000037012	ENSRNOG00000046891
ENSG00000156521	TYSND1	ENSMUSG00000020087	ENSRNOG00000024839
ENSG00000156531	PHF6	ENSMUSG00000025626	ENSRNOG00000002276
ENSG00000156535	CD109	ENSMUSG00000046186	ENSRNOG00000025332
ENSG00000156564	LRFN2	ENSMUSG00000040490	ENSRNOG00000011803
ENSG00000156574	NODAL	ENSMUSG00000037171	ENSRNOG00000000556
ENSG00000156575	PRG3	ENSMUSG00000027072	ENSRNOG00000037908
ENSG00000156587	UBE2L6	ENSMUSG00000027078	ENSRNOG00000030467
ENSG00000156599	ZDHHC5	ENSMUSG00000034075	ENSRNOG00000006832
ENSG00000156603	MED19	ENSMUSG00000027080	ENSRNOG00000006050
ENSG00000156639	ZFAND3	ENSMUSG00000044477	ENSRNOG00000059659
ENSG00000156642	NPTN	ENSMUSG00000032336	ENSRNOG00000009029
ENSG00000156650	KAT6B	ENSMUSG00000021767	ENSRNOG00000012850
ENSG00000156671	SAMD8	ENSMUSG00000021770	ENSRNOG00000013236
ENSG00000156675	RAB11FIP1	ENSMUSG00000031488	ENSRNOG00000058940
ENSG00000156687	UNC5D	ENSMUSG00000063626	ENSRNOG00000011858
ENSG00000156709	AIFM1	ENSMUSG00000036932	ENSRNOG00000006067
ENSG00000156711	MAPK13	ENSMUSG00000004864	ENSRNOG00000000515
ENSG00000156735	BAG4	ENSMUSG00000037316	ENSRNOG00000042560
ENSG00000156738	MS4A1	ENSMUSG00000024673	ENSRNOG00000020945
ENSG00000156787	TBC1D31	ENSMUSG00000022364	ENSRNOG00000006103
ENSG00000156795	NTAQ1	ENSMUSG00000022359	ENSRNOG00000006700
ENSG00000156804	FBXO32	ENSMUSG00000022358	ENSRNOG00000006738
ENSG00000156831	NSMCE2	ENSMUSG00000059586	ENSRNOG00000003964
ENSG00000156853	ZNF689	ENSMUSG00000048921	ENSRNOG00000066277
ENSG00000156858	PRR14	ENSMUSG00000030822	ENSRNOG00000018518
ENSG00000156860	FBRS	ENSMUSG00000042423	ENSRNOG00000042728
ENSG00000156869	FRRS1	ENSMUSG00000033386	ENSRNOG00000016351
ENSG00000156873	PHKG2	ENSMUSG00000030815	ENSRNOG00000018725
ENSG00000156875	SLC71A1	ENSMUSG00000089911	ENSRNOG00000086718
ENSG00000156876	SASS6	ENSMUSG00000027959	ENSRNOG00000015211
ENSG00000156885	COX6A2	ENSMUSG00000030785	ENSRNOG00000019851
ENSG00000156886	ITGAD	ENSMUSG00000070369	ENSRNOG00000068399
ENSG00000156920	ADGRG4	ENSMUSG00000053852	ENSRNOG00000079314
ENSG00000156925	ZIC3	ENSMUSG00000067860	ENSRNOG00000000861
ENSG00000156928	MALSU1	ENSMUSG00000029815	ENSRNOG00000009035
ENSG00000156931	VPS8	ENSMUSG00000033653	ENSRNOG00000001764
ENSG00000156958	GALK2	ENSMUSG00000027207	ENSRNOG00000009289
ENSG00000156959	LHFPL4	ENSMUSG00000042873	ENSRNOG00000091268
ENSG00000156966	B3GNT7	ENSMUSG00000079445	ENSRNOG00000018267
ENSG00000156968	MPV17L	ENSMUSG00000022679	ENSRNOG00000003285
ENSG00000156970	BUB1B	ENSMUSG00000040084	ENSRNOG00000007906
ENSG00000156973	PDE6D	ENSMUSG00000026239	ENSRNOG00000018610
ENSG00000156976	EIF4A2	ENSMUSG00000022884	ENSRNOG00000001815
ENSG00000156983	BRPF1	ENSMUSG00000001632	ENSRNOG00000008142
ENSG00000156990	RPUSD3	ENSMUSG00000051169	ENSRNOG00000009084
ENSG00000157005	SST	ENSMUSG00000004366	ENSRNOG00000001837
ENSG00000157014	TATDN2	ENSMUSG00000056952	ENSRNOG00000042482
ENSG00000157017	GHRL	ENSMUSG00000064177	ENSRNOG00000010349
ENSG00000157036	EXOG	ENSMUSG00000042787	ENSRNOG00000014801
ENSG00000157045	NTAN1	ENSMUSG00000022681	ENSRNOG00000080737
ENSG00000157060	SHCBP1L	ENSMUSG00000042708	ENSRNOG00000002691
ENSG00000157064	NMNAT2	ENSMUSG00000042751	ENSRNOG00000027697
ENSG00000157077	ZFYVE9	ENSMUSG00000034557	ENSRNOG00000027183
ENSG00000157087	ATP2B2	ENSMUSG00000030302	ENSRNOG00000030269
ENSG00000157093	LYZL4	ENSMUSG00000032530	ENSRNOG00000019350
ENSG00000157103	SLC6A1	ENSMUSG00000030310	ENSRNOG00000006527
ENSG00000157106	SMG1	ENSMUSG00000030655	ENSRNOG00000047386
ENSG00000157107	FCHO2	ENSMUSG00000041685	ENSRNOG00000015334
ENSG00000157110	RBPMS	ENSMUSG00000031586	ENSRNOG00000013328
ENSG00000157111	TMEM171	ENSMUSG00000052485	ENSRNOG00000015449
ENSG00000157119	KLHL40	ENSMUSG00000074001	ENSRNOG00000019390
ENSG00000157131	C8A	ENSMUSG00000035031	ENSRNOG00000007697
ENSG00000157150	TIMP4	ENSMUSG00000030317	ENSRNOG00000007955
ENSG00000157152	SYN2	ENSMUSG00000009394	ENSRNOG00000008157
ENSG00000157168	NRG1	ENSMUSG00000062991	ENSRNOG00000010392
ENSG00000157181	ODR4	ENSMUSG00000006010	ENSRNOG00000002473
ENSG00000157184	CPT2	ENSMUSG00000028607	ENSRNOG00000012443
ENSG00000157191	NECAP2	ENSMUSG00000028923	ENSRNOG00000008427
ENSG00000157193	LRP8	ENSMUSG00000028613	ENSRNOG00000013064
ENSG00000157211	CDCP2	ENSMUSG00000047636	ENSRNOG00000009221
ENSG00000157212	PAXIP1	ENSMUSG00000002221	ENSRNOG00000007131
ENSG00000157214	STEAP2	ENSMUSG00000015653	ENSRNOG00000006076
ENSG00000157216	SSBP3	ENSMUSG00000061887	ENSRNOG00000007920
ENSG00000157219	HTR5A	ENSMUSG00000039106	ENSRNOG00000007066
ENSG00000157224	CLDN12	ENSMUSG00000046798	ENSRNOG00000039862
ENSG00000157227	MMP14	ENSMUSG00000000957	ENSRNOG00000010947
ENSG00000157240	FZD1	ENSMUSG00000044674	ENSRNOG00000062541
ENSG00000157259	GATAD1	ENSMUSG00000007415	ENSRNOG00000008613
ENSG00000157303	SUSD3	ENSMUSG00000021384	ENSRNOG00000016525
ENSG00000157315	TMED6	ENSMUSG00000031919	ENSRNOG00000020406
ENSG00000157330	CFAP107	ENSMUSG00000028589	ENSRNOG00000043039
ENSG00000157343	ARMC12	ENSMUSG00000024223	ENSRNOG00000000508
ENSG00000157349	DDX19B	ENSMUSG00000033658	ENSRNOG00000064019
ENSG00000157350	ST3GAL2	ENSMUSG00000031749	ENSRNOG00000017932
ENSG00000157353	FCSK	ENSMUSG00000033703	ENSRNOG00000059453
ENSG00000157368	IL34	ENSMUSG00000031750	ENSRNOG00000017602
ENSG00000157379	DHRS1	ENSMUSG00000002332	ENSRNOG00000020264
ENSG00000157388	CACNA1D	ENSMUSG00000015968	ENSRNOG00000013147
ENSG00000157404	KIT	ENSMUSG00000005672	ENSRNOG00000002227
ENSG00000157423	HYDIN	ENSMUSG00000059854	ENSRNOG00000017178
ENSG00000157426	AASDH	ENSMUSG00000055923	ENSRNOG00000002137
ENSG00000157445	CACNA2D3	ENSMUSG00000021991	ENSRNOG00000031287
ENSG00000157450	RNF111	ENSMUSG00000032217	ENSRNOG00000060750
ENSG00000157470	FAM81A	ENSMUSG00000032224	ENSRNOG00000057501
ENSG00000157483	MYO1E	ENSMUSG00000032220	ENSRNOG00000061928
ENSG00000157500	APPL1	ENSMUSG00000040760	ENSRNOG00000013574
ENSG00000157502	PWWP3B	ENSMUSG00000042515	ENSRNOG00000030475
ENSG00000157510	AFAP1L1	ENSMUSG00000033032	ENSRNOG00000019403
ENSG00000157514	TSC22D3	ENSMUSG00000031431	ENSRNOG00000056135
ENSG00000157538	VPS26C	ENSMUSG00000022898	ENSRNOG00000001681
ENSG00000157540	DYRK1A	ENSMUSG00000022897	ENSRNOG00000001662
ENSG00000157542	KCNJ6	ENSMUSG00000043301	ENSRNOG00000001658
ENSG00000157551	KCNJ15	ENSMUSG00000062609	ENSRNOG00000062944
ENSG00000157554	ERG	ENSMUSG00000040732	ENSRNOG00000001652
ENSG00000157557	ETS2	ENSMUSG00000022895	ENSRNOG00000001647
ENSG00000157570	TSPAN18	ENSMUSG00000027217	ENSRNOG00000008758
ENSG00000157578	LCA5L	ENSMUSG00000045275	ENSRNOG00000028248
ENSG00000157593	SLC35B2	ENSMUSG00000037089	ENSRNOG00000019900
ENSG00000157600	TMEM164	ENSMUSG00000047045	ENSRNOG00000012787
ENSG00000157613	CREB3L1	ENSMUSG00000027230	ENSRNOG00000005413
ENSG00000157617	C2CD2	ENSMUSG00000045975	ENSRNOG00000001621
ENSG00000157625	TAB3	ENSMUSG00000035476	ENSRNOG00000003643
ENSG00000157637	SLC38A10	ENSMUSG00000061306	ENSRNOG00000004604
ENSG00000157653	C9orf43	ENSMUSG00000058046	ENSRNOG00000024506
ENSG00000157654	PALM2AKAP2	ENSMUSG00000038729	ENSRNOG00000011504
ENSG00000157657	ZNF618	ENSMUSG00000028358	ENSRNOG00000062890
ENSG00000157680	DGKI	ENSMUSG00000038665	ENSRNOG00000026705
ENSG00000157693	TMEM268	ENSMUSG00000045917	ENSRNOG00000008712
ENSG00000157703	SVOPL	ENSMUSG00000029830	ENSRNOG00000013378
ENSG00000157734	SNX22	ENSMUSG00000039452	ENSRNOG00000022852
ENSG00000157741	UBN2	ENSMUSG00000038538	ENSRNOG00000005564
ENSG00000157764	BRAF	ENSMUSG00000002413	ENSRNOG00000010957
ENSG00000157765	SLC34A2	ENSMUSG00000029188	ENSRNOG00000004626
ENSG00000157766	ACAN	ENSMUSG00000030607	ENSRNOG00000028992
ENSG00000157778	PSMG3	ENSMUSG00000029551	ENSRNOG00000001273
ENSG00000157782	CABP1	ENSMUSG00000029544	ENSRNOG00000001173
ENSG00000157796	WDR19	ENSMUSG00000037890	ENSRNOG00000002932
ENSG00000157823	AP3S2	ENSMUSG00000063801	ENSRNOG00000043141
ENSG00000157827	FMNL2	ENSMUSG00000036053	ENSRNOG00000055567
ENSG00000157833	GAREM2	ENSMUSG00000044576	ENSRNOG00000048004
ENSG00000157837	SPPL3	ENSMUSG00000029550	ENSRNOG00000001178
ENSG00000157851	DPYSL5	ENSMUSG00000029168	ENSRNOG00000008996
ENSG00000157856	DRC1	ENSMUSG00000073102	ENSRNOG00000024905
ENSG00000157870	PRXL2B	ENSMUSG00000029059	ENSRNOG00000085951
ENSG00000157881	PANK4	ENSMUSG00000029056	ENSRNOG00000014044
ENSG00000157884	CIB4	ENSMUSG00000053194	ENSRNOG00000009898
ENSG00000157890	MEGF11	ENSMUSG00000036466	ENSRNOG00000010634
ENSG00000157895	C12orf43	ENSMUSG00000029559	ENSRNOG00000001185
ENSG00000157911	PEX10	ENSMUSG00000029047	ENSRNOG00000024012
ENSG00000157916	RER1	ENSMUSG00000029048	ENSRNOG00000014270
ENSG00000157927	RADIL	ENSMUSG00000029576	ENSRNOG00000024456
ENSG00000157933	SKI	ENSMUSG00000029050	ENSRNOG00000055340
ENSG00000157954	WIPI2	ENSMUSG00000029578	ENSRNOG00000001114
ENSG00000157978	LDLRAP1	ENSMUSG00000037295	ENSRNOG00000000151
ENSG00000157985	AGAP1	ENSMUSG00000055013	ENSRNOG00000019476
ENSG00000157992	KRTCAP3	ENSMUSG00000029149	ENSRNOG00000047941
ENSG00000157999	ANKRD61	ENSMUSG00000029607	ENSRNOG00000001048
ENSG00000158006	PAFAH2	ENSMUSG00000037366	ENSRNOG00000022288
ENSG00000158008	EXTL1	ENSMUSG00000028838	ENSRNOG00000016776
ENSG00000158014	SLC30A2	ENSMUSG00000028836	ENSRNOG00000054142
ENSG00000158019	BABAM2	ENSMUSG00000052139	ENSRNOG00000004364
ENSG00000158022	TRIM63	ENSMUSG00000028834	ENSRNOG00000016543
ENSG00000158042	MRPL17	ENSMUSG00000030879	ENSRNOG00000019497
ENSG00000158050	DUSP2	ENSMUSG00000027368	ENSRNOG00000013862
ENSG00000158055	GRHL3	ENSMUSG00000037188	ENSRNOG00000029427
ENSG00000158062	UBXN11	ENSMUSG00000012126	ENSRNOG00000015476
ENSG00000158077	NLRP14	ENSMUSG00000016626	ENSRNOG00000023847
ENSG00000158079	PTPDC1	ENSMUSG00000038042	ENSRNOG00000086607
ENSG00000158089	GALNT14	ENSMUSG00000024064	ENSRNOG00000007951
ENSG00000158092	NCK1	ENSMUSG00000032475	ENSRNOG00000014917
ENSG00000158104	HPD	ENSMUSG00000029445	ENSRNOG00000001338
ENSG00000158106	RHPN1	ENSMUSG00000022580	ENSRNOG00000007597
ENSG00000158109	TPRG1L	ENSMUSG00000029030	ENSRNOG00000046227
ENSG00000158113	LRRC43	ENSMUSG00000063409	ENSRNOG00000008470
ENSG00000158122	PRXL2C	ENSMUSG00000021482	ENSRNOG00000018886
ENSG00000158125	XDH	ENSMUSG00000024066	ENSRNOG00000007081
ENSG00000158156	XKR8	ENSMUSG00000037752	ENSRNOG00000024312
ENSG00000158158	CNNM4	ENSMUSG00000037408	ENSRNOG00000015886
ENSG00000158161	EYA3	ENSMUSG00000028886	ENSRNOG00000010396
ENSG00000158163	DZIP1L	ENSMUSG00000037784	ENSRNOG00000014746
ENSG00000158169	FANCC	ENSMUSG00000021461	ENSRNOG00000016889
ENSG00000158186	MRAS	ENSMUSG00000032470	ENSRNOG00000014060
ENSG00000158195	WASF2	ENSMUSG00000028868	ENSRNOG00000009805
ENSG00000158201	ABHD3	ENSMUSG00000002475	ENSRNOG00000029370
ENSG00000158220	ESYT3	ENSMUSG00000037681	ENSRNOG00000022704
ENSG00000158258	CLSTN2	ENSMUSG00000032452	ENSRNOG00000043085
ENSG00000158270	COLEC12	ENSMUSG00000036103	ENSRNOG00000016366
ENSG00000158286	RNF207	ENSMUSG00000058498	ENSRNOG00000033722
ENSG00000158290	CUL4B	ENSMUSG00000031095	ENSRNOG00000002585
ENSG00000158292	GPR153	ENSMUSG00000042804	ENSRNOG00000010718
ENSG00000158296	SLC13A3	ENSMUSG00000018459	ENSRNOG00000019118
ENSG00000158301	GPRASP2	ENSMUSG00000072966	ENSRNOG00000037658
ENSG00000158315	RHBDL2	ENSMUSG00000043333	ENSRNOG00000026592
ENSG00000158321	AUTS2	ENSMUSG00000029673	ENSRNOG00000000885
ENSG00000158352	SHROOM4	ENSMUSG00000068270	ENSRNOG00000002959
ENSG00000158402	CDC25C	ENSMUSG00000044201	ENSRNOG00000024008
ENSG00000158406	H4C8	ENSMUSG00000060093	ENSRNOG00000066473
ENSG00000158411	MITD1	ENSMUSG00000026088	ENSRNOG00000018467
ENSG00000158423	RIBC1	ENSMUSG00000025257	ENSRNOG00000003081
ENSG00000158428	CATIP	ENSMUSG00000073650	ENSRNOG00000037835
ENSG00000158435	CNOT11	ENSMUSG00000003135	ENSRNOG00000023220
ENSG00000158445	KCNB1	ENSMUSG00000050556	ENSRNOG00000046949
ENSG00000158457	TSPAN33	ENSMUSG00000001763	ENSRNOG00000007900
ENSG00000158458	NRG2	ENSMUSG00000060275	ENSRNOG00000019093
ENSG00000158467	AHCYL2	ENSMUSG00000029772	ENSRNOG00000039300
ENSG00000158470	B4GALT5	ENSMUSG00000017929	ENSRNOG00000008283
ENSG00000158480	SPATA2	ENSMUSG00000047030	ENSRNOG00000009207
ENSG00000158486	DNAH3	ENSMUSG00000052273	ENSRNOG00000050426
ENSG00000158516	CPA2	ENSMUSG00000071553	ENSRNOG00000010463
ENSG00000158517	NCF1	ENSMUSG00000015950	ENSRNOG00000001480
ENSG00000158525	CPA5	ENSMUSG00000029788	ENSRNOG00000010467
ENSG00000158526	TSR2	ENSMUSG00000025264	ENSRNOG00000064917
ENSG00000158528	PPP1R9A	ENSMUSG00000032827	ENSRNOG00000008869
ENSG00000158545	ZC3H18	ENSMUSG00000017478	ENSRNOG00000028501
ENSG00000158552	ZFAND2B	ENSMUSG00000026197	ENSRNOG00000018639
ENSG00000158553	POM121L2	ENSMUSG00000016982	ENSRNOG00000061510
ENSG00000158555	GDPD5	ENSMUSG00000035314	ENSRNOG00000036859
ENSG00000158560	DYNC1I1	ENSMUSG00000029757	ENSRNOG00000009700
ENSG00000158571	PFKFB1	ENSMUSG00000025271	ENSRNOG00000000165
ENSG00000158578	ALAS2	ENSMUSG00000025270	ENSRNOG00000000167
ENSG00000158604	TMED4	ENSMUSG00000004394	ENSRNOG00000005016
ENSG00000158615	PPP1R15B	ENSMUSG00000046062	ENSRNOG00000028493
ENSG00000158623	COPG2	ENSMUSG00000025607	ENSRNOG00000011014
ENSG00000158636	EMSY	ENSMUSG00000035401	ENSRNOG00000015560
ENSG00000158669	GPAT4	ENSMUSG00000031545	ENSRNOG00000018077
ENSG00000158683	PKD1L1	ENSMUSG00000046634	ENSRNOG00000004865
ENSG00000158691	ZSCAN12	ENSMUSG00000036721	ENSRNOG00000052959
ENSG00000158710	TAGLN2	ENSMUSG00000026547	ENSRNOG00000008301
ENSG00000158711	ELK4	ENSMUSG00000026436	ENSRNOG00000077523
ENSG00000158714	SLAMF8	ENSMUSG00000053318	ENSRNOG00000008736
ENSG00000158715	SLC45A3	ENSMUSG00000026435	ENSRNOG00000007591
ENSG00000158716	DUSP23	ENSMUSG00000026544	ENSRNOG00000022143
ENSG00000158717	RNF166	ENSMUSG00000014470	ENSRNOG00000013777
ENSG00000158747	NBL1	ENSMUSG00000041120	ENSRNOG00000049402
ENSG00000158773	USF1	ENSMUSG00000026641	ENSRNOG00000004255
ENSG00000158786	PLA2G2F	ENSMUSG00000028749	ENSRNOG00000016798
ENSG00000158792	SPATA2L	ENSMUSG00000033594	ENSRNOG00000016167
ENSG00000158793	NIT1	ENSMUSG00000013997	ENSRNOG00000003881
ENSG00000158796	DEDD	ENSMUSG00000013973	ENSRNOG00000003779
ENSG00000158805	ZNF276	ENSMUSG00000001065	ENSRNOG00000016631
ENSG00000158806	NPM2	ENSMUSG00000047911	ENSRNOG00000025638
ENSG00000158815	FGF17	ENSMUSG00000022101	ENSRNOG00000012912
ENSG00000158816	VWA5B1	ENSMUSG00000028753	ENSRNOG00000016553
ENSG00000158825	CDA	ENSMUSG00000028755	ENSRNOG00000015677
ENSG00000158828	PINK1	ENSMUSG00000028756	ENSRNOG00000015385
ENSG00000158850	B4GALT3	ENSMUSG00000052423	ENSRNOG00000003551
ENSG00000158856	DMTN	ENSMUSG00000022099	ENSRNOG00000012273
ENSG00000158859	ADAMTS4	ENSMUSG00000006403	ENSRNOG00000003538
ENSG00000158863	FHIP2B	ENSMUSG00000022095	ENSRNOG00000012014
ENSG00000158864	NDUFS2	ENSMUSG00000013593	ENSRNOG00000038372
ENSG00000158865	SLC5A11	ENSMUSG00000030769	ENSRNOG00000013407
ENSG00000158869	FCER1G	ENSMUSG00000058715	ENSRNOG00000024159
ENSG00000158874	APOA2	ENSMUSG00000005681	ENSRNOG00000003500
ENSG00000158882	TOMM40L	ENSMUSG00000005674	ENSRNOG00000003398
ENSG00000158887	MPZ	ENSMUSG00000056569	ENSRNOG00000003171
ENSG00000158901	WFDC8	ENSMUSG00000070533	ENSRNOG00000014771
ENSG00000158941	CCAR2	ENSMUSG00000033712	ENSRNOG00000018295
ENSG00000158955	WNT9B	ENSMUSG00000018486	ENSRNOG00000003807
ENSG00000158966	CACHD1	ENSMUSG00000028532	ENSRNOG00000010514
ENSG00000158985	CDC42SE2	ENSMUSG00000052298	ENSRNOG00000042449
ENSG00000158987	RAPGEF6	ENSMUSG00000037533	ENSRNOG00000009995
ENSG00000159023	EPB41	ENSMUSG00000028906	ENSRNOG00000010037
ENSG00000159055	MIS18A	ENSMUSG00000022978	ENSRNOG00000021555
ENSG00000159063	ALG8	ENSMUSG00000035704	ENSRNOG00000012292
ENSG00000159069	FBXW5	ENSMUSG00000015095	ENSRNOG00000028674
ENSG00000159079	CFAP298	ENSMUSG00000022972	ENSRNOG00000021399
ENSG00000159082	SYNJ1	ENSMUSG00000022973	ENSRNOG00000002051
ENSG00000159086	PAXBP1	ENSMUSG00000022974	ENSRNOG00000002036
ENSG00000159110	IFNAR2	ENSMUSG00000022971	ENSRNOG00000045668
ENSG00000159111	MRPL10	ENSMUSG00000001445	ENSRNOG00000009567
ENSG00000159128	IFNGR2	ENSMUSG00000022965	ENSRNOG00000002032
ENSG00000159131	GART	ENSMUSG00000022962	ENSRNOG00000028292
ENSG00000159140	SON	ENSMUSG00000022961	ENSRNOG00000002021
ENSG00000159147	DONSON	ENSMUSG00000022960	ENSRNOG00000002012
ENSG00000159164	SV2A	ENSMUSG00000038486	ENSRNOG00000021182
ENSG00000159166	LAD1	ENSMUSG00000041782	ENSRNOG00000009144
ENSG00000159167	STC1	ENSMUSG00000014813	ENSRNOG00000015075
ENSG00000159173	TNNI1	ENSMUSG00000026418	ENSRNOG00000009073
ENSG00000159176	CSRP1	ENSMUSG00000026421	ENSRNOG00000008937
ENSG00000159184	HOXB13	ENSMUSG00000049604	ENSRNOG00000007491
ENSG00000159189	C1QC	ENSMUSG00000036896	ENSRNOG00000012804
ENSG00000159197	KCNE2	ENSMUSG00000039672	ENSRNOG00000029811
ENSG00000159200	RCAN1	ENSMUSG00000022951	ENSRNOG00000001979
ENSG00000159202	UBE2Z	ENSMUSG00000014349	ENSRNOG00000006868
ENSG00000159208	CIART	ENSMUSG00000038550	ENSRNOG00000042717
ENSG00000159210	SNF8	ENSMUSG00000006058	ENSRNOG00000006500
ENSG00000159212	CLIC6	ENSMUSG00000022949	ENSRNOG00000026870
ENSG00000159214	CCDC24	ENSMUSG00000078588	ENSRNOG00000019586
ENSG00000159216	RUNX1	ENSMUSG00000022952	ENSRNOG00000001704
ENSG00000159217	IGF2BP1	ENSMUSG00000013415	ENSRNOG00000006122
ENSG00000159224	GIP	ENSMUSG00000014351	ENSRNOG00000006306
ENSG00000159231	CBR3	ENSMUSG00000022947	ENSRNOG00000001701
ENSG00000159248	GJD2	ENSMUSG00000068615	ENSRNOG00000008337
ENSG00000159251	ACTC1	ENSMUSG00000068614	ENSRNOG00000008536
ENSG00000159256	MORC3	ENSMUSG00000039456	ENSRNOG00000026236
ENSG00000159259	CHAF1B	ENSMUSG00000022945	ENSRNOG00000001692
ENSG00000159261	CLDN14	ENSMUSG00000047109	ENSRNOG00000001691
ENSG00000159263	SIM2	ENSMUSG00000062713	ENSRNOG00000054203
ENSG00000159267	HLCS	ENSMUSG00000040820	ENSRNOG00000001686
ENSG00000159307	SCUBE1	ENSMUSG00000016763	ENSRNOG00000010617
ENSG00000159314	ARHGAP27	ENSMUSG00000034255	ENSRNOG00000028569
ENSG00000159322	ADPGK	ENSMUSG00000025236	ENSRNOG00000026178
ENSG00000159337	PLA2G4D	ENSMUSG00000070719	ENSRNOG00000037231
ENSG00000159339	PADI4	ENSMUSG00000025330	ENSRNOG00000006855
ENSG00000159346	ADIPOR1	ENSMUSG00000026457	ENSRNOG00000004143
ENSG00000159348	CYB5R1	ENSMUSG00000026456	ENSRNOG00000003973
ENSG00000159352	PSMD4	ENSMUSG00000005625	ENSRNOG00000021042
ENSG00000159363	ATP13A2	ENSMUSG00000036622	ENSRNOG00000008052
ENSG00000159374	M1AP	ENSMUSG00000030041	ENSRNOG00000007288
ENSG00000159377	PSMB4	ENSMUSG00000005779	ENSRNOG00000020979
ENSG00000159387	IRX6	ENSMUSG00000031738	ENSRNOG00000011037
ENSG00000159388	BTG2	ENSMUSG00000020423	ENSRNOG00000003300
ENSG00000159398	CES5A	ENSMUSG00000058019	ENSRNOG00000025710
ENSG00000159399	HK2	ENSMUSG00000000628	ENSRNOG00000006116
ENSG00000159409	CELF3	ENSMUSG00000028137	ENSRNOG00000020875
ENSG00000159423	ALDH4A1	ENSMUSG00000028737	ENSRNOG00000071265
ENSG00000159445	THEM4	ENSMUSG00000028145	ENSRNOG00000020829
ENSG00000159459	UBR1	ENSMUSG00000027272	ENSRNOG00000037207
ENSG00000159461	AMFR	ENSMUSG00000031751	ENSRNOG00000055446
ENSG00000159479	MED8	ENSMUSG00000006392	ENSRNOG00000028477
ENSG00000159495	TGM7	ENSMUSG00000079103	ENSRNOG00000037203
ENSG00000159556	ISL2	ENSMUSG00000032318	ENSRNOG00000015336
ENSG00000159579	RSPRY1	ENSMUSG00000050079	ENSRNOG00000060931
ENSG00000159588	CCDC17	ENSMUSG00000034035	ENSRNOG00000023216
ENSG00000159593	NAE1	ENSMUSG00000031878	ENSRNOG00000033133
ENSG00000159596	TMEM69	ENSMUSG00000055900	ENSRNOG00000029152
ENSG00000159618	ADGRG5	ENSMUSG00000061577	ENSRNOG00000039891
ENSG00000159625	DRC7	ENSMUSG00000031786	ENSRNOG00000025860
ENSG00000159640	ACE	ENSMUSG00000020681	ENSRNOG00000062101
ENSG00000159648	SPMIP8	ENSMUSG00000090206	ENSRNOG00000013465
ENSG00000159650	UROC1	ENSMUSG00000034456	ENSRNOG00000043404
ENSG00000159658	EFCAB14	ENSMUSG00000034210	ENSRNOG00000010091
ENSG00000159674	SPON2	ENSMUSG00000037379	ENSRNOG00000006033
ENSG00000159685	CHCHD6	ENSMUSG00000030086	ENSRNOG00000060248
ENSG00000159692	CTBP1	ENSMUSG00000037373	ENSRNOG00000005428
ENSG00000159708	LRRC36	ENSMUSG00000054320	ENSRNOG00000016854
ENSG00000159713	TPPP3	ENSMUSG00000014846	ENSRNOG00000016890
ENSG00000159714	ZDHHC1	ENSMUSG00000039199	ENSRNOG00000017045
ENSG00000159720	ATP6V0D1	ENSMUSG00000013160	ENSRNOG00000017235
ENSG00000159723	AGRP	ENSMUSG00000005705	ENSRNOG00000039001
ENSG00000159733	ZFYVE28	ENSMUSG00000037224	ENSRNOG00000014874
ENSG00000159753	CARMIL2	ENSMUSG00000050357	ENSRNOG00000024452
ENSG00000159761	C16orf86	ENSMUSG00000013158	ENSRNOG00000017867
ENSG00000159763	PIP	ENSMUSG00000058499	ENSRNOG00000016076
ENSG00000159784	FAM131B	ENSMUSG00000029861	ENSRNOG00000017149
ENSG00000159788	RGS12	ENSMUSG00000029101	ENSRNOG00000030568
ENSG00000159792	PSKH1	ENSMUSG00000048310	ENSRNOG00000019290
ENSG00000159840	ZYX	ENSMUSG00000029860	ENSRNOG00000017354
ENSG00000159842	ABR	ENSMUSG00000017631	ENSRNOG00000056837
ENSG00000159871	LYPD5	ENSMUSG00000030484	ENSRNOG00000019432
ENSG00000159873	CCDC117	ENSMUSG00000020482	ENSRNOG00000010706
ENSG00000159884	CCDC107	ENSMUSG00000028461	ENSRNOG00000017253
ENSG00000159899	NPR2	ENSMUSG00000028469	ENSRNOG00000015991
ENSG00000159921	GNE	ENSMUSG00000028479	ENSRNOG00000014365
ENSG00000159958	TNFRSF13C	ENSMUSG00000068105	ENSRNOG00000007664
ENSG00000160007	ARHGAP35	ENSMUSG00000058230	ENSRNOG00000015852
ENSG00000160013	PTGIR	ENSMUSG00000043017	ENSRNOG00000016756
ENSG00000160014	CALM3	ENSMUSG00000019370	ENSRNOG00000016770
ENSG00000160049	DFFA	ENSMUSG00000028974	ENSRNOG00000013603
ENSG00000160050	CCDC28B	ENSMUSG00000028795	ENSRNOG00000047578
ENSG00000160051	IQCC	ENSMUSG00000040795	ENSRNOG00000048553
ENSG00000160055	TMEM234	ENSMUSG00000028797	ENSRNOG00000049326
ENSG00000160058	BSDC1	ENSMUSG00000040859	ENSRNOG00000008338
ENSG00000160062	ZBTB8A	ENSMUSG00000028807	ENSRNOG00000008300
ENSG00000160075	SSU72	ENSMUSG00000029038	ENSRNOG00000017829
ENSG00000160087	UBE2J2	ENSMUSG00000023286	ENSRNOG00000019749
ENSG00000160094	ZNF362	ENSMUSG00000028799	ENSRNOG00000043364
ENSG00000160097	FNDC5	ENSMUSG00000001334	ENSRNOG00000030238
ENSG00000160113	NR2F6	ENSMUSG00000002393	ENSRNOG00000016892
ENSG00000160117	ANKLE1	ENSMUSG00000046295	ENSRNOG00000017156
ENSG00000160124	MIX23	ENSMUSG00000075229	ENSRNOG00000031653
ENSG00000160131	VMA21	ENSMUSG00000073131	ENSRNOG00000048606
ENSG00000160161	CILP2	ENSMUSG00000044006	ENSRNOG00000020622
ENSG00000160179	ABCG1	ENSMUSG00000024030	ENSRNOG00000001158
ENSG00000160180	TFF3	ENSMUSG00000024029	ENSRNOG00000001159
ENSG00000160181	TFF2	ENSMUSG00000024028	ENSRNOG00000001162
ENSG00000160182	TFF1	ENSMUSG00000024032	ENSRNOG00000001164
ENSG00000160183	TMPRSS3	ENSMUSG00000024034	ENSRNOG00000001165
ENSG00000160185	UBASH3A	ENSMUSG00000042345	ENSRNOG00000001167
ENSG00000160188	RSPH1	ENSMUSG00000024033	ENSRNOG00000057862
ENSG00000160190	SLC37A1	ENSMUSG00000024036	ENSRNOG00000001169
ENSG00000160191	PDE9A	ENSMUSG00000041119	ENSRNOG00000001174
ENSG00000160193	WDR4	ENSMUSG00000024037	ENSRNOG00000001181
ENSG00000160194	NDUFV3	ENSMUSG00000024038	ENSRNOG00000001182
ENSG00000160199	PKNOX1	ENSMUSG00000006705	ENSRNOG00000001184
ENSG00000160200	CBS	ENSMUSG00000024039	ENSRNOG00000029528
ENSG00000160201	U2AF1	ENSMUSG00000061613	ENSRNOG00000045860
ENSG00000160202	CRYAA	ENSMUSG00000024041	ENSRNOG00000047175
ENSG00000160207	HSF2BP	ENSMUSG00000002076	ENSRNOG00000001193
ENSG00000160208	RRP1B	ENSMUSG00000058392	ENSRNOG00000001194
ENSG00000160213	CSTB	ENSMUSG00000005054	ENSRNOG00000001201
ENSG00000160214	RRP1	ENSMUSG00000061032	ENSRNOG00000001203
ENSG00000160216	AGPAT3	ENSMUSG00000001211	ENSRNOG00000001205
ENSG00000160218	TRAPPC10	ENSMUSG00000000374	ENSRNOG00000023210
ENSG00000160221	GATD3	ENSMUSG00000053329	ENSRNOG00000001211
ENSG00000160223	ICOSLG	ENSMUSG00000000732	ENSRNOG00000023109
ENSG00000160224	AIRE	ENSMUSG00000000731	ENSRNOG00000001213
ENSG00000160226	CFAP410	ENSMUSG00000020284	ENSRNOG00000001215
ENSG00000160233	LRRC3	ENSMUSG00000051652	ENSRNOG00000001217
ENSG00000160256	SLX9	ENSMUSG00000032977	ENSRNOG00000001225
ENSG00000160271	RALGDS	ENSMUSG00000026821	ENSRNOG00000010219
ENSG00000160282	FTCD	ENSMUSG00000001155	ENSRNOG00000001261
ENSG00000160285	LSS	ENSMUSG00000033105	ENSRNOG00000054549
ENSG00000160293	VAV2	ENSMUSG00000009621	ENSRNOG00000007422
ENSG00000160294	MCM3AP	ENSMUSG00000001150	ENSRNOG00000001272
ENSG00000160298	C21orf58	ENSMUSG00000009114	ENSRNOG00000012714
ENSG00000160299	PCNT	ENSMUSG00000001151	ENSRNOG00000001276
ENSG00000160305	DIP2A	ENSMUSG00000020231	ENSRNOG00000043212
ENSG00000160307	S100B	ENSMUSG00000033208	ENSRNOG00000001295
ENSG00000160310	PRMT2	ENSMUSG00000020230	ENSRNOG00000001297
ENSG00000160318	CLDND2	ENSMUSG00000038973	ENSRNOG00000037333
ENSG00000160323	ADAMTS13	ENSMUSG00000014852	ENSRNOG00000005780
ENSG00000160325	CACFD1	ENSMUSG00000015488	ENSRNOG00000005840
ENSG00000160326	SLC2A6	ENSMUSG00000036067	ENSRNOG00000005900
ENSG00000160345	PIERCE1	ENSMUSG00000026831	ENSRNOG00000010152
ENSG00000160360	GPSM1	ENSMUSG00000026930	ENSRNOG00000018666
ENSG00000160392	C19orf47	ENSMUSG00000049643	ENSRNOG00000018408
ENSG00000160396	HIPK4	ENSMUSG00000040424	ENSRNOG00000020835
ENSG00000160401	CFAP157	ENSMUSG00000038987	ENSRNOG00000039315
ENSG00000160404	TOR2A	ENSMUSG00000009563	ENSRNOG00000022514
ENSG00000160408	ST6GALNAC6	ENSMUSG00000026811	ENSRNOG00000046984
ENSG00000160410	SHKBP1	ENSMUSG00000089832	ENSRNOG00000020882
ENSG00000160439	RDH13	ENSMUSG00000008435	ENSRNOG00000027919
ENSG00000160445	ZER1	ENSMUSG00000039686	ENSRNOG00000025832
ENSG00000160446	ZDHHC12	ENSMUSG00000015335	ENSRNOG00000015791
ENSG00000160447	PKN3	ENSMUSG00000026785	ENSRNOG00000025892
ENSG00000160460	SPTBN4	ENSMUSG00000011751	ENSRNOG00000055371
ENSG00000160469	BRSK1	ENSMUSG00000035390	ENSRNOG00000017673
ENSG00000160471	COX6B2	ENSMUSG00000051811	ENSRNOG00000077802
ENSG00000160472	TMEM190	ENSMUSG00000013091	ENSRNOG00000042528
ENSG00000160539	PLPP7	ENSMUSG00000051373	ENSRNOG00000010068
ENSG00000160551	TAOK1	ENSMUSG00000017291	ENSRNOG00000015692
ENSG00000160563	MED27	ENSMUSG00000026799	ENSRNOG00000013933
ENSG00000160570	DEDD2	ENSMUSG00000054499	ENSRNOG00000046112
ENSG00000160584	SIK3	ENSMUSG00000034135	ENSRNOG00000045931
ENSG00000160588	MPZL3	ENSMUSG00000070305	ENSRNOG00000068913
ENSG00000160602	NEK8	ENSMUSG00000017405	ENSRNOG00000012866
ENSG00000160606	TLCD1	ENSMUSG00000019437	ENSRNOG00000071015
ENSG00000160613	PCSK7	ENSMUSG00000035382	ENSRNOG00000017478
ENSG00000160633	SAFB	ENSMUSG00000071054	ENSRNOG00000050543
ENSG00000160654	CD3G	ENSMUSG00000002033	ENSRNOG00000015945
ENSG00000160678	S100A1	ENSMUSG00000044080	ENSRNOG00000012410
ENSG00000160683	CXCR5	ENSMUSG00000047880	ENSRNOG00000012430
ENSG00000160685	ZBTB7B	ENSMUSG00000028042	ENSRNOG00000020640
ENSG00000160688	FLAD1	ENSMUSG00000042642	ENSRNOG00000020642
ENSG00000160691	SHC1	ENSMUSG00000042626	ENSRNOG00000020657
ENSG00000160695	VPS11	ENSMUSG00000032127	ENSRNOG00000010733
ENSG00000160703	NLRX1	ENSMUSG00000032109	ENSRNOG00000052386
ENSG00000160710	ADAR	ENSMUSG00000027951	ENSRNOG00000020744
ENSG00000160712	IL6R	ENSMUSG00000027947	ENSRNOG00000020811
ENSG00000160714	UBE2Q1	ENSMUSG00000042572	ENSRNOG00000020791
ENSG00000160716	CHRNB2	ENSMUSG00000027950	ENSRNOG00000020778
ENSG00000160741	CRTC2	ENSMUSG00000027936	ENSRNOG00000056337
ENSG00000160746	ANO10	ENSMUSG00000037949	ENSRNOG00000000219
ENSG00000160752	FDPS	ENSMUSG00000059743	ENSRNOG00000077379
ENSG00000160753	RUSC1	ENSMUSG00000041263	ENSRNOG00000043377
ENSG00000160767	ENTREP3	ENSMUSG00000032657	ENSRNOG00000020518
ENSG00000160781	PAQR6	ENSMUSG00000041423	ENSRNOG00000026059
ENSG00000160783	PMF1	ENSMUSG00000028066	ENSRNOG00000019620
ENSG00000160785	SLC25A44	ENSMUSG00000050144	ENSRNOG00000025269
ENSG00000160789	LMNA	ENSMUSG00000028063	ENSRNOG00000019638
ENSG00000160791	CCR5	ENSMUSG00000079227	ENSRNOG00000049115
ENSG00000160796	NBEAL2	ENSMUSG00000056724	ENSRNOG00000027880
ENSG00000160799	CCDC12	ENSMUSG00000019659	ENSRNOG00000020946
ENSG00000160801	PTH1R	ENSMUSG00000032492	ENSRNOG00000020948
ENSG00000160803	UBQLN4	ENSMUSG00000008604	ENSRNOG00000019933
ENSG00000160808	MYL3	ENSMUSG00000059741	ENSRNOG00000020955
ENSG00000160813	PPP1R35	ENSMUSG00000029725	ENSRNOG00000084887
ENSG00000160818	GPATCH4	ENSMUSG00000028069	ENSRNOG00000018969
ENSG00000160838	LRRC71	ENSMUSG00000023084	ENSRNOG00000014937
ENSG00000160862	AZGP1	ENSMUSG00000037053	ENSRNOG00000001333
ENSG00000160867	FGFR4	ENSMUSG00000005320	ENSRNOG00000016763
ENSG00000160877	NACC1	ENSMUSG00000001910	ENSRNOG00000002864
ENSG00000160883	HK3	ENSMUSG00000025877	ENSRNOG00000026235
ENSG00000160886	LY6K	ENSMUSG00000044678	ENSRNOG00000025725
ENSG00000160888	IER2	ENSMUSG00000053560	ENSRNOG00000074928
ENSG00000160908	ZNF394	ENSMUSG00000029627	ENSRNOG00000027049
ENSG00000160932	LY6E	ENSMUSG00000022587	ENSRNOG00000007091
ENSG00000160948	VPS28	ENSMUSG00000115987	ENSRNOG00000014633
ENSG00000160949	TONSL	ENSMUSG00000059323	ENSRNOG00000014703
ENSG00000160951	PTGER1	ENSMUSG00000019464	ENSRNOG00000004094
ENSG00000160953	PWWP3A	ENSMUSG00000020156	ENSRNOG00000024549
ENSG00000160957	RECQL4	ENSMUSG00000033762	ENSRNOG00000032446
ENSG00000160959	LRRC14	ENSMUSG00000033728	ENSRNOG00000016128
ENSG00000160963	COL26A1	ENSMUSG00000004415	ENSRNOG00000001422
ENSG00000160972	PPP1R16A	ENSMUSG00000033819	ENSRNOG00000015450
ENSG00000160973	FOXH1	ENSMUSG00000033837	ENSRNOG00000015371
ENSG00000160991	ORAI2	ENSMUSG00000039747	ENSRNOG00000001427
ENSG00000160993	ALKBH4	ENSMUSG00000039754	ENSRNOG00000001428
ENSG00000160994	TEKTL1	ENSMUSG00000078442	ENSRNOG00000007375
ENSG00000160999	SH2B2	ENSMUSG00000005057	ENSRNOG00000001425
ENSG00000161010	MRNIP	ENSMUSG00000020381	ENSRNOG00000088971
ENSG00000161011	SQSTM1	ENSMUSG00000015837	ENSRNOG00000003147
ENSG00000161013	MGAT4B	ENSMUSG00000036620	ENSRNOG00000003235
ENSG00000161016	RPL8	ENSMUSG00000003970	ENSRNOG00000032635
ENSG00000161021	MAML1	ENSMUSG00000050567	ENSRNOG00000003268
ENSG00000161031	PGLYRP2	ENSMUSG00000079563	ENSRNOG00000042318
ENSG00000161036	LRWD1	ENSMUSG00000029703	ENSRNOG00000001429
ENSG00000161040	FBXL13	ENSMUSG00000048520	ENSRNOG00000043035
ENSG00000161048	NAPEPLD	ENSMUSG00000044968	ENSRNOG00000011363
ENSG00000161055	SCGB3A1	ENSMUSG00000064057	ENSRNOG00000002718
ENSG00000161057	PSMC2	ENSMUSG00000028932	ENSRNOG00000012026
ENSG00000161082	CELF5	ENSMUSG00000034818	ENSRNOG00000004695
ENSG00000161091	MFSD12	ENSMUSG00000034854	ENSRNOG00000039858
ENSG00000161179	YDJC	ENSMUSG00000041774	ENSRNOG00000001861
ENSG00000161180	CCDC116	ENSMUSG00000022768	ENSRNOG00000001860
ENSG00000161202	DVL3	ENSMUSG00000003233	ENSRNOG00000001708
ENSG00000161203	AP2M1	ENSMUSG00000022841	ENSRNOG00000001709
ENSG00000161204	ABCF3	ENSMUSG00000003234	ENSRNOG00000001710
ENSG00000161217	PCYT1A	ENSMUSG00000005615	ENSRNOG00000001762
ENSG00000161243	FBXO27	ENSMUSG00000037463	ENSRNOG00000050453
ENSG00000161249	DMKN	ENSMUSG00000060962	ENSRNOG00000055934
ENSG00000161265	U2AF1L4	ENSMUSG00000078765	ENSRNOG00000024497
ENSG00000161267	BDH1	ENSMUSG00000046598	ENSRNOG00000001736
ENSG00000161270	NPHS1	ENSMUSG00000006649	ENSRNOG00000020873
ENSG00000161281	COX7A1	ENSMUSG00000074218	ENSRNOG00000076290
ENSG00000161298	ZNF382	ENSMUSG00000074220	ENSRNOG00000020777
ENSG00000161328	LRRC56	ENSMUSG00000038637	ENSRNOG00000016697
ENSG00000161381	PLXDC1	ENSMUSG00000017417	ENSRNOG00000021536
ENSG00000161395	PGAP3	ENSMUSG00000038208	ENSRNOG00000046143
ENSG00000161405	IKZF3	ENSMUSG00000018168	ENSRNOG00000007200
ENSG00000161509	GRIN2C	ENSMUSG00000020734	ENSRNOG00000003280
ENSG00000161526	SAP30BP	ENSMUSG00000020755	ENSRNOG00000005482
ENSG00000161533	ACOX1	ENSMUSG00000020777	ENSRNOG00000008755
ENSG00000161542	PRPSAP1	ENSMUSG00000015869	ENSRNOG00000010083
ENSG00000161544	CYGB	ENSMUSG00000020810	ENSRNOG00000011541
ENSG00000161547	SRSF2	ENSMUSG00000034120	ENSRNOG00000000248
ENSG00000161558	TMEM143	ENSMUSG00000002781	ENSRNOG00000021096
ENSG00000161594	KLHL10	ENSMUSG00000001558	ENSRNOG00000016749
ENSG00000161609	KASH5	ENSMUSG00000038292	ENSRNOG00000025378
ENSG00000161610	HCRT	ENSMUSG00000045471	ENSRNOG00000018892
ENSG00000161618	ALDH16A1	ENSMUSG00000007833	ENSRNOG00000020623
ENSG00000161638	ITGA5	ENSMUSG00000000555	ENSRNOG00000057451
ENSG00000161642	ZNF385A	ENSMUSG00000000552	ENSRNOG00000036833
ENSG00000161647	MPP3	ENSMUSG00000052373	ENSRNOG00000033653
ENSG00000161649	CD300LG	ENSMUSG00000017309	ENSRNOG00000020837
ENSG00000161652	IZUMO2	ENSMUSG00000066500	ENSRNOG00000065701
ENSG00000161653	NAGS	ENSMUSG00000048217	ENSRNOG00000020879
ENSG00000161654	LSM12	ENSMUSG00000020922	ENSRNOG00000020894
ENSG00000161664	ASB16	ENSMUSG00000034768	ENSRNOG00000036794
ENSG00000161671	EMC10	ENSMUSG00000008140	ENSRNOG00000019532
ENSG00000161677	JOSD2	ENSMUSG00000038695	ENSRNOG00000019442
ENSG00000161681	SHANK1	ENSMUSG00000038738	ENSRNOG00000019207
ENSG00000161682	FAM171A2	ENSMUSG00000034685	ENSRNOG00000021041
ENSG00000161714	PLCD3	ENSMUSG00000020937	ENSRNOG00000003033
ENSG00000161791	FMNL3	ENSMUSG00000023008	ENSRNOG00000056297
ENSG00000161798	AQP5	ENSMUSG00000044217	ENSRNOG00000051970
ENSG00000161800	RACGAP1	ENSMUSG00000023015	ENSRNOG00000049033
ENSG00000161813	LARP4	ENSMUSG00000023025	ENSRNOG00000068079
ENSG00000161835	TAMALIN	ENSMUSG00000000531	ENSRNOG00000007346
ENSG00000161847	RAVER1	ENSMUSG00000010205	ENSRNOG00000020710
ENSG00000161849	KRT84	ENSMUSG00000044294	ENSRNOG00000008819
ENSG00000161850	KRT82	ENSMUSG00000049548	ENSRNOG00000033403
ENSG00000161888	SPC24	ENSMUSG00000074476	ENSRNOG00000029862
ENSG00000161896	IP6K3	ENSMUSG00000024210	ENSRNOG00000025883
ENSG00000161904	LEMD2	ENSMUSG00000044857	ENSRNOG00000025864
ENSG00000161905	ALOX15	ENSMUSG00000018924	ENSRNOG00000019183
ENSG00000161911	TREML1	ENSMUSG00000023993	ENSRNOG00000040109
ENSG00000161914	ZNF653	ENSMUSG00000038895	ENSRNOG00000014065
ENSG00000161920	MED11	ENSMUSG00000018923	ENSRNOG00000019384
ENSG00000161921	CXCL16	ENSMUSG00000018920	ENSRNOG00000026647
ENSG00000161929	SCIMP	ENSMUSG00000057135	ENSRNOG00000037409
ENSG00000161940	BCL6B	ENSMUSG00000000317	ENSRNOG00000059956
ENSG00000161944	ASGR2	ENSMUSG00000040963	ENSRNOG00000030726
ENSG00000161955	TNFSF13	ENSMUSG00000089669	ENSRNOG00000014171
ENSG00000161956	SENP3	ENSMUSG00000005204	ENSRNOG00000013746
ENSG00000161958	FGF11	ENSMUSG00000042826	ENSRNOG00000014882
ENSG00000161960	EIF4A1	ENSMUSG00000059796	ENSRNOG00000046740
ENSG00000161973	CCDC42	ENSMUSG00000045915	ENSRNOG00000004075
ENSG00000161980	POLR3K	ENSMUSG00000038628	ENSRNOG00000086796
ENSG00000161981	SNRNP25	ENSMUSG00000040767	ENSRNOG00000020626
ENSG00000161992	PRR35	ENSMUSG00000025727	ENSRNOG00000020212
ENSG00000161999	JMJD8	ENSMUSG00000025736	ENSRNOG00000019729
ENSG00000162004	CCDC78	ENSMUSG00000071202	ENSRNOG00000022331
ENSG00000162006	MSLNL	ENSMUSG00000041062	ENSRNOG00000039339
ENSG00000162009	SSTR5	ENSMUSG00000050824	ENSRNOG00000018834
ENSG00000162032	SPSB3	ENSMUSG00000024160	ENSRNOG00000015300
ENSG00000162039	MEIOB	ENSMUSG00000024155	ENSRNOG00000014711
ENSG00000162040	HS3ST6	ENSMUSG00000039628	ENSRNOG00000014672
ENSG00000162062	TEDC2	ENSMUSG00000024118	ENSRNOG00000007436
ENSG00000162063	CCNF	ENSMUSG00000072082	ENSRNOG00000007483
ENSG00000162065	TBC1D24	ENSMUSG00000036473	ENSRNOG00000052204
ENSG00000162066	AMDHD2	ENSMUSG00000036820	ENSRNOG00000006460
ENSG00000162068	NTN3	ENSMUSG00000117406	ENSRNOG00000006970
ENSG00000162069	BICDL2	ENSMUSG00000043782	ENSRNOG00000003457
ENSG00000162073	PAQR4	ENSMUSG00000023909	ENSRNOG00000069091
ENSG00000162076	FLYWCH2	ENSMUSG00000023911	ENSRNOG00000004461
ENSG00000162104	ADCY9	ENSMUSG00000005580	ENSRNOG00000049768
ENSG00000162105	SHANK2	ENSMUSG00000037541	ENSRNOG00000050206
ENSG00000162129	CLPB	ENSMUSG00000001829	ENSRNOG00000019693
ENSG00000162139	NEU3	ENSMUSG00000035239	ENSRNOG00000018106
ENSG00000162144	CYB561A3	ENSMUSG00000034445	ENSRNOG00000020702
ENSG00000162148	SAXO4	ENSMUSG00000035179	ENSRNOG00000020620
ENSG00000162174	ASRGL1	ENSMUSG00000024654	ENSRNOG00000020202
ENSG00000162188	GNG3	ENSMUSG00000071658	ENSRNOG00000019570
ENSG00000162191	UBXN1	ENSMUSG00000071655	ENSRNOG00000019666
ENSG00000162222	TTC9C	ENSMUSG00000071660	ENSRNOG00000019464
ENSG00000162227	TAF6L	ENSMUSG00000003680	ENSRNOG00000019419
ENSG00000162231	NXF1	ENSMUSG00000010097	ENSRNOG00000019069
ENSG00000162236	STX5	ENSMUSG00000010110	ENSRNOG00000018847
ENSG00000162241	SLC25A45	ENSMUSG00000024818	ENSRNOG00000030616
ENSG00000162267	ITIH3	ENSMUSG00000006522	ENSRNOG00000017689
ENSG00000162298	SYVN1	ENSMUSG00000024807	ENSRNOG00000020950
ENSG00000162300	ZFPL1	ENSMUSG00000024792	ENSRNOG00000050180
ENSG00000162302	RPS6KA4	ENSMUSG00000118668	ENSRNOG00000021117
ENSG00000162337	LRP5	ENSMUSG00000024913	ENSRNOG00000015911
ENSG00000162341	TPCN2	ENSMUSG00000048677	ENSRNOG00000013387
ENSG00000162344	FGF19	ENSMUSG00000031073	ENSRNOG00000020899
ENSG00000162366	PDZK1IP1	ENSMUSG00000028716	ENSRNOG00000008161
ENSG00000162367	TAL1	ENSMUSG00000028717	ENSRNOG00000025051
ENSG00000162368	CMPK1	ENSMUSG00000028719	ENSRNOG00000007775
ENSG00000162373	BEND5	ENSMUSG00000028545	ENSRNOG00000008025
ENSG00000162374	ELAVL4	ENSMUSG00000028546	ENSRNOG00000023601
ENSG00000162377	COA7	ENSMUSG00000048351	ENSRNOG00000010636
ENSG00000162378	ZYG11B	ENSMUSG00000034636	ENSRNOG00000010859
ENSG00000162383	SLC1A7	ENSMUSG00000008932	ENSRNOG00000011644
ENSG00000162384	CZIB	ENSMUSG00000028608	ENSRNOG00000012724
ENSG00000162385	MAGOH	ENSMUSG00000028609	ENSRNOG00000012778
ENSG00000162390	ACOT11	ENSMUSG00000034853	ENSRNOG00000007837
ENSG00000162391	FAM151A	ENSMUSG00000034871	ENSRNOG00000007799
ENSG00000162396	PARS2	ENSMUSG00000043572	ENSRNOG00000007327
ENSG00000162398	CIMAP2	ENSMUSG00000054362	ENSRNOG00000030914
ENSG00000162399	BSND	ENSMUSG00000025418	ENSRNOG00000006543
ENSG00000162402	USP24	ENSMUSG00000028514	ENSRNOG00000005802
ENSG00000162407	PLPP3	ENSMUSG00000028517	ENSRNOG00000008116
ENSG00000162408	NOL9	ENSMUSG00000028948	ENSRNOG00000010109
ENSG00000162409	PRKAA2	ENSMUSG00000028518	ENSRNOG00000007706
ENSG00000162413	KLHL21	ENSMUSG00000073700	ENSRNOG00000003334
ENSG00000162415	ZSWIM5	ENSMUSG00000033948	ENSRNOG00000018160
ENSG00000162419	GMEB1	ENSMUSG00000028901	ENSRNOG00000010910
ENSG00000162426	SLC45A1	ENSMUSG00000039838	ENSRNOG00000018229
ENSG00000162430	SELENON	ENSMUSG00000050989	ENSRNOG00000017078
ENSG00000162434	JAK1	ENSMUSG00000028530	ENSRNOG00000011157
ENSG00000162437	RAVER2	ENSMUSG00000035275	ENSRNOG00000023812
ENSG00000162441	LZIC	ENSMUSG00000028990	ENSRNOG00000016200
ENSG00000162444	RBP7	ENSMUSG00000028996	ENSRNOG00000015850
ENSG00000162456	KNCN	ENSMUSG00000073774	ENSRNOG00000089117
ENSG00000162458	FBLIM1	ENSMUSG00000006219	ENSRNOG00000011774
ENSG00000162460	TMEM82	ENSMUSG00000043085	ENSRNOG00000071385
ENSG00000162461	SLC25A34	ENSMUSG00000040740	ENSRNOG00000011970
ENSG00000162490	DRAXIN	ENSMUSG00000029005	ENSRNOG00000077899
ENSG00000162493	PDPN	ENSMUSG00000028583	ENSRNOG00000014961
ENSG00000162496	DHRS3	ENSMUSG00000066026	ENSRNOG00000015736
ENSG00000162510	MATN1	ENSMUSG00000040533	ENSRNOG00000010932
ENSG00000162511	LAPTM5	ENSMUSG00000028581	ENSRNOG00000011054
ENSG00000162512	SDC3	ENSMUSG00000025743	ENSRNOG00000011927
ENSG00000162517	PEF1	ENSMUSG00000028779	ENSRNOG00000013972
ENSG00000162520	SYNC	ENSMUSG00000001333	ENSRNOG00000008118
ENSG00000162521	RBBP4	ENSMUSG00000057236	ENSRNOG00000028052
ENSG00000162522	NHSL3	ENSMUSG00000050390	ENSRNOG00000008113
ENSG00000162526	TSSK3	ENSMUSG00000000411	ENSRNOG00000008693
ENSG00000162542	TMCO4	ENSMUSG00000041143	ENSRNOG00000017401
ENSG00000162543	UBXN10	ENSMUSG00000043621	ENSRNOG00000027731
ENSG00000162545	CAMK2N1	ENSMUSG00000046447	ENSRNOG00000090010
ENSG00000162551	ALPL	ENSMUSG00000028766	ENSRNOG00000013954
ENSG00000162552	WNT4	ENSMUSG00000036856	ENSRNOG00000013166
ENSG00000162571	TTLL10	ENSMUSG00000029074	ENSRNOG00000020132
ENSG00000162576	MXRA8	ENSMUSG00000029070	ENSRNOG00000019244
ENSG00000162585	FAAP20	ENSMUSG00000073684	ENSRNOG00000036876
ENSG00000162591	MEGF6	ENSMUSG00000057751	ENSRNOG00000000156
ENSG00000162592	CCDC27	ENSMUSG00000039492	ENSRNOG00000056358
ENSG00000162594	IL23R	ENSMUSG00000049093	ENSRNOG00000007544
ENSG00000162598	C1orf87	ENSMUSG00000078639	ENSRNOG00000026169
ENSG00000162599	NFIA	ENSMUSG00000028565	ENSRNOG00000006966
ENSG00000162600	OMA1	ENSMUSG00000035069	ENSRNOG00000007214
ENSG00000162601	MYSM1	ENSMUSG00000062627	ENSRNOG00000026299
ENSG00000162604	TM2D1	ENSMUSG00000028563	ENSRNOG00000007527
ENSG00000162607	USP1	ENSMUSG00000028560	ENSRNOG00000007890
ENSG00000162613	FUBP1	ENSMUSG00000028034	ENSRNOG00000043370
ENSG00000162614	NEXN	ENSMUSG00000039103	ENSRNOG00000012512
ENSG00000162616	DNAJB4	ENSMUSG00000028035	ENSRNOG00000013011
ENSG00000162618	ADGRL4	ENSMUSG00000039167	ENSRNOG00000033940
ENSG00000162620	LRRIQ3	ENSMUSG00000028182	ENSRNOG00000009555
ENSG00000162623	TYW3	ENSMUSG00000047583	ENSRNOG00000028328
ENSG00000162624	LHX8	ENSMUSG00000096225	ENSRNOG00000028348
ENSG00000162627	SNX7	ENSMUSG00000028007	ENSRNOG00000017077
ENSG00000162630	B3GALT2	ENSMUSG00000033849	ENSRNOG00000088477
ENSG00000162631	NTNG1	ENSMUSG00000059857	ENSRNOG00000031136
ENSG00000162636	EEIG2	ENSMUSG00000040339	ENSRNOG00000027540
ENSG00000162639	HENMT1	ENSMUSG00000045662	ENSRNOG00000042814
ENSG00000162641	AKNAD1	ENSMUSG00000049565	ENSRNOG00000028025
ENSG00000162642	C1orf52	ENSMUSG00000036873	ENSRNOG00000014857
ENSG00000162643	DNAI3	ENSMUSG00000043020	ENSRNOG00000014893
ENSG00000162650	ATXN7L2	ENSMUSG00000048997	ENSRNOG00000028749
ENSG00000162664	ZNF326	ENSMUSG00000029290	ENSRNOG00000047761
ENSG00000162669	HFM1	ENSMUSG00000043410	ENSRNOG00000023299
ENSG00000162670	BRINP3	ENSMUSG00000035131	ENSRNOG00000002811
ENSG00000162676	GFI1	ENSMUSG00000029275	ENSRNOG00000002042
ENSG00000162687	KCNT2	ENSMUSG00000052726	ENSRNOG00000013312
ENSG00000162688	AGL	ENSMUSG00000033400	ENSRNOG00000016214
ENSG00000162692	VCAM1	ENSMUSG00000027962	ENSRNOG00000014333
ENSG00000162694	EXTL2	ENSMUSG00000027963	ENSRNOG00000014323
ENSG00000162695	SLC30A7	ENSMUSG00000054414	ENSRNOG00000013912
ENSG00000162702	ZNF281	ENSMUSG00000041483	ENSRNOG00000058643
ENSG00000162704	ARPC5	ENSMUSG00000008475	ENSRNOG00000028062
ENSG00000162706	CADM3	ENSMUSG00000005338	ENSRNOG00000003365
ENSG00000162711	NLRP3	ENSMUSG00000032691	ENSRNOG00000003170
ENSG00000162714	ZNF496	ENSMUSG00000020472	ENSRNOG00000003129
ENSG00000162722	TRIM58	ENSMUSG00000037124	ENSRNOG00000026430
ENSG00000162723	SLAMF9	ENSMUSG00000026548	ENSRNOG00000008045
ENSG00000162728	KCNJ9	ENSMUSG00000038026	ENSRNOG00000007645
ENSG00000162729	IGSF8	ENSMUSG00000038034	ENSRNOG00000007604
ENSG00000162733	DDR2	ENSMUSG00000026674	ENSRNOG00000002881
ENSG00000162734	PEA15	ENSMUSG00000013698	ENSRNOG00000046996
ENSG00000162735	PEX19	ENSMUSG00000003464	ENSRNOG00000057116
ENSG00000162736	NCSTN	ENSMUSG00000003458	ENSRNOG00000005355
ENSG00000162738	VANGL2	ENSMUSG00000026556	ENSRNOG00000004889
ENSG00000162739	SLAMF6	ENSMUSG00000015314	ENSRNOG00000038286
ENSG00000162745	OLFML2B	ENSMUSG00000038463	ENSRNOG00000003018
ENSG00000162746	FCRLB	ENSMUSG00000070524	ENSRNOG00000003135
ENSG00000162753	SLC9C2	ENSMUSG00000121369	ENSRNOG00000071269
ENSG00000162755	KLHDC9	ENSMUSG00000045259	ENSRNOG00000004022
ENSG00000162757	C1orf74	ENSMUSG00000079144	ENSRNOG00000005558
ENSG00000162761	LMX1A	ENSMUSG00000026686	ENSRNOG00000004642
ENSG00000162763	LRRC52	ENSMUSG00000040485	ENSRNOG00000004356
ENSG00000162769	FLVCR1	ENSMUSG00000066595	ENSRNOG00000049633
ENSG00000162771	GARIN4	ENSMUSG00000091017	ENSRNOG00000029371
ENSG00000162772	ATF3	ENSMUSG00000026628	ENSRNOG00000003745
ENSG00000162775	RBM15	ENSMUSG00000048109	ENSRNOG00000047499
ENSG00000162777	DENND2D	ENSMUSG00000027901	ENSRNOG00000017680
ENSG00000162779	AXDND1	ENSMUSG00000026601	ENSRNOG00000051405
ENSG00000162782	TDRD5	ENSMUSG00000060985	ENSRNOG00000004018
ENSG00000162804	SNED1	ENSMUSG00000047793	ENSRNOG00000023548
ENSG00000162813	BPNT1	ENSMUSG00000026617	ENSRNOG00000002378
ENSG00000162814	SPATA17	ENSMUSG00000026611	ENSRNOG00000002504
ENSG00000162817	C1orf115	ENSMUSG00000039349	ENSRNOG00000002322
ENSG00000162819	BROX	ENSMUSG00000046836	ENSRNOG00000052963
ENSG00000162836	ACP6	ENSMUSG00000028093	ENSRNOG00000017494
ENSG00000162843	WDR64	ENSMUSG00000026523	ENSRNOG00000038083
ENSG00000162849	KIF26B	ENSMUSG00000026494	ENSRNOG00000028624
ENSG00000162851	TFB2M	ENSMUSG00000026492	ENSRNOG00000002695
ENSG00000162852	CNST	ENSMUSG00000038949	ENSRNOG00000002710
ENSG00000162869	PPP1R21	ENSMUSG00000034709	ENSRNOG00000016528
ENSG00000162873	KLHDC8A	ENSMUSG00000042115	ENSRNOG00000000036
ENSG00000162877	PM20D1	ENSMUSG00000042251	ENSRNOG00000039745
ENSG00000162878	PKDCC	ENSMUSG00000024247	ENSRNOG00000004205
ENSG00000162882	HAAO	ENSMUSG00000000673	ENSRNOG00000031263
ENSG00000162885	B3GALNT2	ENSMUSG00000039242	ENSRNOG00000016855
ENSG00000162889	MAPKAPK2	ENSMUSG00000016528	ENSRNOG00000004726
ENSG00000162891	IL20	ENSMUSG00000026416	ENSRNOG00000004633
ENSG00000162892	IL24	ENSMUSG00000026420	ENSRNOG00000004470
ENSG00000162894	FCMR	ENSMUSG00000042474	ENSRNOG00000004441
ENSG00000162896	PIGR	ENSMUSG00000026417	ENSRNOG00000004405
ENSG00000162897	FCAMR	ENSMUSG00000026415	ENSRNOG00000004393
ENSG00000162909	CAPN2	ENSMUSG00000026509	ENSRNOG00000034015
ENSG00000162910	MRPL55	ENSMUSG00000036860	ENSRNOG00000002943
ENSG00000162923	WDR26	ENSMUSG00000038733	ENSRNOG00000003723
ENSG00000162924	REL	ENSMUSG00000020275	ENSRNOG00000054437
ENSG00000162927	PUS10	ENSMUSG00000020280	ENSRNOG00000054151
ENSG00000162928	PEX13	ENSMUSG00000020283	ENSRNOG00000054896
ENSG00000162929	SANBR	ENSMUSG00000042208	ENSRNOG00000054669
ENSG00000162931	TRIM17	ENSMUSG00000036964	ENSRNOG00000022983
ENSG00000162944	RFTN2	ENSMUSG00000025978	ENSRNOG00000015594
ENSG00000162946	DISC1	ENSMUSG00000043051	ENSRNOG00000019779
ENSG00000162949	CAPN13	ENSMUSG00000043705	ENSRNOG00000032375
ENSG00000162951	LRRTM1	ENSMUSG00000060780	ENSRNOG00000006093
ENSG00000162959	MEMO1	ENSMUSG00000058704	ENSRNOG00000006340
ENSG00000162961	DPY30	ENSMUSG00000024067	ENSRNOG00000027126
ENSG00000162971	TYW5	ENSMUSG00000048495	ENSRNOG00000010100
ENSG00000162972	MAIP1	ENSMUSG00000025971	ENSRNOG00000015983
ENSG00000162975	KCNF1	ENSMUSG00000051726	ENSRNOG00000024310
ENSG00000162976	SLC66A3	ENSMUSG00000045679	ENSRNOG00000005126
ENSG00000162980	ARL5A	ENSMUSG00000036093	ENSRNOG00000006839
ENSG00000162981	LRATD1	ENSMUSG00000020607	ENSRNOG00000004084
ENSG00000162989	KCNJ3	ENSMUSG00000026824	ENSRNOG00000005369
ENSG00000162992	NEUROD1	ENSMUSG00000034701	ENSRNOG00000005609
ENSG00000162994	CLHC1	ENSMUSG00000020461	ENSRNOG00000004456
ENSG00000162998	FRZB	ENSMUSG00000027004	ENSRNOG00000007765
ENSG00000163001	CFAP36	ENSMUSG00000020462	ENSRNOG00000003901
ENSG00000163002	NUP35	ENSMUSG00000026999	ENSRNOG00000009290
ENSG00000163006	CCDC138	ENSMUSG00000038010	ENSRNOG00000028581
ENSG00000163012	ZSWIM2	ENSMUSG00000034552	ENSRNOG00000032579
ENSG00000163013	FBXO41	ENSMUSG00000047013	ENSRNOG00000033202
ENSG00000163017	ACTG2	ENSMUSG00000059430	ENSRNOG00000029401
ENSG00000163026	WDCP	ENSMUSG00000051721	ENSRNOG00000049989
ENSG00000163029	SMC6	ENSMUSG00000020608	ENSRNOG00000004908
ENSG00000163032	VSNL1	ENSMUSG00000054459	ENSRNOG00000005345
ENSG00000163041	H3-3A	ENSMUSG00000060743	ENSRNOG00000088840
ENSG00000163050	COQ8A	ENSMUSG00000026489	ENSRNOG00000043201
ENSG00000163053	SLC16A14	ENSMUSG00000026220	ENSRNOG00000017072
ENSG00000163064	EN1	ENSMUSG00000058665	ENSRNOG00000056580
ENSG00000163069	SGCB	ENSMUSG00000029156	ENSRNOG00000002135
ENSG00000163071	SPATA18	ENSMUSG00000029155	ENSRNOG00000002120
ENSG00000163072	NOSTRIN	ENSMUSG00000034738	ENSRNOG00000006611
ENSG00000163075	CFAP221	ENSMUSG00000036962	ENSRNOG00000056781
ENSG00000163082	SGPP2	ENSMUSG00000032908	ENSRNOG00000069992
ENSG00000163083	INHBB	ENSMUSG00000037035	ENSRNOG00000060237
ENSG00000163092	XIRP2	ENSMUSG00000027022	ENSRNOG00000034258
ENSG00000163104	SMARCAD1	ENSMUSG00000029920	ENSRNOG00000006391
ENSG00000163106	HPGDS	ENSMUSG00000029919	ENSRNOG00000006583
ENSG00000163110	PDLIM5	ENSMUSG00000028273	ENSRNOG00000016419
ENSG00000163114	PDHA2	ENSMUSG00000047674	ENSRNOG00000077743
ENSG00000163116	STPG2	ENSMUSG00000047940	ENSRNOG00000023457
ENSG00000163121	NEURL3	ENSMUSG00000047180	ENSRNOG00000015366
ENSG00000163125	RPRD2	ENSMUSG00000028106	ENSRNOG00000054294
ENSG00000163126	ANKRD23	ENSMUSG00000067653	ENSRNOG00000016151
ENSG00000163131	CTSS	ENSMUSG00000038642	ENSRNOG00000021157
ENSG00000163132	MSX1	ENSMUSG00000048450	ENSRNOG00000078426
ENSG00000163138	PACRGL	ENSMUSG00000029089	ENSRNOG00000004140
ENSG00000163141	BNIPL	ENSMUSG00000028115	ENSRNOG00000021116
ENSG00000163145	C1QTNF7	ENSMUSG00000061535	ENSRNOG00000005094
ENSG00000163154	TNFAIP8L2	ENSMUSG00000013707	ENSRNOG00000021100
ENSG00000163155	LYSMD1	ENSMUSG00000053769	ENSRNOG00000071857
ENSG00000163156	SCNM1	ENSMUSG00000092607	ENSRNOG00000021092
ENSG00000163157	TMOD4	ENSMUSG00000005628	ENSRNOG00000021088
ENSG00000163159	VPS72	ENSMUSG00000008958	ENSRNOG00000021081
ENSG00000163161	ERCC3	ENSMUSG00000024382	ENSRNOG00000013180
ENSG00000163162	RNF149	ENSMUSG00000048234	ENSRNOG00000013946
ENSG00000163166	IWS1	ENSMUSG00000024384	ENSRNOG00000014630
ENSG00000163170	BOLA3	ENSMUSG00000045160	ENSRNOG00000021866
ENSG00000163171	CDC42EP3	ENSMUSG00000036533	ENSRNOG00000032136
ENSG00000163209	SPRR3	ENSMUSG00000045539	ENSRNOG00000024046
ENSG00000163214	DHX57	ENSMUSG00000035051	ENSRNOG00000054272
ENSG00000163217	BMP10	ENSMUSG00000030046	ENSRNOG00000009316
ENSG00000163218	PGLYRP4	ENSMUSG00000042250	ENSRNOG00000021798
ENSG00000163219	ARHGAP25	ENSMUSG00000030047	ENSRNOG00000009347
ENSG00000163235	TGFA	ENSMUSG00000029999	ENSRNOG00000016182
ENSG00000163251	FZD5	ENSMUSG00000045005	ENSRNOG00000014678
ENSG00000163254	CRYGC	ENSMUSG00000025952	ENSRNOG00000014950
ENSG00000163263	CFAP141	ENSMUSG00000118506	ENSRNOG00000037406
ENSG00000163273	NPPC	ENSMUSG00000026241	ENSRNOG00000018854
ENSG00000163281	GNPDA2	ENSMUSG00000029209	ENSRNOG00000002177
ENSG00000163285	GABRG1	ENSMUSG00000001260	ENSRNOG00000002360
ENSG00000163288	GABRB1	ENSMUSG00000029212	ENSRNOG00000002327
ENSG00000163291	PAQR3	ENSMUSG00000055725	ENSRNOG00000002035
ENSG00000163293	NIPAL1	ENSMUSG00000067219	ENSRNOG00000025882
ENSG00000163297	ANTXR2	ENSMUSG00000029338	ENSRNOG00000000081
ENSG00000163312	HELQ	ENSMUSG00000035266	ENSRNOG00000002181
ENSG00000163320	CGGBP1	ENSMUSG00000054604	ENSRNOG00000000718
ENSG00000163322	ABRAXAS1	ENSMUSG00000035234	ENSRNOG00000002165
ENSG00000163328	GPR155	ENSMUSG00000041762	ENSRNOG00000018485
ENSG00000163331	DAPL1	ENSMUSG00000026989	ENSRNOG00000005743
ENSG00000163344	PMVK	ENSMUSG00000027952	ENSRNOG00000020696
ENSG00000163346	PBXIP1	ENSMUSG00000042613	ENSRNOG00000020673
ENSG00000163347	CLDN1	ENSMUSG00000022512	ENSRNOG00000001926
ENSG00000163348	PYGO2	ENSMUSG00000047824	ENSRNOG00000020663
ENSG00000163349	HIPK1	ENSMUSG00000008730	ENSRNOG00000019333
ENSG00000163352	LENEP	ENSMUSG00000078173	ENSRNOG00000049513
ENSG00000163354	DCST2	ENSMUSG00000109293	ENSRNOG00000058618
ENSG00000163357	DCST1	ENSMUSG00000042672	ENSRNOG00000020621
ENSG00000163359	COL6A3	ENSMUSG00000048126	ENSRNOG00000019648
ENSG00000163362	INAVA	ENSMUSG00000041605	ENSRNOG00000025948
ENSG00000163376	KBTBD8	ENSMUSG00000030031	ENSRNOG00000013390
ENSG00000163377	TAFA4	ENSMUSG00000046500	ENSRNOG00000005830
ENSG00000163378	EOGT	ENSMUSG00000035245	ENSRNOG00000024533
ENSG00000163380	LMOD3	ENSMUSG00000044086	ENSRNOG00000032443
ENSG00000163382	NAXE	ENSMUSG00000028070	ENSRNOG00000019201
ENSG00000163389	POGLUT1	ENSMUSG00000034064	ENSRNOG00000003014
ENSG00000163393	SLC22A15	ENSMUSG00000033147	ENSRNOG00000033051
ENSG00000163394	CCKAR	ENSMUSG00000029193	ENSRNOG00000043124
ENSG00000163395	IGFN1	ENSMUSG00000051985	ENSRNOG00000026087
ENSG00000163399	ATP1A1	ENSMUSG00000033161	ENSRNOG00000030019
ENSG00000163406	SLC15A2	ENSMUSG00000022899	ENSRNOG00000002305
ENSG00000163412	EIF4E3	ENSMUSG00000093661	ENSRNOG00000010301
ENSG00000163421	PROK2	ENSMUSG00000030069	ENSRNOG00000010898
ENSG00000163424	TEX55	ENSMUSG00000022798	ENSRNOG00000042555
ENSG00000163428	LRRC58	ENSMUSG00000034158	ENSRNOG00000027151
ENSG00000163430	FSTL1	ENSMUSG00000022816	ENSRNOG00000002746
ENSG00000163431	LMOD1	ENSMUSG00000048096	ENSRNOG00000051548
ENSG00000163435	ELF3	ENSMUSG00000003051	ENSRNOG00000006330
ENSG00000163440	PDCL2	ENSMUSG00000029235	ENSRNOG00000002169
ENSG00000163444	TMEM183A	ENSMUSG00000042305	ENSRNOG00000003594
ENSG00000163453	IGFBP7	ENSMUSG00000036256	ENSRNOG00000002050
ENSG00000163462	TRIM46	ENSMUSG00000042766	ENSRNOG00000055433
ENSG00000163463	KRTCAP2	ENSMUSG00000042747	ENSRNOG00000020542
ENSG00000163464	CXCR1	ENSMUSG00000048480	ENSRNOG00000048239
ENSG00000163466	ARPC2	ENSMUSG00000006304	ENSRNOG00000014289
ENSG00000163467	TSACC	ENSMUSG00000010538	ENSRNOG00000037552
ENSG00000163468	CCT3	ENSMUSG00000001416	ENSRNOG00000019090
ENSG00000163472	TMEM79	ENSMUSG00000001420	ENSRNOG00000019414
ENSG00000163479	SSR2	ENSMUSG00000041355	ENSRNOG00000019940
ENSG00000163481	RNF25	ENSMUSG00000026171	ENSRNOG00000016886
ENSG00000163482	STK36	ENSMUSG00000033276	ENSRNOG00000016913
ENSG00000163485	ADORA1	ENSMUSG00000042429	ENSRNOG00000084234
ENSG00000163491	NEK10	ENSMUSG00000042567	ENSRNOG00000005883
ENSG00000163492	CCDC141	ENSMUSG00000044033	ENSRNOG00000012580
ENSG00000163497	FEV	ENSMUSG00000055197	ENSRNOG00000017856
ENSG00000163499	CRYBA2	ENSMUSG00000006546	ENSRNOG00000017996
ENSG00000163501	IHH	ENSMUSG00000006538	ENSRNOG00000018059
ENSG00000163507	CIP2A	ENSMUSG00000033031	ENSRNOG00000039183
ENSG00000163508	EOMES	ENSMUSG00000032446	ENSRNOG00000042140
ENSG00000163512	AZI2	ENSMUSG00000039285	ENSRNOG00000010096
ENSG00000163513	TGFBR2	ENSMUSG00000032440	ENSRNOG00000013265
ENSG00000163516	ANKZF1	ENSMUSG00000026199	ENSRNOG00000019052
ENSG00000163517	HDAC11	ENSMUSG00000034245	ENSRNOG00000006824
ENSG00000163519	TRAT1	ENSMUSG00000030775	ENSRNOG00000029564
ENSG00000163520	FBLN2	ENSMUSG00000064080	ENSRNOG00000007338
ENSG00000163521	GLB1L	ENSMUSG00000026200	ENSRNOG00000019243
ENSG00000163527	STT3B	ENSMUSG00000032437	ENSRNOG00000011922
ENSG00000163530	DPPA2	ENSMUSG00000072419	ENSRNOG00000064614
ENSG00000163531	NFASC	ENSMUSG00000026442	ENSRNOG00000030515
ENSG00000163534	FCRL1	ENSMUSG00000059994	ENSRNOG00000034230
ENSG00000163536	SERPINI1	ENSMUSG00000027834	ENSRNOG00000010248
ENSG00000163539	CLASP2	ENSMUSG00000033392	ENSRNOG00000009161
ENSG00000163541	SUCLG1	ENSMUSG00000052738	ENSRNOG00000005587
ENSG00000163545	NUAK2	ENSMUSG00000009772	ENSRNOG00000000034
ENSG00000163554	SPTA1	ENSMUSG00000026532	ENSRNOG00000003537
ENSG00000163558	PRKCI	ENSMUSG00000037643	ENSRNOG00000009652
ENSG00000163568	AIM2	ENSMUSG00000037860	ENSRNOG00000003480
ENSG00000163576	EFHB	ENSMUSG00000023931	ENSRNOG00000012618
ENSG00000163577	EIF5A2	ENSMUSG00000050192	ENSRNOG00000011859
ENSG00000163581	SLC2A2	ENSMUSG00000027690	ENSRNOG00000011875
ENSG00000163586	FABP1	ENSMUSG00000054422	ENSRNOG00000006675
ENSG00000163590	PPM1L	ENSMUSG00000027784	ENSRNOG00000075763
ENSG00000163596	ICA1L	ENSMUSG00000026018	ENSRNOG00000017258
ENSG00000163599	CTLA4	ENSMUSG00000026011	ENSRNOG00000054129
ENSG00000163600	ICOS	ENSMUSG00000026009	ENSRNOG00000046196
ENSG00000163602	RYBP	ENSMUSG00000072872	ENSRNOG00000005353
ENSG00000163607	GTPBP8	ENSMUSG00000022668	ENSRNOG00000002044
ENSG00000163608	RMP64	ENSMUSG00000036208	ENSRNOG00000013721
ENSG00000163611	SPICE1	ENSMUSG00000043065	ENSRNOG00000039024
ENSG00000163617	CCDC191	ENSMUSG00000022701	ENSRNOG00000057815
ENSG00000163623	NKX6-1	ENSMUSG00000035187	ENSRNOG00000002149
ENSG00000163624	CDS1	ENSMUSG00000029330	ENSRNOG00000002142
ENSG00000163625	WDFY3	ENSMUSG00000043940	ENSRNOG00000061121
ENSG00000163626	COX18	ENSMUSG00000035505	ENSRNOG00000003052
ENSG00000163629	PTPN13	ENSMUSG00000034573	ENSRNOG00000002061
ENSG00000163630	SYNPR	ENSMUSG00000056296	ENSRNOG00000008203
ENSG00000163631	ALB	ENSMUSG00000029368	ENSRNOG00000002911
ENSG00000163632	C3orf49	ENSMUSG00000079357	ENSRNOG00000027633
ENSG00000163633	C4orf36	ENSMUSG00000029320	ENSRNOG00000060245
ENSG00000163634	THOC7	ENSMUSG00000053453	ENSRNOG00000007701
ENSG00000163635	ATXN7	ENSMUSG00000021738	ENSRNOG00000007246
ENSG00000163636	PSMD6	ENSMUSG00000021737	ENSRNOG00000006751
ENSG00000163637	PRICKLE2	ENSMUSG00000030020	ENSRNOG00000012364
ENSG00000163638	ADAMTS9	ENSMUSG00000030022	ENSRNOG00000023257
ENSG00000163644	PPM1K	ENSMUSG00000037826	ENSRNOG00000006893
ENSG00000163645	ERICH6	ENSMUSG00000070471	ENSRNOG00000013662
ENSG00000163646	CLRN1	ENSMUSG00000043850	ENSRNOG00000042477
ENSG00000163655	GMPS	ENSMUSG00000027823	ENSRNOG00000051151
ENSG00000163659	TIPARP	ENSMUSG00000034640	ENSRNOG00000011238
ENSG00000163660	CCNL1	ENSMUSG00000027829	ENSRNOG00000011586
ENSG00000163661	PTX3	ENSMUSG00000027832	ENSRNOG00000012280
ENSG00000163666	HESX1	ENSMUSG00000040726	ENSRNOG00000014133
ENSG00000163673	DCLK3	ENSMUSG00000032500	ENSRNOG00000033026
ENSG00000163681	SLMAP	ENSMUSG00000021870	ENSRNOG00000011307
ENSG00000163686	ABHD6	ENSMUSG00000025277	ENSRNOG00000008167
ENSG00000163687	DNASE1L3	ENSMUSG00000025279	ENSRNOG00000009291
ENSG00000163689	CFAP20DC	ENSMUSG00000021747	ENSRNOG00000007206
ENSG00000163694	RBM47	ENSMUSG00000070780	ENSRNOG00000002408
ENSG00000163697	APBB2	ENSMUSG00000029207	ENSRNOG00000063717
ENSG00000163701	IL17RE	ENSMUSG00000043088	ENSRNOG00000009204
ENSG00000163702	IL17RC	ENSMUSG00000030281	ENSRNOG00000027376
ENSG00000163703	CRELD1	ENSMUSG00000030284	ENSRNOG00000009414
ENSG00000163704	PRRT3	ENSMUSG00000045009	ENSRNOG00000009863
ENSG00000163710	PCOLCE2	ENSMUSG00000015354	ENSRNOG00000046848
ENSG00000163714	U2SURP	ENSMUSG00000032407	ENSRNOG00000008607
ENSG00000163719	MTMR14	ENSMUSG00000030269	ENSRNOG00000007881
ENSG00000163728	TTC14	ENSMUSG00000027677	ENSRNOG00000011261
ENSG00000163738	MTHFD2L	ENSMUSG00000029376	ENSRNOG00000021347
ENSG00000163749	CCDC158	ENSMUSG00000050050	ENSRNOG00000002204
ENSG00000163751	CPA3	ENSMUSG00000001865	ENSRNOG00000011181
ENSG00000163754	GYG1	ENSMUSG00000019528	ENSRNOG00000011146
ENSG00000163755	HPS3	ENSMUSG00000027615	ENSRNOG00000031406
ENSG00000163781	TOPBP1	ENSMUSG00000032555	ENSRNOG00000009789
ENSG00000163785	RYK	ENSMUSG00000032547	ENSRNOG00000008593
ENSG00000163788	SNRK	ENSMUSG00000038145	ENSRNOG00000004050
ENSG00000163792	TCF23	ENSMUSG00000006642	ENSRNOG00000074829
ENSG00000163793	DNAJC5G	ENSMUSG00000053856	ENSRNOG00000026578
ENSG00000163794	UCN	ENSMUSG00000038676	ENSRNOG00000006090
ENSG00000163795	ZNF513	ENSMUSG00000043059	ENSRNOG00000005298
ENSG00000163798	SLC4A1AP	ENSMUSG00000029141	ENSRNOG00000004901
ENSG00000163803	PLB1	ENSMUSG00000029134	ENSRNOG00000026037
ENSG00000163806	SPDYA	ENSMUSG00000052525	ENSRNOG00000004534
ENSG00000163807	KIAA1143	ENSMUSG00000032551	ENSRNOG00000004135
ENSG00000163808	KIF15	ENSMUSG00000036768	ENSRNOG00000060356
ENSG00000163810	TGM4	ENSMUSG00000025787	ENSRNOG00000004320
ENSG00000163811	WDR43	ENSMUSG00000041057	ENSRNOG00000026316
ENSG00000163812	ZDHHC3	ENSMUSG00000025786	ENSRNOG00000004344
ENSG00000163814	CDCP1	ENSMUSG00000035498	ENSRNOG00000004743
ENSG00000163818	LZTFL1	ENSMUSG00000025245	ENSRNOG00000006244
ENSG00000163820	FYCO1	ENSMUSG00000025241	ENSRNOG00000006336
ENSG00000163825	RTP3	ENSMUSG00000066319	ENSRNOG00000037167
ENSG00000163827	LRRC2	ENSMUSG00000032495	ENSRNOG00000030688
ENSG00000163832	ELP6	ENSMUSG00000054836	ENSRNOG00000020847
ENSG00000163833	FBXO40	ENSMUSG00000047746	ENSRNOG00000002459
ENSG00000163840	DTX3L	ENSMUSG00000049502	ENSRNOG00000023400
ENSG00000163848	ZNF148	ENSMUSG00000022811	ENSRNOG00000001789
ENSG00000163864	NMNAT3	ENSMUSG00000032456	ENSRNOG00000013585
ENSG00000163866	SMIM12	ENSMUSG00000042380	ENSRNOG00000014352
ENSG00000163867	ZMYM6	ENSMUSG00000042408	ENSRNOG00000013865
ENSG00000163870	TPRA1	ENSMUSG00000002871	ENSRNOG00000016665
ENSG00000163872	YEATS2	ENSMUSG00000041215	ENSRNOG00000023107
ENSG00000163873	GRIK3	ENSMUSG00000001985	ENSRNOG00000008992
ENSG00000163874	ZC3H12A	ENSMUSG00000042677	ENSRNOG00000009131
ENSG00000163875	MEAF6	ENSMUSG00000028863	ENSRNOG00000009309
ENSG00000163877	SNIP1	ENSMUSG00000050213	ENSRNOG00000024889
ENSG00000163879	DNALI1	ENSMUSG00000042707	ENSRNOG00000024957
ENSG00000163884	KLF15	ENSMUSG00000030087	ENSRNOG00000017808
ENSG00000163885	CFAP100	ENSMUSG00000048794	ENSRNOG00000017959
ENSG00000163888	CAMK2N2	ENSMUSG00000051146	ENSRNOG00000076327
ENSG00000163898	LIPH	ENSMUSG00000044626	ENSRNOG00000047894
ENSG00000163902	RPN1	ENSMUSG00000030062	ENSRNOG00000046345
ENSG00000163904	SENP2	ENSMUSG00000022855	ENSRNOG00000001773
ENSG00000163909	HEYL	ENSMUSG00000032744	ENSRNOG00000015318
ENSG00000163913	IFT122	ENSMUSG00000030323	ENSRNOG00000010952
ENSG00000163914	RHO	ENSMUSG00000030324	ENSRNOG00000011144
ENSG00000163918	RFC4	ENSMUSG00000022881	ENSRNOG00000001816
ENSG00000163930	BAP1	ENSMUSG00000021901	ENSRNOG00000019097
ENSG00000163931	TKT	ENSMUSG00000021957	ENSRNOG00000016064
ENSG00000163932	PRKCD	ENSMUSG00000021948	ENSRNOG00000016346
ENSG00000163933	RFT1	ENSMUSG00000052395	ENSRNOG00000021805
ENSG00000163935	SFMBT1	ENSMUSG00000006527	ENSRNOG00000016645
ENSG00000163938	GNL3	ENSMUSG00000042354	ENSRNOG00000028461
ENSG00000163939	PBRM1	ENSMUSG00000042323	ENSRNOG00000028227
ENSG00000163945	UVSSA	ENSMUSG00000037355	ENSRNOG00000005122
ENSG00000163946	TASOR	ENSMUSG00000040651	ENSRNOG00000014750
ENSG00000163947	ARHGEF3	ENSMUSG00000021895	ENSRNOG00000014363
ENSG00000163950	SLBP	ENSMUSG00000004642	ENSRNOG00000037162
ENSG00000163956	LRPAP1	ENSMUSG00000029103	ENSRNOG00000009313
ENSG00000163958	ZDHHC19	ENSMUSG00000052363	ENSRNOG00000025055
ENSG00000163959	SLC51A	ENSMUSG00000035699	ENSRNOG00000001765
ENSG00000163960	UBXN7	ENSMUSG00000053774	ENSRNOG00000046969
ENSG00000163961	RNF168	ENSMUSG00000014074	ENSRNOG00000043345
ENSG00000163964	PIGX	ENSMUSG00000023791	ENSRNOG00000033623
ENSG00000163975	MELTF	ENSMUSG00000022780	ENSRNOG00000001739
ENSG00000163982	OTOP1	ENSMUSG00000051596	ENSRNOG00000028423
ENSG00000163995	ABLIM2	ENSMUSG00000029095	ENSRNOG00000007882
ENSG00000164002	EXO5	ENSMUSG00000028629	ENSRNOG00000037432
ENSG00000164007	CLDN19	ENSMUSG00000066058	ENSRNOG00000007922
ENSG00000164008	C1orf50	ENSMUSG00000078584	ENSRNOG00000027455
ENSG00000164022	AIMP1	ENSMUSG00000028029	ENSRNOG00000011384
ENSG00000164023	SGMS2	ENSMUSG00000050931	ENSRNOG00000011284
ENSG00000164024	METAP1	ENSMUSG00000005813	ENSRNOG00000012947
ENSG00000164031	DNAJB14	ENSMUSG00000074212	ENSRNOG00000060107
ENSG00000164032	H2AZ1	ENSMUSG00000037894	ENSRNOG00000038375
ENSG00000164035	EMCN	ENSMUSG00000054690	ENSRNOG00000022910
ENSG00000164037	SLC9B1	ENSMUSG00000050150	ENSRNOG00000069829
ENSG00000164038	SLC9B2	ENSMUSG00000037994	ENSRNOG00000023404
ENSG00000164039	BDH2	ENSMUSG00000028167	ENSRNOG00000014490
ENSG00000164040	PGRMC2	ENSMUSG00000049940	ENSRNOG00000014051
ENSG00000164045	CDC25A	ENSMUSG00000032477	ENSRNOG00000020737
ENSG00000164047	CAMP	ENSMUSG00000038357	ENSRNOG00000020733
ENSG00000164050	PLXNB1	ENSMUSG00000053646	ENSRNOG00000029510
ENSG00000164051	CCDC51	ENSMUSG00000025645	ENSRNOG00000020688
ENSG00000164053	ATRIP	ENSMUSG00000025646	ENSRNOG00000020670
ENSG00000164054	SHISA5	ENSMUSG00000025647	ENSRNOG00000020667
ENSG00000164056	SPRY1	ENSMUSG00000037211	ENSRNOG00000025371
ENSG00000164061	BSN	ENSMUSG00000032589	ENSRNOG00000030714
ENSG00000164062	APEH	ENSMUSG00000032590	ENSRNOG00000029572
ENSG00000164066	INTU	ENSMUSG00000060798	ENSRNOG00000010556
ENSG00000164068	RNF123	ENSMUSG00000041528	ENSRNOG00000033378
ENSG00000164070	HSPA4L	ENSMUSG00000025757	ENSRNOG00000010819
ENSG00000164073	MFSD8	ENSMUSG00000025759	ENSRNOG00000012729
ENSG00000164074	ABHD18	ENSMUSG00000037818	ENSRNOG00000013692
ENSG00000164076	CAMKV	ENSMUSG00000032936	ENSRNOG00000058938
ENSG00000164077	MON1A	ENSMUSG00000032583	ENSRNOG00000018502
ENSG00000164078	MST1R	ENSMUSG00000032584	ENSRNOG00000032618
ENSG00000164080	RAD54L2	ENSMUSG00000040661	ENSRNOG00000049489
ENSG00000164081	TEX264	ENSMUSG00000040813	ENSRNOG00000013201
ENSG00000164082	GRM2	ENSMUSG00000023192	ENSRNOG00000013171
ENSG00000164086	DUSP7	ENSMUSG00000053716	ENSRNOG00000010789
ENSG00000164087	POC1A	ENSMUSG00000023345	ENSRNOG00000037295
ENSG00000164088	PPM1M	ENSMUSG00000020253	ENSRNOG00000046535
ENSG00000164089	ETNPPL	ENSMUSG00000019232	ENSRNOG00000045743
ENSG00000164091	WDR82	ENSMUSG00000020257	ENSRNOG00000048441
ENSG00000164096	ARLN	ENSMUSG00000054091	ENSRNOG00000014654
ENSG00000164099	PRSS12	ENSMUSG00000027978	ENSRNOG00000015353
ENSG00000164100	NDST3	ENSMUSG00000027977	ENSRNOG00000015781
ENSG00000164105	SAP30	ENSMUSG00000031609	ENSRNOG00000013218
ENSG00000164106	SCRG1	ENSMUSG00000031610	ENSRNOG00000069516
ENSG00000164107	HAND2	ENSMUSG00000038193	ENSRNOG00000060448
ENSG00000164109	MAD2L1	ENSMUSG00000029910	ENSRNOG00000005376
ENSG00000164111	ANXA5	ENSMUSG00000027712	ENSRNOG00000014453
ENSG00000164112	SMIM43	ENSMUSG00000085007	ENSRNOG00000080346
ENSG00000164113	ADAD1	ENSMUSG00000027719	ENSRNOG00000017246
ENSG00000164114	MAP9	ENSMUSG00000033900	ENSRNOG00000012982
ENSG00000164116	GUCY1A1	ENSMUSG00000033910	ENSRNOG00000012302
ENSG00000164117	FBXO8	ENSMUSG00000038206	ENSRNOG00000010502
ENSG00000164118	CEP44	ENSMUSG00000038215	ENSRNOG00000010566
ENSG00000164120	HPGD	ENSMUSG00000031613	ENSRNOG00000010610
ENSG00000164122	ASB5	ENSMUSG00000031519	ENSRNOG00000042630
ENSG00000164123	SPMIP2	ENSMUSG00000091685	ENSRNOG00000032009
ENSG00000164124	TMEM144	ENSMUSG00000027956	ENSRNOG00000010081
ENSG00000164125	GASK1B	ENSMUSG00000027955	ENSRNOG00000010183
ENSG00000164128	NPY1R	ENSMUSG00000036437	ENSRNOG00000014149
ENSG00000164129	NPY5R	ENSMUSG00000044014	ENSRNOG00000014172
ENSG00000164134	NAA15	ENSMUSG00000063273	ENSRNOG00000012385
ENSG00000164136	IL15	ENSMUSG00000031712	ENSRNOG00000003439
ENSG00000164142	FHIP1A	ENSMUSG00000051000	ENSRNOG00000048256
ENSG00000164144	ARFIP1	ENSMUSG00000074513	ENSRNOG00000010533
ENSG00000164151	ICE1	ENSMUSG00000034525	ENSRNOG00000023053
ENSG00000164161	HHIP	ENSMUSG00000064325	ENSRNOG00000018268
ENSG00000164162	ANAPC10	ENSMUSG00000036977	ENSRNOG00000018296
ENSG00000164163	ABCE1	ENSMUSG00000058355	ENSRNOG00000018345
ENSG00000164164	OTUD4	ENSMUSG00000036990	ENSRNOG00000018477
ENSG00000164168	TMEM184C	ENSMUSG00000031617	ENSRNOG00000012860
ENSG00000164169	PRMT9	ENSMUSG00000037134	ENSRNOG00000012928
ENSG00000164171	ITGA2	ENSMUSG00000015533	ENSRNOG00000058111
ENSG00000164172	MOCS2	ENSMUSG00000015536	ENSRNOG00000056325
ENSG00000164175	SLC45A2	ENSMUSG00000022243	ENSRNOG00000018759
ENSG00000164176	EDIL3	ENSMUSG00000034488	ENSRNOG00000033064
ENSG00000164180	TMEM161B	ENSMUSG00000035762	ENSRNOG00000032414
ENSG00000164181	ELOVL7	ENSMUSG00000021696	ENSRNOG00000010450
ENSG00000164182	NDUFAF2	ENSMUSG00000068184	ENSRNOG00000055079
ENSG00000164185	ZNF474	ENSMUSG00000046886	ENSRNOG00000018724
ENSG00000164187	LMBRD2	ENSMUSG00000039704	ENSRNOG00000054751
ENSG00000164188	RANBP3L	ENSMUSG00000048424	ENSRNOG00000052173
ENSG00000164190	NIPBL	ENSMUSG00000022141	ENSRNOG00000056907
ENSG00000164197	RNF180	ENSMUSG00000021720	ENSRNOG00000043329
ENSG00000164199	ADGRV1	ENSMUSG00000069170	ENSRNOG00000016306
ENSG00000164209	SLC25A46	ENSMUSG00000024259	ENSRNOG00000017091
ENSG00000164211	STARD4	ENSMUSG00000024378	ENSRNOG00000020468
ENSG00000164219	PGGT1B	ENSMUSG00000024477	ENSRNOG00000003541
ENSG00000164220	F2RL2	ENSMUSG00000021675	ENSRNOG00000018054
ENSG00000164221	CCDC112	ENSMUSG00000071855	ENSRNOG00000003559
ENSG00000164236	ANKRD33B	ENSMUSG00000022237	ENSRNOG00000010888
ENSG00000164237	CMBL	ENSMUSG00000022235	ENSRNOG00000011260
ENSG00000164241	C5orf63	ENSMUSG00000024592	ENSRNOG00000013738
ENSG00000164244	PRRC1	ENSMUSG00000024594	ENSRNOG00000016433
ENSG00000164251	F2RL1	ENSMUSG00000021678	ENSRNOG00000018003
ENSG00000164252	AGGF1	ENSMUSG00000021681	ENSRNOG00000029304
ENSG00000164253	WDR41	ENSMUSG00000042015	ENSRNOG00000025462
ENSG00000164258	NDUFS4	ENSMUSG00000021764	ENSRNOG00000011383
ENSG00000164265	SCGB3A2	ENSMUSG00000038791	ENSRNOG00000026912
ENSG00000164270	HTR4	ENSMUSG00000026322	ENSRNOG00000019134
ENSG00000164283	ESM1	ENSMUSG00000042379	ENSRNOG00000010797
ENSG00000164284	GRPEL2	ENSMUSG00000024580	ENSRNOG00000064275
ENSG00000164291	ARSK	ENSMUSG00000021592	ENSRNOG00000026937
ENSG00000164292	RHOBTB3	ENSMUSG00000021589	ENSRNOG00000012414
ENSG00000164294	GPX8	ENSMUSG00000021760	ENSRNOG00000010461
ENSG00000164299	SPZ1	ENSMUSG00000046957	ENSRNOG00000013050
ENSG00000164300	SERINC5	ENSMUSG00000021703	ENSRNOG00000024039
ENSG00000164303	ENPP6	ENSMUSG00000038173	ENSRNOG00000009660
ENSG00000164304	CAGE1	ENSMUSG00000044566	ENSRNOG00000024111
ENSG00000164305	CASP3	ENSMUSG00000031628	ENSRNOG00000010475
ENSG00000164306	PRIMPOL	ENSMUSG00000038225	ENSRNOG00000022320
ENSG00000164307	ERAP1	ENSMUSG00000021583	ENSRNOG00000009997
ENSG00000164309	CMYA5	ENSMUSG00000047419	ENSRNOG00000023803
ENSG00000164318	EGFLAM	ENSMUSG00000042961	ENSRNOG00000012058
ENSG00000164323	CFAP97	ENSMUSG00000031631	ENSRNOG00000032192
ENSG00000164325	TMEM174	ENSMUSG00000046082	ENSRNOG00000015472
ENSG00000164326	CARTPT	ENSMUSG00000021647	ENSRNOG00000017712
ENSG00000164327	RICTOR	ENSMUSG00000050310	ENSRNOG00000011341
ENSG00000164329	TENT2	ENSMUSG00000042167	ENSRNOG00000012099
ENSG00000164330	EBF1	ENSMUSG00000057098	ENSRNOG00000028845
ENSG00000164332	UBLCP1	ENSMUSG00000041231	ENSRNOG00000004477
ENSG00000164334	FAM170A	ENSMUSG00000035420	ENSRNOG00000015834
ENSG00000164338	UTP15	ENSMUSG00000041747	ENSRNOG00000016591
ENSG00000164342	TLR3	ENSMUSG00000031639	ENSRNOG00000021726
ENSG00000164344	KLKB1	ENSMUSG00000109764	ENSRNOG00000014118
ENSG00000164346	NSA2	ENSMUSG00000060739	ENSRNOG00000016530
ENSG00000164347	GFM2	ENSMUSG00000021666	ENSRNOG00000025285
ENSG00000164362	TERT	ENSMUSG00000021611	ENSRNOG00000025327
ENSG00000164363	SLC6A18	ENSMUSG00000021612	ENSRNOG00000016253
ENSG00000164366	CCDC127	ENSMUSG00000021578	ENSRNOG00000066093
ENSG00000164379	FOXQ1	ENSMUSG00000038415	ENSRNOG00000062314
ENSG00000164398	ACSL6	ENSMUSG00000020333	ENSRNOG00000026745
ENSG00000164399	IL3	ENSMUSG00000018914	ENSRNOG00000026786
ENSG00000164400	CSF2	ENSMUSG00000018916	ENSRNOG00000026805
ENSG00000164402	SEPTIN8	ENSMUSG00000018398	ENSRNOG00000007462
ENSG00000164403	SHROOM1	ENSMUSG00000018387	ENSRNOG00000007431
ENSG00000164404	GDF9	ENSMUSG00000018238	ENSRNOG00000007301
ENSG00000164405	UQCRQ	ENSMUSG00000044894	ENSRNOG00000067979
ENSG00000164406	LEAP2	ENSMUSG00000036216	ENSRNOG00000007218
ENSG00000164414	SLC35A1	ENSMUSG00000028293	ENSRNOG00000008908
ENSG00000164418	GRIK2	ENSMUSG00000056073	ENSRNOG00000000368
ENSG00000164430	CGAS	ENSMUSG00000032344	ENSRNOG00000046191
ENSG00000164434	FABP7	ENSMUSG00000019874	ENSRNOG00000000814
ENSG00000164438	TLX3	ENSMUSG00000040610	ENSRNOG00000004976
ENSG00000164440	TXLNB	ENSMUSG00000039891	ENSRNOG00000060021
ENSG00000164442	CITED2	ENSMUSG00000039910	ENSRNOG00000056940
ENSG00000164451	CALHM4	ENSMUSG00000039508	ENSRNOG00000000580
ENSG00000164458	TBXT	ENSMUSG00000062327	ENSRNOG00000012229
ENSG00000164463	CREBRF	ENSMUSG00000048249	ENSRNOG00000020769
ENSG00000164465	DCBLD1	ENSMUSG00000019891	ENSRNOG00000000407
ENSG00000164466	SFXN1	ENSMUSG00000021474	ENSRNOG00000018279
ENSG00000164483	SAMD3	ENSMUSG00000051354	ENSRNOG00000039955
ENSG00000164484	TMEM200A	ENSMUSG00000049420	ENSRNOG00000047783
ENSG00000164485	IL22RA2	ENSMUSG00000039760	ENSRNOG00000012259
ENSG00000164488	DACT2	ENSMUSG00000048826	ENSRNOG00000022921
ENSG00000164494	PDSS2	ENSMUSG00000038240	ENSRNOG00000042962
ENSG00000164500	SPMIP7	ENSMUSG00000020191	ENSRNOG00000037621
ENSG00000164506	STXBP5	ENSMUSG00000019790	ENSRNOG00000013351
ENSG00000164508	H2AC1	ENSMUSG00000060081	ENSRNOG00000065352
ENSG00000164509	IL31RA	ENSMUSG00000050377	ENSRNOG00000042080
ENSG00000164512	ANKRD55	ENSMUSG00000049985	ENSRNOG00000013555
ENSG00000164530	PI16	ENSMUSG00000024011	ENSRNOG00000000525
ENSG00000164532	TBX20	ENSMUSG00000031965	ENSRNOG00000016181
ENSG00000164535	DAGLB	ENSMUSG00000039206	ENSRNOG00000001079
ENSG00000164542	MATCAP2	ENSMUSG00000036411	ENSRNOG00000026979
ENSG00000164548	TRA2A	ENSMUSG00000029817	ENSRNOG00000009156
ENSG00000164574	GALNT10	ENSMUSG00000020520	ENSRNOG00000002488
ENSG00000164576	SAP30L	ENSMUSG00000020519	ENSRNOG00000002575
ENSG00000164587	RPS14	ENSMUSG00000024608	ENSRNOG00000031585
ENSG00000164588	HCN1	ENSMUSG00000021730	ENSRNOG00000055382
ENSG00000164591	MYOZ3	ENSMUSG00000049173	ENSRNOG00000087346
ENSG00000164597	COG5	ENSMUSG00000035933	ENSRNOG00000056610
ENSG00000164600	NEUROD6	ENSMUSG00000037984	ENSRNOG00000026055
ENSG00000164603	SAMTOR	ENSMUSG00000042742	ENSRNOG00000007224
ENSG00000164604	GPR85	ENSMUSG00000048216	ENSRNOG00000024636
ENSG00000164609	SLU7	ENSMUSG00000020409	ENSRNOG00000003822
ENSG00000164610	RP9	ENSMUSG00000032239	ENSRNOG00000029456
ENSG00000164615	CAMLG	ENSMUSG00000021501	ENSRNOG00000021911
ENSG00000164619	BMPER	ENSMUSG00000031963	ENSRNOG00000015357
ENSG00000164620	RELL2	ENSMUSG00000044024	ENSRNOG00000019575
ENSG00000164626	KCNK5	ENSMUSG00000023243	ENSRNOG00000047005
ENSG00000164627	KIF6	ENSMUSG00000023999	ENSRNOG00000011453
ENSG00000164631	ZNF12	ENSMUSG00000029587	ENSRNOG00000006958
ENSG00000164638	SLC29A4	ENSMUSG00000050822	ENSRNOG00000001115
ENSG00000164645	TEX47	ENSMUSG00000040514	ENSRNOG00000008594
ENSG00000164649	CDCA7L	ENSMUSG00000021175	ENSRNOG00000005410
ENSG00000164651	SP8	ENSMUSG00000048562	ENSRNOG00000068174
ENSG00000164654	MIOS	ENSMUSG00000042447	ENSRNOG00000007924
ENSG00000164659	ELAPOR2	ENSMUSG00000056004	ENSRNOG00000005818
ENSG00000164663	USP49	ENSMUSG00000090115	ENSRNOG00000013866
ENSG00000164674	SYTL3	ENSMUSG00000041831	ENSRNOG00000018321
ENSG00000164675	IQUB	ENSMUSG00000046192	ENSRNOG00000021729
ENSG00000164683	HEY1	ENSMUSG00000040289	ENSRNOG00000062882
ENSG00000164684	ZNF704	ENSMUSG00000040209	ENSRNOG00000054426
ENSG00000164690	SHH	ENSMUSG00000002633	ENSRNOG00000006120
ENSG00000164692	COL1A2	ENSMUSG00000029661	ENSRNOG00000011292
ENSG00000164694	FNDC1	ENSMUSG00000071984	ENSRNOG00000030210
ENSG00000164695	CHMP4C	ENSMUSG00000027536	ENSRNOG00000010238
ENSG00000164707	SLC13A4	ENSMUSG00000029843	ENSRNOG00000011184
ENSG00000164708	PGAM2	ENSMUSG00000020475	ENSRNOG00000013532
ENSG00000164715	LMTK2	ENSMUSG00000038970	ENSRNOG00000025155
ENSG00000164733	CTSB	ENSMUSG00000021939	ENSRNOG00000010331
ENSG00000164736	SOX17	ENSMUSG00000025902	ENSRNOG00000027357
ENSG00000164741	DLC1	ENSMUSG00000031523	ENSRNOG00000010780
ENSG00000164742	ADCY1	ENSMUSG00000020431	ENSRNOG00000059479
ENSG00000164743	C8orf48	ENSMUSG00000074384	ENSRNOG00000032376
ENSG00000164744	SUN3	ENSMUSG00000040985	ENSRNOG00000005105
ENSG00000164746	C7orf57	ENSMUSG00000040978	ENSRNOG00000037632
ENSG00000164749	HNF4G	ENSMUSG00000017688	ENSRNOG00000008971
ENSG00000164751	PEX2	ENSMUSG00000040374	ENSRNOG00000008748
ENSG00000164754	RAD21	ENSMUSG00000022314	ENSRNOG00000004420
ENSG00000164756	SLC30A8	ENSMUSG00000022315	ENSRNOG00000004747
ENSG00000164758	MED30	ENSMUSG00000038622	ENSRNOG00000004844
ENSG00000164761	TNFRSF11B	ENSMUSG00000063727	ENSRNOG00000008336
ENSG00000164764	SBSPON	ENSMUSG00000032719	ENSRNOG00000007258
ENSG00000164776	PHKG1	ENSMUSG00000025537	ENSRNOG00000000920
ENSG00000164778	EN2	ENSMUSG00000039095	ENSRNOG00000006846
ENSG00000164794	KCNV1	ENSMUSG00000022342	ENSRNOG00000004117
ENSG00000164796	CSMD3	ENSMUSG00000022311	ENSRNOG00000004937
ENSG00000164808	SPIDR	ENSMUSG00000041974	ENSRNOG00000037851
ENSG00000164815	ORC5	ENSMUSG00000029012	ENSRNOG00000011519
ENSG00000164818	DNAAF5	ENSMUSG00000025857	ENSRNOG00000021312
ENSG00000164823	OSGIN2	ENSMUSG00000041153	ENSRNOG00000009358
ENSG00000164828	SUN1	ENSMUSG00000036817	ENSRNOG00000001299
ENSG00000164830	OXR1	ENSMUSG00000022307	ENSRNOG00000056487
ENSG00000164841	TMEM74	ENSMUSG00000054409	ENSRNOG00000065300
ENSG00000164849	GPR146	ENSMUSG00000044197	ENSRNOG00000001288
ENSG00000164850	GPER1	ENSMUSG00000053647	ENSRNOG00000001287
ENSG00000164853	UNCX	ENSMUSG00000029546	ENSRNOG00000001284
ENSG00000164855	TMEM184A	ENSMUSG00000036687	ENSRNOG00000001275
ENSG00000164867	NOS3	ENSMUSG00000028978	ENSRNOG00000009348
ENSG00000164877	MICALL2	ENSMUSG00000036718	ENSRNOG00000022533
ENSG00000164879	CA3	ENSMUSG00000027559	ENSRNOG00000010079
ENSG00000164880	INTS1	ENSMUSG00000029547	ENSRNOG00000047880
ENSG00000164885	CDK5	ENSMUSG00000028969	ENSRNOG00000008017
ENSG00000164889	SLC4A2	ENSMUSG00000028962	ENSRNOG00000014347
ENSG00000164893	SLC7A13	ENSMUSG00000041052	ENSRNOG00000024903
ENSG00000164896	FASTK	ENSMUSG00000028959	ENSRNOG00000011667
ENSG00000164897	TMUB1	ENSMUSG00000028958	ENSRNOG00000013383
ENSG00000164898	FMC1	ENSMUSG00000019689	ENSRNOG00000005618
ENSG00000164900	GBX1	ENSMUSG00000067724	ENSRNOG00000013369
ENSG00000164902	PHAX	ENSMUSG00000008301	ENSRNOG00000014459
ENSG00000164904	ALDH7A1	ENSMUSG00000053644	ENSRNOG00000014645
ENSG00000164916	FOXK1	ENSMUSG00000056493	ENSRNOG00000001104
ENSG00000164920	OSR2	ENSMUSG00000022330	ENSRNOG00000011136
ENSG00000164924	YWHAZ	ENSMUSG00000022285	ENSRNOG00000008195
ENSG00000164929	BAALC	ENSMUSG00000022296	ENSRNOG00000004697
ENSG00000164930	FZD6	ENSMUSG00000022297	ENSRNOG00000004660
ENSG00000164932	CTHRC1	ENSMUSG00000054196	ENSRNOG00000004578
ENSG00000164933	SLC25A32	ENSMUSG00000022299	ENSRNOG00000004403
ENSG00000164934	DCAF13	ENSMUSG00000022300	ENSRNOG00000004301
ENSG00000164935	DCSTAMP	ENSMUSG00000022303	ENSRNOG00000004704
ENSG00000164938	TP53INP1	ENSMUSG00000028211	ENSRNOG00000078269
ENSG00000164941	INTS8	ENSMUSG00000040738	ENSRNOG00000008124
ENSG00000164944	VIRMA	ENSMUSG00000040720	ENSRNOG00000014664
ENSG00000164946	FREM1	ENSMUSG00000059049	ENSRNOG00000022309
ENSG00000164949	GEM	ENSMUSG00000028214	ENSRNOG00000015160
ENSG00000164951	PDP1	ENSMUSG00000049225	ENSRNOG00000016180
ENSG00000164953	TMEM67	ENSMUSG00000049488	ENSRNOG00000016187
ENSG00000164961	WASHC5	ENSMUSG00000022350	ENSRNOG00000009739
ENSG00000164967	RPP25L	ENSMUSG00000036114	ENSRNOG00000064027
ENSG00000164970	FAM219A	ENSMUSG00000028439	ENSRNOG00000039559
ENSG00000164972	SPMIP6	ENSMUSG00000028441	ENSRNOG00000013320
ENSG00000164975	SNAPC3	ENSMUSG00000028483	ENSRNOG00000010825
ENSG00000164976	MYORG	ENSMUSG00000046312	ENSRNOG00000023208
ENSG00000164978	NUDT2	ENSMUSG00000028443	ENSRNOG00000013110
ENSG00000164983	TMEM65	ENSMUSG00000062373	ENSRNOG00000008934
ENSG00000164985	PSIP1	ENSMUSG00000028484	ENSRNOG00000011498
ENSG00000164989	CCDC171	ENSMUSG00000052407	ENSRNOG00000033445
ENSG00000165006	UBAP1	ENSMUSG00000028437	ENSRNOG00000012004
ENSG00000165023	DIRAS2	ENSMUSG00000047842	ENSRNOG00000062731
ENSG00000165025	SYK	ENSMUSG00000021457	ENSRNOG00000012160
ENSG00000165029	ABCA1	ENSMUSG00000015243	ENSRNOG00000018126
ENSG00000165030	NFIL3	ENSMUSG00000056749	ENSRNOG00000011668
ENSG00000165046	LETM2	ENSMUSG00000037363	ENSRNOG00000026180
ENSG00000165060	FXN	ENSMUSG00000059363	ENSRNOG00000015213
ENSG00000165061	ZMAT4	ENSMUSG00000037492	ENSRNOG00000042690
ENSG00000165066	NKX6-3	ENSMUSG00000063672	ENSRNOG00000018147
ENSG00000165071	TMEM71	ENSMUSG00000036944	ENSRNOG00000025460
ENSG00000165072	MAMDC2	ENSMUSG00000033207	ENSRNOG00000024620
ENSG00000165076	PRSS37	ENSMUSG00000029909	ENSRNOG00000012201
ENSG00000165078	CPA6	ENSMUSG00000042501	ENSRNOG00000005655
ENSG00000165084	C8orf34	ENSMUSG00000057715	ENSRNOG00000005375
ENSG00000165091	TMC1	ENSMUSG00000024749	ENSRNOG00000051262
ENSG00000165097	KDM1B	ENSMUSG00000038080	ENSRNOG00000016519
ENSG00000165102	HGSNAT	ENSMUSG00000037260	ENSRNOG00000069796
ENSG00000165105	RASEF	ENSMUSG00000043003	ENSRNOG00000024190
ENSG00000165113	GKAP1	ENSMUSG00000021552	ENSRNOG00000019272
ENSG00000165115	KIF27	ENSMUSG00000060176	ENSRNOG00000019257
ENSG00000165118	QNG1	ENSMUSG00000021550	ENSRNOG00000019232
ENSG00000165119	HNRNPK	ENSMUSG00000021546	ENSRNOG00000019113
ENSG00000165120	SSMEM1	ENSMUSG00000029784	ENSRNOG00000010345
ENSG00000165124	SVEP1	ENSMUSG00000028369	ENSRNOG00000033110
ENSG00000165125	TRPV6	ENSMUSG00000029868	ENSRNOG00000014714
ENSG00000165131	LLCFC1	ENSMUSG00000029867	ENSRNOG00000025618
ENSG00000165138	ANKS6	ENSMUSG00000066191	ENSRNOG00000023309
ENSG00000165140	FBP1	ENSMUSG00000069805	ENSRNOG00000017597
ENSG00000165152	PGAP4	ENSMUSG00000039611	ENSRNOG00000006800
ENSG00000165156	ZHX1	ENSMUSG00000022361	ENSRNOG00000006412
ENSG00000165168	CYBB	ENSMUSG00000015340	ENSRNOG00000003622
ENSG00000165169	DYNLT3	ENSMUSG00000031176	ENSRNOG00000003611
ENSG00000165171	METTL27	ENSMUSG00000040557	ENSRNOG00000046700
ENSG00000165175	MID1IP1	ENSMUSG00000008035	ENSRNOG00000003228
ENSG00000165181	SHOC1	ENSMUSG00000038598	ENSRNOG00000060520
ENSG00000165185	KIAA1958	ENSMUSG00000045071	ENSRNOG00000016780
ENSG00000165186	PTCHD1	ENSMUSG00000041552	ENSRNOG00000069252
ENSG00000165188	RNF183	ENSMUSG00000063851	ENSRNOG00000064866
ENSG00000165192	ASB11	ENSMUSG00000031382	ENSRNOG00000003452
ENSG00000165194	PCDH19	ENSMUSG00000051323	ENSRNOG00000003929
ENSG00000165195	PIGA	ENSMUSG00000031381	ENSRNOG00000003554
ENSG00000165197	VEGFD	ENSMUSG00000031380	ENSRNOG00000003587
ENSG00000165202	OR1Q1	ENSMUSG00000055838	ENSRNOG00000007965
ENSG00000165209	STRBP	ENSMUSG00000026915	ENSRNOG00000010150
ENSG00000165215	CLDN3	ENSMUSG00000070473	ENSRNOG00000046007
ENSG00000165219	GAPVD1	ENSMUSG00000026867	ENSRNOG00000017925
ENSG00000165233	CARD19	ENSMUSG00000037960	ENSRNOG00000016560
ENSG00000165238	WNK2	ENSMUSG00000037989	ENSRNOG00000016684
ENSG00000165240	ATP7A	ENSMUSG00000033792	ENSRNOG00000061367
ENSG00000165244	ZNF367	ENSMUSG00000044934	ENSRNOG00000027234
ENSG00000165259	HDX	ENSMUSG00000034551	ENSRNOG00000037799
ENSG00000165264	NDUFB6	ENSMUSG00000071014	ENSRNOG00000024539
ENSG00000165271	NOL6	ENSMUSG00000028430	ENSRNOG00000010409
ENSG00000165272	AQP3	ENSMUSG00000028435	ENSRNOG00000009797
ENSG00000165275	TRMT10B	ENSMUSG00000035601	ENSRNOG00000012454
ENSG00000165280	VCP	ENSMUSG00000028452	ENSRNOG00000034242
ENSG00000165282	PIGO	ENSMUSG00000028454	ENSRNOG00000009930
ENSG00000165283	STOML2	ENSMUSG00000028455	ENSRNOG00000009535
ENSG00000165288	BRWD3	ENSMUSG00000063663	ENSRNOG00000002291
ENSG00000165300	SLITRK5	ENSMUSG00000033214	ENSRNOG00000009649
ENSG00000165304	MELK	ENSMUSG00000035683	ENSRNOG00000013598
ENSG00000165309	ARMC3	ENSMUSG00000037683	ENSRNOG00000016716
ENSG00000165312	OTUD1	ENSMUSG00000043415	ENSRNOG00000016950
ENSG00000165322	ARHGAP12	ENSMUSG00000041225	ENSRNOG00000017791
ENSG00000165323	FAT3	ENSMUSG00000074505	ENSRNOG00000011585
ENSG00000165325	DEUP1	ENSMUSG00000039977	ENSRNOG00000061247
ENSG00000165338	HECTD2	ENSMUSG00000041180	ENSRNOG00000056753
ENSG00000165349	SLC7A3	ENSMUSG00000031297	ENSRNOG00000004133
ENSG00000165355	FBXO33	ENSMUSG00000035329	ENSRNOG00000005285
ENSG00000165359	INTS6L	ENSMUSG00000035967	ENSRNOG00000046662
ENSG00000165370	GPR101	ENSMUSG00000036357	ENSRNOG00000027658
ENSG00000165376	CLDN2	ENSMUSG00000047230	ENSRNOG00000054495
ENSG00000165379	LRFN5	ENSMUSG00000035653	ENSRNOG00000005550
ENSG00000165383	LRRC18	ENSMUSG00000041673	ENSRNOG00000020080
ENSG00000165389	SPTSSA	ENSMUSG00000044408	ENSRNOG00000004292
ENSG00000165392	WRN	ENSMUSG00000031583	ENSRNOG00000015440
ENSG00000165406	MARCHF8	ENSMUSG00000025702	ENSRNOG00000012297
ENSG00000165409	TSHR	ENSMUSG00000020963	ENSRNOG00000003972
ENSG00000165410	CFL2	ENSMUSG00000062929	ENSRNOG00000045892
ENSG00000165416	SUGT1	ENSMUSG00000022024	ENSRNOG00000012594
ENSG00000165417	GTF2A1	ENSMUSG00000020962	ENSRNOG00000004300
ENSG00000165424	ZCCHC24	ENSMUSG00000055538	ENSRNOG00000040205
ENSG00000165434	PGM2L1	ENSMUSG00000030729	ENSRNOG00000017079
ENSG00000165443	PHYHIPL	ENSMUSG00000037747	ENSRNOG00000000274
ENSG00000165449	SLC16A9	ENSMUSG00000037762	ENSRNOG00000049063
ENSG00000165457	FOLR2	ENSMUSG00000032725	ENSRNOG00000019890
ENSG00000165458	INPPL1	ENSMUSG00000032737	ENSRNOG00000019730
ENSG00000165462	PHOX2A	ENSMUSG00000007946	ENSRNOG00000019706
ENSG00000165471	MBL2	ENSMUSG00000024863	ENSRNOG00000011637
ENSG00000165474	GJB2	ENSMUSG00000046352	ENSRNOG00000008855
ENSG00000165475	CRYL1	ENSMUSG00000021947	ENSRNOG00000008989
ENSG00000165476	REEP3	ENSMUSG00000019873	ENSRNOG00000000645
ENSG00000165478	HEPACAM	ENSMUSG00000046240	ENSRNOG00000009219
ENSG00000165480	SKA3	ENSMUSG00000021965	ENSRNOG00000021847
ENSG00000165487	MICU2	ENSMUSG00000021973	ENSRNOG00000011168
ENSG00000165490	DDIAS	ENSMUSG00000030641	ENSRNOG00000022521
ENSG00000165494	PCF11	ENSMUSG00000041328	ENSRNOG00000009891
ENSG00000165495	PKNOX2	ENSMUSG00000035934	ENSRNOG00000028856
ENSG00000165496	RPL10L	ENSMUSG00000060499	ENSRNOG00000086327
ENSG00000165501	LRR1	ENSMUSG00000034883	ENSRNOG00000004216
ENSG00000165502	RPL36AL	ENSMUSG00000104043	ENSRNOG00000075816
ENSG00000165506	DNAAF2	ENSMUSG00000020973	ENSRNOG00000028155
ENSG00000165507	DEPP1	ENSMUSG00000048489	ENSRNOG00000023465
ENSG00000165512	ZNF22	ENSMUSG00000059878	ENSRNOG00000013379
ENSG00000165516	KLHDC2	ENSMUSG00000020978	ENSRNOG00000004474
ENSG00000165521	EML5	ENSMUSG00000051166	ENSRNOG00000004207
ENSG00000165525	NEMF	ENSMUSG00000020982	ENSRNOG00000056128
ENSG00000165526	RPUSD4	ENSMUSG00000032044	ENSRNOG00000011567
ENSG00000165527	ARF6	ENSMUSG00000044147	ENSRNOG00000070951
ENSG00000165533	TTC8	ENSMUSG00000021013	ENSRNOG00000004542
ENSG00000165548	TMEM63C	ENSMUSG00000034145	ENSRNOG00000011334
ENSG00000165553	NGB	ENSMUSG00000021032	ENSRNOG00000011719
ENSG00000165555	NOXRED1	ENSMUSG00000072919	ENSRNOG00000047312
ENSG00000165556	CDX2	ENSMUSG00000029646	ENSRNOG00000032759
ENSG00000165566	AMER2	ENSMUSG00000021986	ENSRNOG00000013623
ENSG00000165568	AKR1E2	ENSMUSG00000045410	ENSRNOG00000017165
ENSG00000165588	OTX2	ENSMUSG00000021848	ENSRNOG00000065063
ENSG00000165606	DRGX	ENSMUSG00000041730	ENSRNOG00000020045
ENSG00000165609	NUDT5	ENSMUSG00000025817	ENSRNOG00000017741
ENSG00000165617	DACT1	ENSMUSG00000044548	ENSRNOG00000008445
ENSG00000165621	OXGR1	ENSMUSG00000044819	ENSRNOG00000075479
ENSG00000165623	UCMA	ENSMUSG00000026668	ENSRNOG00000017987
ENSG00000165629	ATP5F1C	ENSMUSG00000025781	ENSRNOG00000019223
ENSG00000165630	PRPF18	ENSMUSG00000039449	ENSRNOG00000018396
ENSG00000165633	VSTM4	ENSMUSG00000050666	ENSRNOG00000020078
ENSG00000165643	SOHLH1	ENSMUSG00000059625	ENSRNOG00000033983
ENSG00000165644	COMTD1	ENSMUSG00000021773	ENSRNOG00000013968
ENSG00000165646	SLC18A2	ENSMUSG00000025094	ENSRNOG00000008890
ENSG00000165650	PDZD8	ENSMUSG00000074746	ENSRNOG00000009460
ENSG00000165655	ZNF503	ENSMUSG00000039081	ENSRNOG00000014237
ENSG00000165660	ABRAXAS2	ENSMUSG00000030965	ENSRNOG00000017222
ENSG00000165661	QSOX2	ENSMUSG00000036327	ENSRNOG00000018574
ENSG00000165669	FAM204A	ENSMUSG00000057858	ENSRNOG00000009830
ENSG00000165671	NSD1	ENSMUSG00000021488	ENSRNOG00000016680
ENSG00000165672	PRDX3	ENSMUSG00000024997	ENSRNOG00000010958
ENSG00000165675	ENOX2	ENSMUSG00000031109	ENSRNOG00000030622
ENSG00000165678	GHITM	ENSMUSG00000041028	ENSRNOG00000013961
ENSG00000165682	CLEC1B	ENSMUSG00000030159	ENSRNOG00000057335
ENSG00000165684	SNAPC4	ENSMUSG00000036281	ENSRNOG00000018845
ENSG00000165685	TMEM52B	ENSMUSG00000030160	ENSRNOG00000058653
ENSG00000165688	PMPCA	ENSMUSG00000026926	ENSRNOG00000026775
ENSG00000165694	FRMD7	ENSMUSG00000036131	ENSRNOG00000024762
ENSG00000165695	AK8	ENSMUSG00000026807	ENSRNOG00000012761
ENSG00000165698	SPACA9	ENSMUSG00000026809	ENSRNOG00000012697
ENSG00000165699	TSC1	ENSMUSG00000026812	ENSRNOG00000011470
ENSG00000165702	GFI1B	ENSMUSG00000026815	ENSRNOG00000011353
ENSG00000165704	HPRT1	ENSMUSG00000025630	ENSRNOG00000031367
ENSG00000165714	BORCS5	ENSMUSG00000042992	ENSRNOG00000006505
ENSG00000165716	DIPK1B	ENSMUSG00000036186	ENSRNOG00000004532
ENSG00000165724	ZMYND19	ENSMUSG00000026974	ENSRNOG00000007752
ENSG00000165730	STOX1	ENSMUSG00000036923	ENSRNOG00000023712
ENSG00000165731	RET	ENSMUSG00000030110	ENSRNOG00000014751
ENSG00000165732	DDX21	ENSMUSG00000020075	ENSRNOG00000043099
ENSG00000165733	BMS1	ENSMUSG00000030138	ENSRNOG00000006576
ENSG00000165752	STK32C	ENSMUSG00000015981	ENSRNOG00000006962
ENSG00000165757	JCAD	ENSMUSG00000033960	ENSRNOG00000027938
ENSG00000165762	OR4K2	ENSMUSG00000109835	ENSRNOG00000076166
ENSG00000165775	FUNDC2	ENSMUSG00000031198	ENSRNOG00000061390
ENSG00000165782	PIP4P1	ENSMUSG00000035953	ENSRNOG00000009948
ENSG00000165792	METTL17	ENSMUSG00000004561	ENSRNOG00000025512
ENSG00000165794	SLC39A2	ENSMUSG00000072572	ENSRNOG00000010375
ENSG00000165795	NDRG2	ENSMUSG00000004558	ENSRNOG00000010389
ENSG00000165801	ARHGEF40	ENSMUSG00000004562	ENSRNOG00000052354
ENSG00000165802	NSMF	ENSMUSG00000006476	ENSRNOG00000008810
ENSG00000165804	ZNF219	ENSMUSG00000049295	ENSRNOG00000011544
ENSG00000165805	C12orf50	ENSMUSG00000056912	ENSRNOG00000051928
ENSG00000165806	CASP7	ENSMUSG00000025076	ENSRNOG00000056216
ENSG00000165807	PPP1R36	ENSMUSG00000052221	ENSRNOG00000038480
ENSG00000165810	BTNL9	ENSMUSG00000040283	ENSRNOG00000046377
ENSG00000165813	CCDC186	ENSMUSG00000035173	ENSRNOG00000051680
ENSG00000165816	VWA2	ENSMUSG00000025082	ENSRNOG00000025581
ENSG00000165819	METTL3	ENSMUSG00000022160	ENSRNOG00000013111
ENSG00000165821	SALL2	ENSMUSG00000049532	ENSRNOG00000013287
ENSG00000165828	PRAP1	ENSMUSG00000025467	ENSRNOG00000018446
ENSG00000165832	TRUB1	ENSMUSG00000025086	ENSRNOG00000017321
ENSG00000165861	ZFYVE1	ENSMUSG00000042628	ENSRNOG00000008614
ENSG00000165863	SPMIP5	ENSMUSG00000026931	ENSRNOG00000025953
ENSG00000165868	HSPA12A	ENSMUSG00000025092	ENSRNOG00000018019
ENSG00000165886	UBTD1	ENSMUSG00000025171	ENSRNOG00000013813
ENSG00000165887	ANKRD2	ENSMUSG00000025172	ENSRNOG00000013840
ENSG00000165891	E2F7	ENSMUSG00000020185	ENSRNOG00000026252
ENSG00000165895	ARHGAP42	ENSMUSG00000050730	ENSRNOG00000026821
ENSG00000165899	OTOGL	ENSMUSG00000091455	ENSRNOG00000030316
ENSG00000165905	LARGE2	ENSMUSG00000040434	ENSRNOG00000006353
ENSG00000165912	PACSIN3	ENSMUSG00000027257	ENSRNOG00000014204
ENSG00000165914	TTC7B	ENSMUSG00000033530	ENSRNOG00000027300
ENSG00000165915	SLC39A13	ENSMUSG00000002105	ENSRNOG00000011981
ENSG00000165916	PSMC3	ENSMUSG00000002102	ENSRNOG00000011414
ENSG00000165917	RAPSN	ENSMUSG00000002104	ENSRNOG00000011208
ENSG00000165923	AGBL2	ENSMUSG00000040812	ENSRNOG00000008467
ENSG00000165929	TC2N	ENSMUSG00000021187	ENSRNOG00000004754
ENSG00000165934	CPSF2	ENSMUSG00000041781	ENSRNOG00000005733
ENSG00000165935	SMCO2	ENSMUSG00000030292	ENSRNOG00000026883
ENSG00000165953	SERPINA12	ENSMUSG00000041567	ENSRNOG00000042634
ENSG00000165959	CLMN	ENSMUSG00000021097	ENSRNOG00000011044
ENSG00000165966	PDZRN4	ENSMUSG00000036218	ENSRNOG00000022844
ENSG00000165970	SLC6A5	ENSMUSG00000039728	ENSRNOG00000031662
ENSG00000165972	CCDC38	ENSMUSG00000036168	ENSRNOG00000021892
ENSG00000165973	NELL1	ENSMUSG00000055409	ENSRNOG00000015675
ENSG00000165983	PTER	ENSMUSG00000026730	ENSRNOG00000017328
ENSG00000165985	C1QL3	ENSMUSG00000049630	ENSRNOG00000017459
ENSG00000165995	CACNB2	ENSMUSG00000057914	ENSRNOG00000018378
ENSG00000165996	HACD1	ENSMUSG00000063275	ENSRNOG00000043192
ENSG00000165997	ARL5B	ENSMUSG00000017418	ENSRNOG00000064112
ENSG00000166002	SMCO4	ENSMUSG00000058173	ENSRNOG00000011162
ENSG00000166004	CEP295	ENSMUSG00000046111	ENSRNOG00000010999
ENSG00000166006	KCNC2	ENSMUSG00000035681	ENSRNOG00000004077
ENSG00000166012	TAF1D	ENSMUSG00000031939	ENSRNOG00000010921
ENSG00000166016	ABTB2	ENSMUSG00000032724	ENSRNOG00000008510
ENSG00000166024	R3HCC1L	ENSMUSG00000025184	ENSRNOG00000051256
ENSG00000166025	AMOTL1	ENSMUSG00000013076	ENSRNOG00000008990
ENSG00000166033	HTRA1	ENSMUSG00000006205	ENSRNOG00000020533
ENSG00000166035	LIPC	ENSMUSG00000032207	ENSRNOG00000060338
ENSG00000166037	CEP57	ENSMUSG00000031922	ENSRNOG00000006792
ENSG00000166046	TCP11L2	ENSMUSG00000020034	ENSRNOG00000007587
ENSG00000166049	PASD1	ENSMUSG00000073130	ENSRNOG00000061428
ENSG00000166068	SPRED1	ENSMUSG00000027351	ENSRNOG00000070996
ENSG00000166069	TMCO5A	ENSMUSG00000027355	ENSRNOG00000005100
ENSG00000166073	GPR176	ENSMUSG00000040133	ENSRNOG00000005971
ENSG00000166086	JAM3	ENSMUSG00000031990	ENSRNOG00000009149
ENSG00000166090	IL25	ENSMUSG00000040770	ENSRNOG00000016804
ENSG00000166091	CMTM5	ENSMUSG00000040759	ENSRNOG00000016828
ENSG00000166105	GLB1L3	ENSMUSG00000031966	ENSRNOG00000031469
ENSG00000166106	ADAMTS15	ENSMUSG00000033453	ENSRNOG00000009892
ENSG00000166111	SVOP	ENSMUSG00000042078	ENSRNOG00000000693
ENSG00000166118	SPATA19	ENSMUSG00000031991	ENSRNOG00000031438
ENSG00000166123	GPT2	ENSMUSG00000031700	ENSRNOG00000059579
ENSG00000166126	AMN	ENSMUSG00000021278	ENSRNOG00000009050
ENSG00000166128	RAB8B	ENSMUSG00000036943	ENSRNOG00000018009
ENSG00000166130	IKBIP	ENSMUSG00000019975	ENSRNOG00000008247
ENSG00000166133	RPUSD2	ENSMUSG00000027324	ENSRNOG00000010528
ENSG00000166135	HIF1AN	ENSMUSG00000036450	ENSRNOG00000014234
ENSG00000166136	NDUFB8	ENSMUSG00000025204	ENSRNOG00000014078
ENSG00000166140	ZFYVE19	ENSMUSG00000068580	ENSRNOG00000012528
ENSG00000166143	PPP1R14D	ENSMUSG00000027317	ENSRNOG00000012648
ENSG00000166145	SPINT1	ENSMUSG00000027315	ENSRNOG00000012811
ENSG00000166147	FBN1	ENSMUSG00000027204	ENSRNOG00000007302
ENSG00000166148	AVPR1A	ENSMUSG00000020123	ENSRNOG00000004400
ENSG00000166152	C16orf78	ENSMUSG00000069971	ENSRNOG00000024182
ENSG00000166159	LRTM2	ENSMUSG00000055003	ENSRNOG00000007508
ENSG00000166164	BRD7	ENSMUSG00000031660	ENSRNOG00000014419
ENSG00000166165	CKB	ENSMUSG00000001270	ENSRNOG00000010872
ENSG00000166166	TRMT61A	ENSMUSG00000060950	ENSRNOG00000011398
ENSG00000166167	BTRC	ENSMUSG00000025217	ENSRNOG00000016280
ENSG00000166169	POLL	ENSMUSG00000025218	ENSRNOG00000016748
ENSG00000166170	BAG5	ENSMUSG00000049792	ENSRNOG00000058841
ENSG00000166171	DPCD	ENSMUSG00000041035	ENSRNOG00000017241
ENSG00000166173	LARP6	ENSMUSG00000034839	ENSRNOG00000012438
ENSG00000166181	API5	ENSMUSG00000027193	ENSRNOG00000009689
ENSG00000166183	ASPG	ENSMUSG00000037686	ENSRNOG00000012843
ENSG00000166188	ZNF319	ENSMUSG00000046556	ENSRNOG00000079756
ENSG00000166189	HPS6	ENSMUSG00000074811	ENSRNOG00000077977
ENSG00000166192	SENP8	ENSMUSG00000051705	ENSRNOG00000075500
ENSG00000166197	NOLC1	ENSMUSG00000015176	ENSRNOG00000018704
ENSG00000166199	ALKBH3	ENSMUSG00000040174	ENSRNOG00000021678
ENSG00000166200	COPS2	ENSMUSG00000027206	ENSRNOG00000008744
ENSG00000166206	GABRB3	ENSMUSG00000033676	ENSRNOG00000060599
ENSG00000166211	SPIC	ENSMUSG00000004359	ENSRNOG00000005720
ENSG00000166220	TBATA	ENSMUSG00000020096	ENSRNOG00000000564
ENSG00000166224	SGPL1	ENSMUSG00000020097	ENSRNOG00000000565
ENSG00000166225	FRS2	ENSMUSG00000020170	ENSRNOG00000005642
ENSG00000166226	CCT2	ENSMUSG00000034024	ENSRNOG00000021317
ENSG00000166228	PCBD1	ENSMUSG00000020098	ENSRNOG00000000566
ENSG00000166233	ARIH1	ENSMUSG00000025234	ENSRNOG00000009887
ENSG00000166246	DNAAF8	ENSMUSG00000022543	ENSRNOG00000028075
ENSG00000166250	CLMP	ENSMUSG00000032024	ENSRNOG00000053239
ENSG00000166257	SCN3B	ENSMUSG00000049281	ENSRNOG00000057221
ENSG00000166260	COX11	ENSMUSG00000020544	ENSRNOG00000052096
ENSG00000166261	ZNF202	ENSMUSG00000025602	ENSRNOG00000058932
ENSG00000166262	FAM227B	ENSMUSG00000027209	ENSRNOG00000037124
ENSG00000166263	STXBP4	ENSMUSG00000020546	ENSRNOG00000032768
ENSG00000166265	CYYR1	ENSMUSG00000041134	ENSRNOG00000001544
ENSG00000166266	CUL5	ENSMUSG00000032030	ENSRNOG00000008039
ENSG00000166268	MYRFL	ENSMUSG00000034057	ENSRNOG00000021833
ENSG00000166272	WBP1L	ENSMUSG00000047731	ENSRNOG00000020020
ENSG00000166275	BORCS7	ENSMUSG00000062376	ENSRNOG00000073762
ENSG00000166278	C2	ENSMUSG00000024371	ENSRNOG00000051235
ENSG00000166289	PLEKHF1	ENSMUSG00000074170	ENSRNOG00000027724
ENSG00000166292	TMEM100	ENSMUSG00000069763	ENSRNOG00000002434
ENSG00000166295	ANAPC16	ENSMUSG00000020107	ENSRNOG00000000576
ENSG00000166311	SMPD1	ENSMUSG00000037049	ENSRNOG00000017977
ENSG00000166313	APBB1	ENSMUSG00000037032	ENSRNOG00000018020
ENSG00000166317	SYNPO2L	ENSMUSG00000039376	ENSRNOG00000008949
ENSG00000166321	NUDT13	ENSMUSG00000021809	ENSRNOG00000048195
ENSG00000166323	C11orf65	ENSMUSG00000005131	ENSRNOG00000007266
ENSG00000166326	TRIM44	ENSMUSG00000027189	ENSRNOG00000005191
ENSG00000166329	CCDC182	ENSMUSG00000034031	ENSRNOG00000068230
ENSG00000166333	ILK	ENSMUSG00000030890	ENSRNOG00000018993
ENSG00000166337	TAF10	ENSMUSG00000043866	ENSRNOG00000019178
ENSG00000166340	TPP1	ENSMUSG00000030894	ENSRNOG00000019212
ENSG00000166341	DCHS1	ENSMUSG00000036862	ENSRNOG00000031643
ENSG00000166342	NETO1	ENSMUSG00000050321	ENSRNOG00000014006
ENSG00000166343	MSS51	ENSMUSG00000021815	ENSRNOG00000007632
ENSG00000166348	USP54	ENSMUSG00000034235	ENSRNOG00000027012
ENSG00000166349	RAG1	ENSMUSG00000061311	ENSRNOG00000004630
ENSG00000166352	IFTAP	ENSMUSG00000027165	ENSRNOG00000037567
ENSG00000166359	WDR88	ENSMUSG00000118454	ENSRNOG00000037393
ENSG00000166377	ATP9B	ENSMUSG00000024566	ENSRNOG00000032039
ENSG00000166387	PPFIBP2	ENSMUSG00000036528	ENSRNOG00000019667
ENSG00000166391	MOGAT2	ENSMUSG00000052396	ENSRNOG00000027228
ENSG00000166394	CYB5R2	ENSMUSG00000048065	ENSRNOG00000019751
ENSG00000166396	SERPINB7	ENSMUSG00000067001	ENSRNOG00000002555
ENSG00000166398	GARRE1	ENSMUSG00000066571	ENSRNOG00000021129
ENSG00000166401	SERPINB8	ENSMUSG00000026315	ENSRNOG00000002396
ENSG00000166402	TUB	ENSMUSG00000031028	ENSRNOG00000046566
ENSG00000166405	RIC3	ENSMUSG00000048330	ENSRNOG00000014691
ENSG00000166407	LMO1	ENSMUSG00000036111	ENSRNOG00000014629
ENSG00000166411	IDH3A	ENSMUSG00000032279	ENSRNOG00000010277
ENSG00000166415	WDR72	ENSMUSG00000044976	ENSRNOG00000054889
ENSG00000166426	CRABP1	ENSMUSG00000032291	ENSRNOG00000023633
ENSG00000166428	PLD4	ENSMUSG00000052160	ENSRNOG00000028566
ENSG00000166432	ZMAT1	ENSMUSG00000052676	ENSRNOG00000024135
ENSG00000166435	XRRA1	ENSMUSG00000035211	ENSRNOG00000026503
ENSG00000166436	TRIM66	ENSMUSG00000031026	ENSRNOG00000014373
ENSG00000166439	RNF169	ENSMUSG00000058761	ENSRNOG00000026408
ENSG00000166444	DENND2B	ENSMUSG00000031024	ENSRNOG00000013934
ENSG00000166446	CDYL2	ENSMUSG00000031758	ENSRNOG00000042888
ENSG00000166448	TMEM130	ENSMUSG00000043388	ENSRNOG00000025235
ENSG00000166450	PRTG	ENSMUSG00000036030	ENSRNOG00000055251
ENSG00000166451	CENPN	ENSMUSG00000031756	ENSRNOG00000011296
ENSG00000166452	AKIP1	ENSMUSG00000031023	ENSRNOG00000013744
ENSG00000166454	ATMIN	ENSMUSG00000047388	ENSRNOG00000011422
ENSG00000166455	C16orf46	ENSMUSG00000031847	ENSRNOG00000045541
ENSG00000166471	TMEM41B	ENSMUSG00000047554	ENSRNOG00000010752
ENSG00000166473	PKD1L2	ENSMUSG00000034416	ENSRNOG00000045626
ENSG00000166477	LEO1	ENSMUSG00000042487	ENSRNOG00000010116
ENSG00000166478	ZNF143	ENSMUSG00000061079	ENSRNOG00000010087
ENSG00000166479	TMX3	ENSMUSG00000024614	ENSRNOG00000045740
ENSG00000166482	MFAP4	ENSMUSG00000042436	ENSRNOG00000045683
ENSG00000166483	WEE1	ENSMUSG00000031016	ENSRNOG00000010017
ENSG00000166484	MAPK7	ENSMUSG00000001034	ENSRNOG00000047907
ENSG00000166501	PRKCB	ENSMUSG00000052889	ENSRNOG00000012061
ENSG00000166503	HDGFL3	ENSMUSG00000025104	ENSRNOG00000019740
ENSG00000166507	NDST2	ENSMUSG00000039308	ENSRNOG00000057755
ENSG00000166508	MCM7	ENSMUSG00000029730	ENSRNOG00000001349
ENSG00000166509	CLEC3A	ENSMUSG00000008874	ENSRNOG00000070954
ENSG00000166510	CCDC68	ENSMUSG00000038903	ENSRNOG00000021381
ENSG00000166523	CLEC4E	ENSMUSG00000030142	ENSRNOG00000061394
ENSG00000166527	CLEC4D	ENSMUSG00000030144	ENSRNOG00000067848
ENSG00000166529	ZSCAN21	ENSMUSG00000037017	ENSRNOG00000039234
ENSG00000166546	BEAN1	ENSMUSG00000031872	ENSRNOG00000066314
ENSG00000166548	TK2	ENSMUSG00000035824	ENSRNOG00000012853
ENSG00000166557	TMED3	ENSMUSG00000032353	ENSRNOG00000013889
ENSG00000166558	SLC38A8	ENSMUSG00000034224	ENSRNOG00000025503
ENSG00000166562	SEC11C	ENSMUSG00000024516	ENSRNOG00000017036
ENSG00000166569	CPLX4	ENSMUSG00000024519	ENSRNOG00000016928
ENSG00000166573	GALR1	ENSMUSG00000024553	ENSRNOG00000016654
ENSG00000166575	TMEM135	ENSMUSG00000039428	ENSRNOG00000016815
ENSG00000166578	DRC10	ENSMUSG00000029601	ENSRNOG00000087772
ENSG00000166579	NDEL1	ENSMUSG00000018736	ENSRNOG00000004139
ENSG00000166582	CENPV	ENSMUSG00000018509	ENSRNOG00000003086
ENSG00000166589	CDH16	ENSMUSG00000031881	ENSRNOG00000012222
ENSG00000166592	RRAD	ENSMUSG00000031880	ENSRNOG00000011901
ENSG00000166595	CIAO2B	ENSMUSG00000031879	ENSRNOG00000011865
ENSG00000166596	CFAP52	ENSMUSG00000020904	ENSRNOG00000037718
ENSG00000166598	HSP90B1	ENSMUSG00000020048	ENSRNOG00000026963
ENSG00000166619	BLCAP	ENSMUSG00000067787	ENSRNOG00000024437
ENSG00000166634	SERPINB12	ENSMUSG00000059956	ENSRNOG00000002602
ENSG00000166669	ATF7IP2	ENSMUSG00000039200	ENSRNOG00000025522
ENSG00000166676	TVP23A	ENSMUSG00000050908	ENSRNOG00000079813
ENSG00000166681	BEX3	ENSMUSG00000046432	ENSRNOG00000028822
ENSG00000166682	TMPRSS5	ENSMUSG00000032268	ENSRNOG00000008058
ENSG00000166685	COG1	ENSMUSG00000018661	ENSRNOG00000002795
ENSG00000166689	PLEKHA7	ENSMUSG00000045659	ENSRNOG00000024602
ENSG00000166710	B2M	ENSMUSG00000060802	ENSRNOG00000017123
ENSG00000166716	ZNF592	ENSMUSG00000005621	ENSRNOG00000060206
ENSG00000166734	GOLM2	ENSMUSG00000060227	ENSRNOG00000016357
ENSG00000166736	HTR3A	ENSMUSG00000032269	ENSRNOG00000006595
ENSG00000166741	NNMT	ENSMUSG00000032271	ENSRNOG00000005930
ENSG00000166743	ACSM1	ENSMUSG00000033533	ENSRNOG00000042084
ENSG00000166747	AP1G1	ENSMUSG00000031731	ENSRNOG00000069458
ENSG00000166750	SLFN5	ENSMUSG00000054404	ENSRNOG00000021719
ENSG00000166762	CATSPER2	ENSMUSG00000033486	ENSRNOG00000023064
ENSG00000166780	BMERB1	ENSMUSG00000044117	ENSRNOG00000003198
ENSG00000166793	YPEL4	ENSMUSG00000034059	ENSRNOG00000069900
ENSG00000166794	PPIB	ENSMUSG00000032383	ENSRNOG00000016781
ENSG00000166796	LDHC	ENSMUSG00000030851	ENSRNOG00000013103
ENSG00000166797	CIAO2A	ENSMUSG00000032381	ENSRNOG00000017119
ENSG00000166813	KIF7	ENSMUSG00000050382	ENSRNOG00000026857
ENSG00000166816	LDHD	ENSMUSG00000031958	ENSRNOG00000019036
ENSG00000166819	PLIN1	ENSMUSG00000030546	ENSRNOG00000015086
ENSG00000166821	PEX11A	ENSMUSG00000030545	ENSRNOG00000015003
ENSG00000166822	TMEM170A	ENSMUSG00000031953	ENSRNOG00000087558
ENSG00000166823	MESP1	ENSMUSG00000030544	ENSRNOG00000014951
ENSG00000166825	ANPEP	ENSMUSG00000039062	ENSRNOG00000014610
ENSG00000166828	SCNN1G	ENSMUSG00000000216	ENSRNOG00000017842
ENSG00000166831	RBPMS2	ENSMUSG00000032387	ENSRNOG00000015896
ENSG00000166833	NAV2	ENSMUSG00000052512	ENSRNOG00000014530
ENSG00000166839	ANKDD1A	ENSMUSG00000066510	ENSRNOG00000015554
ENSG00000166845	C18orf54	ENSMUSG00000044906	ENSRNOG00000028677
ENSG00000166847	DCTN5	ENSMUSG00000030868	ENSRNOG00000018048
ENSG00000166848	TERF2IP	ENSMUSG00000033430	ENSRNOG00000010712
ENSG00000166851	PLK1	ENSMUSG00000030867	ENSRNOG00000018815
ENSG00000166855	CLPX	ENSMUSG00000015357	ENSRNOG00000030225
ENSG00000166856	ACKR5	ENSMUSG00000058396	ENSRNOG00000004311
ENSG00000166860	ZBTB39	ENSMUSG00000044617	ENSRNOG00000004306
ENSG00000166862	CACNG2	ENSMUSG00000019146	ENSRNOG00000065511
ENSG00000166863	TAC3	ENSMUSG00000025400	ENSRNOG00000004229
ENSG00000166866	MYO1A	ENSMUSG00000025401	ENSRNOG00000004177
ENSG00000166869	CHP2	ENSMUSG00000030865	ENSRNOG00000019112
ENSG00000166881	NEMP1	ENSMUSG00000040195	ENSRNOG00000046492
ENSG00000166884	OR4D6	ENSMUSG00000067524	ENSRNOG00000090873
ENSG00000166886	NAB2	ENSMUSG00000025402	ENSRNOG00000008415
ENSG00000166887	VPS39	ENSMUSG00000027291	ENSRNOG00000008316
ENSG00000166888	STAT6	ENSMUSG00000002147	ENSRNOG00000025023
ENSG00000166889	PATL1	ENSMUSG00000046139	ENSRNOG00000021052
ENSG00000166896	ATP23	ENSMUSG00000025436	ENSRNOG00000045629
ENSG00000166897	ELFN2	ENSMUSG00000043460	ENSRNOG00000007934
ENSG00000166900	STX3	ENSMUSG00000041488	ENSRNOG00000021013
ENSG00000166902	MRPL16	ENSMUSG00000024683	ENSRNOG00000021005
ENSG00000166908	PIP4K2C	ENSMUSG00000025417	ENSRNOG00000005138
ENSG00000166912	MTMR10	ENSMUSG00000030522	ENSRNOG00000016090
ENSG00000166913	YWHAB	ENSMUSG00000018326	ENSRNOG00000010945
ENSG00000166920	COXFA4L3	ENSMUSG00000033213	ENSRNOG00000067060
ENSG00000166922	SCG5	ENSMUSG00000023236	ENSRNOG00000007542
ENSG00000166923	GREM1	ENSMUSG00000074934	ENSRNOG00000026053
ENSG00000166924	NYAP1	ENSMUSG00000045348	ENSRNOG00000024641
ENSG00000166925	TSC22D4	ENSMUSG00000144223	ENSRNOG00000050805
ENSG00000166927	MS4A7	ENSMUSG00000024672	ENSRNOG00000020953
ENSG00000166928	MS4A14	ENSMUSG00000099398	ENSRNOG00000025805
ENSG00000166930	MS4A5	ENSMUSG00000054523	ENSRNOG00000025857
ENSG00000166938	DIS3L	ENSMUSG00000032396	ENSRNOG00000010537
ENSG00000166946	CCNDBP1	ENSMUSG00000023572	ENSRNOG00000011379
ENSG00000166947	EPB42	ENSMUSG00000023216	ENSRNOG00000011649
ENSG00000166948	TGM6	ENSMUSG00000027403	ENSRNOG00000006830
ENSG00000166949	SMAD3	ENSMUSG00000032402	ENSRNOG00000008620
ENSG00000166959	MS4A8	ENSMUSG00000024730	ENSRNOG00000020939
ENSG00000166960	CCDC178	ENSMUSG00000024306	ENSRNOG00000022156
ENSG00000166961	MS4A15	ENSMUSG00000067571	ENSRNOG00000026957
ENSG00000166963	MAP1A	ENSMUSG00000027254	ENSRNOG00000014230
ENSG00000166965	RCCD1	ENSMUSG00000038930	ENSRNOG00000042059
ENSG00000166971	AKTIP	ENSMUSG00000031667	ENSRNOG00000011956
ENSG00000166974	MAPRE2	ENSMUSG00000024277	ENSRNOG00000049681
ENSG00000166979	EVA1C	ENSMUSG00000039903	ENSRNOG00000002072
ENSG00000166986	MARS1	ENSMUSG00000040354	ENSRNOG00000025459
ENSG00000166987	MBD6	ENSMUSG00000025409	ENSRNOG00000006209
ENSG00000166997	CNPY4	ENSMUSG00000036968	ENSRNOG00000027175
ENSG00000167004	PDIA3	ENSMUSG00000027248	ENSRNOG00000015018
ENSG00000167005	NUDT21	ENSMUSG00000031754	ENSRNOG00000042983
ENSG00000167014	TERB2	ENSMUSG00000027229	ENSRNOG00000037178
ENSG00000167034	NKX3-1	ENSMUSG00000022061	ENSRNOG00000015477
ENSG00000167037	SGSM1	ENSMUSG00000042216	ENSRNOG00000000708
ENSG00000167065	DUSP18	ENSMUSG00000047205	ENSRNOG00000024945
ENSG00000167074	TEF	ENSMUSG00000022389	ENSRNOG00000019383
ENSG00000167077	MEI1	ENSMUSG00000068117	ENSRNOG00000007003
ENSG00000167080	B4GALNT2	ENSMUSG00000013418	ENSRNOG00000067203
ENSG00000167081	PBX3	ENSMUSG00000038718	ENSRNOG00000022162
ENSG00000167083	GNGT2	ENSMUSG00000038811	ENSRNOG00000076143
ENSG00000167085	PHB1	ENSMUSG00000038845	ENSRNOG00000032797
ENSG00000167088	SNRPD1	ENSMUSG00000002477	ENSRNOG00000013714
ENSG00000167094	TTC16	ENSMUSG00000039021	ENSRNOG00000050650
ENSG00000167098	SUN5	ENSMUSG00000027480	ENSRNOG00000027221
ENSG00000167100	SAMD14	ENSMUSG00000047181	ENSRNOG00000004155
ENSG00000167103	PIP5KL1	ENSMUSG00000046854	ENSRNOG00000048676
ENSG00000167104	BPIFB6	ENSMUSG00000068009	ENSRNOG00000013371
ENSG00000167106	EEIG1	ENSMUSG00000039157	ENSRNOG00000050834
ENSG00000167107	ACSF2	ENSMUSG00000076435	ENSRNOG00000003330
ENSG00000167113	COQ4	ENSMUSG00000026798	ENSRNOG00000026691
ENSG00000167114	SLC27A4	ENSMUSG00000059316	ENSRNOG00000014369
ENSG00000167117	ANKRD40CL	ENSMUSG00000094091	ENSRNOG00000045669
ENSG00000167118	URM1	ENSMUSG00000069020	ENSRNOG00000026636
ENSG00000167123	CERCAM	ENSMUSG00000039787	ENSRNOG00000026604
ENSG00000167130	DOLPP1	ENSMUSG00000026856	ENSRNOG00000017663
ENSG00000167131	DNAAF19	ENSMUSG00000020930	ENSRNOG00000002905
ENSG00000167136	ENDOG	ENSMUSG00000015337	ENSRNOG00000016033
ENSG00000167139	TBC1D21	ENSMUSG00000036244	ENSRNOG00000008737
ENSG00000167157	PRRX2	ENSMUSG00000039476	ENSRNOG00000058329
ENSG00000167173	C15orf39	ENSMUSG00000032300	ENSRNOG00000018689
ENSG00000167178	ISLR2	ENSMUSG00000051243	ENSRNOG00000050714
ENSG00000167182	SP2	ENSMUSG00000018678	ENSRNOG00000010492
ENSG00000167183	PRR15L	ENSMUSG00000047040	ENSRNOG00000049162
ENSG00000167186	COQ7	ENSMUSG00000030652	ENSRNOG00000017012
ENSG00000167191	GPRC5B	ENSMUSG00000008734	ENSRNOG00000016013
ENSG00000167193	CRK	ENSMUSG00000017776	ENSRNOG00000025792
ENSG00000167194	C16orf92	ENSMUSG00000045989	ENSRNOG00000090560
ENSG00000167196	FBXO22	ENSMUSG00000032309	ENSRNOG00000022702
ENSG00000167202	TBC1D2B	ENSMUSG00000037410	ENSRNOG00000014543
ENSG00000167207	NOD2	ENSMUSG00000055994	ENSRNOG00000014124
ENSG00000167208	SNX20	ENSMUSG00000031662	ENSRNOG00000014202
ENSG00000167210	LOXHD1	ENSMUSG00000032818	ENSRNOG00000017410
ENSG00000167216	KATNAL2	ENSMUSG00000025420	ENSRNOG00000017788
ENSG00000167220	HDHD2	ENSMUSG00000025421	ENSRNOG00000043171
ENSG00000167244	IGF2	ENSMUSG00000048583	ENSRNOG00000020369
ENSG00000167257	RNF214	ENSMUSG00000042790	ENSRNOG00000017151
ENSG00000167258	CDK12	ENSMUSG00000003119	ENSRNOG00000006000
ENSG00000167261	DPEP2	ENSMUSG00000053687	ENSRNOG00000023303
ENSG00000167264	DUS2	ENSMUSG00000031901	ENSRNOG00000019819
ENSG00000167272	POP5	ENSMUSG00000060152	ENSRNOG00000001199
ENSG00000167280	ENGASE	ENSMUSG00000033857	ENSRNOG00000027498
ENSG00000167281	RBFOX3	ENSMUSG00000025576	ENSRNOG00000003386
ENSG00000167286	CD3D	ENSMUSG00000032094	ENSRNOG00000015994
ENSG00000167291	TBC1D16	ENSMUSG00000039976	ENSRNOG00000049758
ENSG00000167302	TEPSIN	ENSMUSG00000025377	ENSRNOG00000028161
ENSG00000167306	MYO5B	ENSMUSG00000025885	ENSRNOG00000014104
ENSG00000167311	ART5	ENSMUSG00000070424	ENSRNOG00000020242
ENSG00000167315	ACAA2	ENSMUSG00000036880	ENSRNOG00000013766
ENSG00000167323	STIM1	ENSMUSG00000030987	ENSRNOG00000020425
ENSG00000167325	RRM1	ENSMUSG00000030978	ENSRNOG00000045752
ENSG00000167332	OR51E2	ENSMUSG00000043366	ENSRNOG00000018606
ENSG00000167333	TRIM68	ENSMUSG00000073968	ENSRNOG00000047229
ENSG00000167359	OR51I1	ENSMUSG00000066262	ENSRNOG00000016954
ENSG00000167363	FN3K	ENSMUSG00000025175	ENSRNOG00000036659
ENSG00000167371	PRRT2	ENSMUSG00000045114	ENSRNOG00000029366
ENSG00000167377	ZNF23	ENSMUSG00000044676	ENSRNOG00000016971
ENSG00000167378	IRGQ	ENSMUSG00000041037	ENSRNOG00000070901
ENSG00000167380	ZNF226	ENSMUSG00000050605	ENSRNOG00000019416
ENSG00000167384	ZNF180	ENSMUSG00000057101	ENSRNOG00000029336
ENSG00000167394	ZNF668	ENSMUSG00000049728	ENSRNOG00000016683
ENSG00000167395	ZNF646	ENSMUSG00000049739	ENSRNOG00000026115
ENSG00000167414	GNG8	ENSMUSG00000063594	ENSRNOG00000016701
ENSG00000167419	LPO	ENSMUSG00000009356	ENSRNOG00000008422
ENSG00000167434	CA4	ENSMUSG00000000805	ENSRNOG00000002916
ENSG00000167447	SMG8	ENSMUSG00000020495	ENSRNOG00000005769
ENSG00000167460	TPM4	ENSMUSG00000031799	ENSRNOG00000015496
ENSG00000167461	RAB8A	ENSMUSG00000003037	ENSRNOG00000014621
ENSG00000167468	GPX4	ENSMUSG00000075706	ENSRNOG00000013604
ENSG00000167470	MIDN	ENSMUSG00000035621	ENSRNOG00000015434
ENSG00000167476	JSRP1	ENSMUSG00000020216	ENSRNOG00000032951
ENSG00000167483	NIBAN3	ENSMUSG00000043243	ENSRNOG00000039357
ENSG00000167487	KLHL26	ENSMUSG00000055707	ENSRNOG00000020088
ENSG00000167491	GATAD2A	ENSMUSG00000036180	ENSRNOG00000022173
ENSG00000167508	MVD	ENSMUSG00000006517	ENSRNOG00000013376
ENSG00000167513	CDT1	ENSMUSG00000006585	ENSRNOG00000013970
ENSG00000167522	ANKRD11	ENSMUSG00000035569	ENSRNOG00000027906
ENSG00000167524	RSKR	ENSMUSG00000037593	ENSRNOG00000085070
ENSG00000167525	PROCA1	ENSMUSG00000044122	ENSRNOG00000023381
ENSG00000167526	RPL13	ENSMUSG00000000740	ENSRNOG00000077833
ENSG00000167528	ZNF641	ENSMUSG00000022987	ENSRNOG00000032447
ENSG00000167531	LALBA	ENSMUSG00000022991	ENSRNOG00000010811
ENSG00000167535	CACNB3	ENSMUSG00000003352	ENSRNOG00000054274
ENSG00000167536	DHRS13	ENSMUSG00000020834	ENSRNOG00000072884
ENSG00000167543	TP53I13	ENSMUSG00000044328	ENSRNOG00000022615
ENSG00000167548	KMT2D	ENSMUSG00000048154	ENSRNOG00000061499
ENSG00000167549	CORO6	ENSMUSG00000020836	ENSRNOG00000014496
ENSG00000167550	RHEBL1	ENSMUSG00000023755	ENSRNOG00000054385
ENSG00000167553	TUBA1C	ENSMUSG00000043091	ENSRNOG00000075184
ENSG00000167565	SERTAD3	ENSMUSG00000055200	ENSRNOG00000037690
ENSG00000167566	NCKAP5L	ENSMUSG00000023009	ENSRNOG00000056678
ENSG00000167578	RAB4B	ENSMUSG00000053291	ENSRNOG00000001500
ENSG00000167580	AQP2	ENSMUSG00000023013	ENSRNOG00000054378
ENSG00000167588	GPD1	ENSMUSG00000023019	ENSRNOG00000056457
ENSG00000167595	PROSER3	ENSMUSG00000036864	ENSRNOG00000024625
ENSG00000167600	CYP2S1	ENSMUSG00000040703	ENSRNOG00000020743
ENSG00000167601	AXL	ENSMUSG00000002602	ENSRNOG00000020716
ENSG00000167604	NFKBID	ENSMUSG00000036931	ENSRNOG00000025111
ENSG00000167608	TMC4	ENSMUSG00000019734	ENSRNOG00000059741
ENSG00000167612	ANKRD33	ENSMUSG00000047034	ENSRNOG00000049733
ENSG00000167613	LAIR1	ENSMUSG00000055541	ENSRNOG00000027733
ENSG00000167614	TTYH1	ENSMUSG00000030428	ENSRNOG00000032699
ENSG00000167615	LENG8	ENSMUSG00000035545	ENSRNOG00000018642
ENSG00000167619	TMEM145	ENSMUSG00000043843	ENSRNOG00000020489
ENSG00000167625	ZNF526	ENSMUSG00000046541	ENSRNOG00000047526
ENSG00000167632	TRAPPC9	ENSMUSG00000047921	ENSRNOG00000027569
ENSG00000167641	PPP1R14A	ENSMUSG00000037166	ENSRNOG00000020676
ENSG00000167642	SPINT2	ENSMUSG00000074227	ENSRNOG00000020636
ENSG00000167644	C19orf33	ENSMUSG00000030587	ENSRNOG00000056651
ENSG00000167645	YIF1B	ENSMUSG00000030588	ENSRNOG00000055286
ENSG00000167646	DNAAF3	ENSMUSG00000055809	ENSRNOG00000038600
ENSG00000167653	PSCA	ENSMUSG00000022598	ENSRNOG00000061376
ENSG00000167654	ATCAY	ENSMUSG00000034958	ENSRNOG00000020407
ENSG00000167657	DAPK3	ENSMUSG00000034974	ENSRNOG00000020383
ENSG00000167658	EEF2	ENSMUSG00000034994	ENSRNOG00000020266
ENSG00000167670	CHAF1A	ENSMUSG00000002835	ENSRNOG00000046479
ENSG00000167671	UBXN6	ENSMUSG00000019578	ENSRNOG00000048509
ENSG00000167676	PLIN4	ENSMUSG00000002831	ENSRNOG00000047046
ENSG00000167680	SEMA6B	ENSMUSG00000001227	ENSRNOG00000045998
ENSG00000167685	ZNF444	ENSMUSG00000044876	ENSRNOG00000015517
ENSG00000167693	NXN	ENSMUSG00000020844	ENSRNOG00000008178
ENSG00000167695	TLCD3A	ENSMUSG00000069808	ENSRNOG00000007722
ENSG00000167700	SLC33A2	ENSMUSG00000019080	ENSRNOG00000015685
ENSG00000167702	KIFC2	ENSMUSG00000004187	ENSRNOG00000060123
ENSG00000167703	SLC43A2	ENSMUSG00000038178	ENSRNOG00000003835
ENSG00000167705	RILP	ENSMUSG00000038195	ENSRNOG00000003784
ENSG00000167711	SERPINF2	ENSMUSG00000038224	ENSRNOG00000003233
ENSG00000167716	WDR81	ENSMUSG00000045374	ENSRNOG00000003243
ENSG00000167720	SRR	ENSMUSG00000001323	ENSRNOG00000002991
ENSG00000167721	TSR1	ENSMUSG00000038335	ENSRNOG00000002980
ENSG00000167723	TRPV3	ENSMUSG00000043029	ENSRNOG00000019606
ENSG00000167740	CYB5D2	ENSMUSG00000057778	ENSRNOG00000024553
ENSG00000167741	GGT6	ENSMUSG00000040471	ENSRNOG00000015210
ENSG00000167749	KLK4	ENSMUSG00000006948	ENSRNOG00000018864
ENSG00000167754	KLK5	ENSMUSG00000074155	ENSRNOG00000018831
ENSG00000167755	KLK6	ENSMUSG00000050063	ENSRNOG00000031927
ENSG00000167757	KLK11	ENSMUSG00000067616	ENSRNOG00000018742
ENSG00000167759	KLK13	ENSMUSG00000054046	ENSRNOG00000022353
ENSG00000167767	KRT80	ENSMUSG00000037185	ENSRNOG00000025994
ENSG00000167768	KRT1	ENSMUSG00000046834	ENSRNOG00000028996
ENSG00000167769	ACER1	ENSMUSG00000045019	ENSRNOG00000047368
ENSG00000167772	ANGPTL4	ENSMUSG00000002289	ENSRNOG00000007545
ENSG00000167775	CD320	ENSMUSG00000002308	ENSRNOG00000006901
ENSG00000167778	SPRYD3	ENSMUSG00000036966	ENSRNOG00000010793
ENSG00000167779	IGFBP6	ENSMUSG00000023046	ENSRNOG00000010977
ENSG00000167780	SOAT2	ENSMUSG00000023045	ENSRNOG00000053769
ENSG00000167791	CABP2	ENSMUSG00000024857	ENSRNOG00000018339
ENSG00000167792	NDUFV1	ENSMUSG00000037916	ENSRNOG00000018117
ENSG00000167797	CDK2AP2	ENSMUSG00000024856	ENSRNOG00000018391
ENSG00000167815	PRDX2	ENSMUSG00000005161	ENSRNOG00000003520
ENSG00000167825	OR5I1	ENSMUSG00000068816	ENSRNOG00000005793
ENSG00000167842	MIS12	ENSMUSG00000040599	ENSRNOG00000066036
ENSG00000167858	TEKT1	ENSMUSG00000020799	ENSRNOG00000014973
ENSG00000167861	HID1	ENSMUSG00000034586	ENSRNOG00000003464
ENSG00000167862	MRPL58	ENSMUSG00000018858	ENSRNOG00000032780
ENSG00000167874	TMEM88	ENSMUSG00000045377	ENSRNOG00000009870
ENSG00000167880	EVPL	ENSMUSG00000034282	ENSRNOG00000009343
ENSG00000167881	SRP68	ENSMUSG00000020780	ENSRNOG00000009351
ENSG00000167889	MGAT5B	ENSMUSG00000043857	ENSRNOG00000024954
ENSG00000167895	TMC8	ENSMUSG00000050106	ENSRNOG00000046086
ENSG00000167900	TK1	ENSMUSG00000025574	ENSRNOG00000047314
ENSG00000167904	TMEM68	ENSMUSG00000028232	ENSRNOG00000008872
ENSG00000167910	CYP7A1	ENSMUSG00000028240	ENSRNOG00000009488
ENSG00000167916	KRT24	ENSMUSG00000020913	ENSRNOG00000010970
ENSG00000167925	GHDC	ENSMUSG00000017747	ENSRNOG00000018906
ENSG00000167930	FAM234A	ENSMUSG00000024187	ENSRNOG00000067554
ENSG00000167941	SOST	ENSMUSG00000001494	ENSRNOG00000071073
ENSG00000167962	ZNF598	ENSMUSG00000041130	ENSRNOG00000012434
ENSG00000167964	RAB26	ENSMUSG00000079657	ENSRNOG00000042086
ENSG00000167965	MLST8	ENSMUSG00000024142	ENSRNOG00000009667
ENSG00000167967	E4F1	ENSMUSG00000024137	ENSRNOG00000009224
ENSG00000167968	DNASE1L2	ENSMUSG00000024136	ENSRNOG00000042352
ENSG00000167969	ECI1	ENSMUSG00000024132	ENSRNOG00000008843
ENSG00000167971	CASKIN1	ENSMUSG00000033597	ENSRNOG00000003195
ENSG00000167972	ABCA3	ENSMUSG00000024130	ENSRNOG00000050057
ENSG00000167977	KCTD5	ENSMUSG00000016946	ENSRNOG00000057186
ENSG00000167978	SRRM2	ENSMUSG00000039218	ENSRNOG00000058561
ENSG00000167981	ZNF597	ENSMUSG00000039789	ENSRNOG00000088895
ENSG00000167984	NLRC3	ENSMUSG00000049871	ENSRNOG00000024210
ENSG00000167985	SDHAF2	ENSMUSG00000024668	ENSRNOG00000020646
ENSG00000167986	DDB1	ENSMUSG00000024740	ENSRNOG00000020715
ENSG00000167987	VPS37C	ENSMUSG00000048832	ENSRNOG00000046439
ENSG00000167992	VWCE	ENSMUSG00000043789	ENSRNOG00000060269
ENSG00000167994	RAB3IL1	ENSMUSG00000024663	ENSRNOG00000020349
ENSG00000167995	BEST1	ENSMUSG00000037418	ENSRNOG00000020346
ENSG00000168000	BSCL2	ENSMUSG00000071657	ENSRNOG00000052393
ENSG00000168002	POLR2G	ENSMUSG00000071662	ENSRNOG00000019439
ENSG00000168003	SLC3A2	ENSMUSG00000010095	ENSRNOG00000018487
ENSG00000168004	PLAAT5	ENSMUSG00000024973	ENSRNOG00000023528
ENSG00000168005	SPINDOC	ENSMUSG00000024970	ENSRNOG00000025061
ENSG00000168010	ATG16L2	ENSMUSG00000047767	ENSRNOG00000019413
ENSG00000168014	C2CD3	ENSMUSG00000047248	ENSRNOG00000017608
ENSG00000168016	TRANK1	ENSMUSG00000062296	ENSRNOG00000021091
ENSG00000168026	TTC21A	ENSMUSG00000032514	ENSRNOG00000034089
ENSG00000168032	ENTPD3	ENSMUSG00000041608	ENSRNOG00000018982
ENSG00000168036	CTNNB1	ENSMUSG00000006932	ENSRNOG00000054172
ENSG00000168038	ULK4	ENSMUSG00000040936	ENSRNOG00000019271
ENSG00000168040	FADD	ENSMUSG00000031077	ENSRNOG00000047035
ENSG00000168056	LTBP3	ENSMUSG00000024940	ENSRNOG00000020813
ENSG00000168060	NAALADL1	ENSMUSG00000054999	ENSRNOG00000021000
ENSG00000168061	SAC3D1	ENSMUSG00000024790	ENSRNOG00000021003
ENSG00000168062	BATF2	ENSMUSG00000039699	ENSRNOG00000021018
ENSG00000168066	SF1	ENSMUSG00000024949	ENSRNOG00000021085
ENSG00000168067	MAP4K2	ENSMUSG00000024948	ENSRNOG00000021061
ENSG00000168070	MAJIN	ENSMUSG00000024786	ENSRNOG00000054336
ENSG00000168071	CCDC88B	ENSMUSG00000047810	ENSRNOG00000024931
ENSG00000168077	SCARA3	ENSMUSG00000034463	ENSRNOG00000016177
ENSG00000168078	PBK	ENSMUSG00000022033	ENSRNOG00000015308
ENSG00000168079	SCARA5	ENSMUSG00000022032	ENSRNOG00000014398
ENSG00000168081	PNOC	ENSMUSG00000045731	ENSRNOG00000014231
ENSG00000168090	COPS6	ENSMUSG00000019494	ENSRNOG00000001346
ENSG00000168092	PAFAH1B2	ENSMUSG00000003131	ENSRNOG00000057102
ENSG00000168096	ANKS3	ENSMUSG00000022515	ENSRNOG00000003186
ENSG00000168101	NUDT16L1	ENSMUSG00000022516	ENSRNOG00000003224
ENSG00000168118	RAB4A	ENSMUSG00000019478	ENSRNOG00000017467
ENSG00000168135	KCNJ4	ENSMUSG00000044216	ENSRNOG00000013869
ENSG00000168137	SETD5	ENSMUSG00000034269	ENSRNOG00000007472
ENSG00000168140	VASN	ENSMUSG00000039646	ENSRNOG00000004141
ENSG00000168143	FAM83B	ENSMUSG00000032358	ENSRNOG00000069372
ENSG00000168158	OR2C1	ENSMUSG00000059043	ENSRNOG00000091036
ENSG00000168172	HOOK3	ENSMUSG00000037234	ENSRNOG00000014275
ENSG00000168209	DDIT4	ENSMUSG00000020108	ENSRNOG00000057078
ENSG00000168214	RBPJ	ENSMUSG00000039191	ENSRNOG00000046327
ENSG00000168216	LMBRD1	ENSMUSG00000073725	ENSRNOG00000012178
ENSG00000168228	ZCCHC4	ENSMUSG00000029179	ENSRNOG00000029064
ENSG00000168234	TTC39C	ENSMUSG00000024424	ENSRNOG00000050949
ENSG00000168237	GLYCTK	ENSMUSG00000020258	ENSRNOG00000046307
ENSG00000168243	GNG4	ENSMUSG00000021303	ENSRNOG00000068923
ENSG00000168246	UBTD2	ENSMUSG00000044949	ENSRNOG00000004137
ENSG00000168256	NKIRAS2	ENSMUSG00000017837	ENSRNOG00000018095
ENSG00000168259	DNAJC7	ENSMUSG00000014195	ENSRNOG00000017781
ENSG00000168263	KCNV2	ENSMUSG00000047298	ENSRNOG00000012566
ENSG00000168264	IRF2BP2	ENSMUSG00000051495	ENSRNOG00000070206
ENSG00000168267	PTF1A	ENSMUSG00000026735	ENSRNOG00000016902
ENSG00000168268	NT5DC2	ENSMUSG00000071547	ENSRNOG00000018358
ENSG00000168269	FOXI1	ENSMUSG00000047861	ENSRNOG00000006293
ENSG00000168273	UQCC5	ENSMUSG00000058351	ENSRNOG00000068020
ENSG00000168275	COA6	ENSMUSG00000051671	ENSRNOG00000062808
ENSG00000168280	KIF5C	ENSMUSG00000026764	ENSRNOG00000004680
ENSG00000168282	MGAT2	ENSMUSG00000043998	ENSRNOG00000004234
ENSG00000168283	BMI1	ENSMUSG00000026739	ENSRNOG00000016585
ENSG00000168286	THAP11	ENSMUSG00000036442	ENSRNOG00000019109
ENSG00000168288	MMADHC	ENSMUSG00000026766	ENSRNOG00000004740
ENSG00000168291	PDHB	ENSMUSG00000021748	ENSRNOG00000007895
ENSG00000168297	PXK	ENSMUSG00000033885	ENSRNOG00000008024
ENSG00000168298	H1-4	ENSMUSG00000051627	ENSRNOG00000047459
ENSG00000168300	PCMTD1	ENSMUSG00000051285	ENSRNOG00000005730
ENSG00000168301	KCTD6	ENSMUSG00000021752	ENSRNOG00000007817
ENSG00000168306	ACOX2	ENSMUSG00000021751	ENSRNOG00000007378
ENSG00000168309	FAM107A	ENSMUSG00000021750	ENSRNOG00000033261
ENSG00000168310	IRF2	ENSMUSG00000031627	ENSRNOG00000009824
ENSG00000168314	MOBP	ENSMUSG00000032517	ENSRNOG00000018700
ENSG00000168329	CX3CR1	ENSMUSG00000052336	ENSRNOG00000018509
ENSG00000168334	XIRP1	ENSMUSG00000079243	ENSRNOG00000037085
ENSG00000168348	INSM2	ENSMUSG00000045440	ENSRNOG00000083293
ENSG00000168350	DEGS2	ENSMUSG00000021263	ENSRNOG00000011716
ENSG00000168356	SCN11A	ENSMUSG00000034115	ENSRNOG00000032884
ENSG00000168374	ARF4	ENSMUSG00000021877	ENSRNOG00000012623
ENSG00000168385	SEPTIN2	ENSMUSG00000026276	ENSRNOG00000017952
ENSG00000168386	FILIP1L	ENSMUSG00000043336	ENSRNOG00000001645
ENSG00000168389	MFSD2A	ENSMUSG00000028655	ENSRNOG00000014008
ENSG00000168393	DTYMK	ENSMUSG00000026281	ENSRNOG00000018904
ENSG00000168394	TAP1	ENSMUSG00000037321	ENSRNOG00000000457
ENSG00000168395	ING5	ENSMUSG00000026283	ENSRNOG00000018988
ENSG00000168397	ATG4B	ENSMUSG00000026280	ENSRNOG00000018403
ENSG00000168398	BDKRB2	ENSMUSG00000021070	ENSRNOG00000047300
ENSG00000168404	MLKL	ENSMUSG00000012519	ENSRNOG00000042353
ENSG00000168411	RFWD3	ENSMUSG00000033596	ENSRNOG00000051461
ENSG00000168412	MTNR1A	ENSMUSG00000054764	ENSRNOG00000028744
ENSG00000168418	KCNG4	ENSMUSG00000045246	ENSRNOG00000015746
ENSG00000168421	RHOH	ENSMUSG00000029204	ENSRNOG00000002540
ENSG00000168427	KLHL30	ENSMUSG00000026308	ENSRNOG00000020105
ENSG00000168434	COG7	ENSMUSG00000034951	ENSRNOG00000060008
ENSG00000168438	CDC40	ENSMUSG00000038446	ENSRNOG00000000581
ENSG00000168439	STIP1	ENSMUSG00000024966	ENSRNOG00000021164
ENSG00000168447	SCNN1B	ENSMUSG00000030873	ENSRNOG00000030981
ENSG00000168453	HR	ENSMUSG00000022096	ENSRNOG00000011427
ENSG00000168454	TXNDC2	ENSMUSG00000050612	ENSRNOG00000027916
ENSG00000168461	RAB31	ENSMUSG00000056515	ENSRNOG00000042189
ENSG00000168476	REEP4	ENSMUSG00000033589	ENSRNOG00000011373
ENSG00000168477	TNXB	ENSMUSG00000033327	ENSRNOG00000033581
ENSG00000168481	LGI3	ENSMUSG00000033595	ENSRNOG00000011323
ENSG00000168484	SFTPC	ENSMUSG00000022097	ENSRNOG00000011177
ENSG00000168487	BMP1	ENSMUSG00000022098	ENSRNOG00000010890
ENSG00000168488	ATXN2L	ENSMUSG00000032637	ENSRNOG00000018686
ENSG00000168490	PHYHIP	ENSMUSG00000003469	ENSRNOG00000010555
ENSG00000168495	POLR3D	ENSMUSG00000000776	ENSRNOG00000010028
ENSG00000168496	FEN1	ENSMUSG00000024742	ENSRNOG00000020531
ENSG00000168497	CAVIN2	ENSMUSG00000045954	ENSRNOG00000025895
ENSG00000168502	MTCL1	ENSMUSG00000052105	ENSRNOG00000025527
ENSG00000168505	GBX2	ENSMUSG00000034486	ENSRNOG00000019495
ENSG00000168509	HJV	ENSMUSG00000038403	ENSRNOG00000021200
ENSG00000168517	HEXIM2	ENSMUSG00000043372	ENSRNOG00000021287
ENSG00000168522	FNTA	ENSMUSG00000015994	ENSRNOG00000014462
ENSG00000168528	SERINC2	ENSMUSG00000023232	ENSRNOG00000012989
ENSG00000168530	MYL1	ENSMUSG00000061816	ENSRNOG00000013262
ENSG00000168538	TRAPPC11	ENSMUSG00000038102	ENSRNOG00000022482
ENSG00000168539	CHRM1	ENSMUSG00000032773	ENSRNOG00000074156
ENSG00000168542	COL3A1	ENSMUSG00000026043	ENSRNOG00000003357
ENSG00000168546	GFRA2	ENSMUSG00000022103	ENSRNOG00000014010
ENSG00000168556	ING2	ENSMUSG00000063049	ENSRNOG00000013480
ENSG00000168564	CDKN2AIP	ENSMUSG00000038069	ENSRNOG00000022736
ENSG00000168566	SNRNP48	ENSMUSG00000021431	ENSRNOG00000013756
ENSG00000168569	TMEM223	ENSMUSG00000117924	ENSRNOG00000019266
ENSG00000168575	SLC20A2	ENSMUSG00000037656	ENSRNOG00000019490
ENSG00000168582	CRYGA	ENSMUSG00000044429	ENSRNOG00000046343
ENSG00000168589	DYNLRB2	ENSMUSG00000034467	ENSRNOG00000012450
ENSG00000168591	TMUB2	ENSMUSG00000034757	ENSRNOG00000020916
ENSG00000168610	STAT3	ENSMUSG00000004040	ENSRNOG00000019742
ENSG00000168612	ZSWIM1	ENSMUSG00000017764	ENSRNOG00000015735
ENSG00000168615	ADAM9	ENSMUSG00000031555	ENSRNOG00000017231
ENSG00000168619	ADAM18	ENSMUSG00000031552	ENSRNOG00000017683
ENSG00000168621	GDNF	ENSMUSG00000022144	ENSRNOG00000083179
ENSG00000168631	MUCL3	ENSMUSG00000073408	ENSRNOG00000042287
ENSG00000168634	WFDC13	ENSMUSG00000067704	ENSRNOG00000084888
ENSG00000168646	AXIN2	ENSMUSG00000000142	ENSRNOG00000055010
ENSG00000168658	VWA3B	ENSMUSG00000050122	ENSRNOG00000023566
ENSG00000168672	LRATD2	ENSMUSG00000072568	ENSRNOG00000004744
ENSG00000168675	LDLRAD4	ENSMUSG00000024544	ENSRNOG00000016879
ENSG00000168676	KCTD19	ENSMUSG00000051648	ENSRNOG00000016760
ENSG00000168679	SLC16A4	ENSMUSG00000027896	ENSRNOG00000018131
ENSG00000168685	IL7R	ENSMUSG00000003882	ENSRNOG00000065741
ENSG00000168701	TMEM208	ENSMUSG00000014856	ENSRNOG00000015974
ENSG00000168702	LRP1B	ENSMUSG00000049252	ENSRNOG00000030243
ENSG00000168703	WFDC12	ENSMUSG00000042845	ENSRNOG00000032412
ENSG00000168710	AHCYL1	ENSMUSG00000027893	ENSRNOG00000018569
ENSG00000168724	DNAJC21	ENSMUSG00000044224	ENSRNOG00000017876
ENSG00000168743	NPNT	ENSMUSG00000040998	ENSRNOG00000052873
ENSG00000168748	CA7	ENSMUSG00000031883	ENSRNOG00000012371
ENSG00000168754	FAM178B	ENSMUSG00000046337	ENSRNOG00000023941
ENSG00000168758	SEMA4C	ENSMUSG00000026121	ENSRNOG00000016254
ENSG00000168763	CNNM3	ENSMUSG00000001138	ENSRNOG00000016032
ENSG00000168765	GSTM4	ENSMUSG00000027890	ENSRNOG00000019221
ENSG00000168769	TET2	ENSMUSG00000040943	ENSRNOG00000023579
ENSG00000168772	CXXC4	ENSMUSG00000044365	ENSRNOG00000084996
ENSG00000168778	TCTN2	ENSMUSG00000118662	ENSRNOG00000088480
ENSG00000168779	SHOX2	ENSMUSG00000027833	ENSRNOG00000012478
ENSG00000168781	PPIP5K1	ENSMUSG00000033526	ENSRNOG00000014436
ENSG00000168785	TSPAN5	ENSMUSG00000028152	ENSRNOG00000015913
ENSG00000168792	ABHD15	ENSMUSG00000000686	ENSRNOG00000015002
ENSG00000168795	ZBTB5	ENSMUSG00000049657	ENSRNOG00000012726
ENSG00000168803	MAPDA	ENSMUSG00000027259	ENSRNOG00000012166
ENSG00000168806	LCMT2	ENSMUSG00000074890	ENSRNOG00000043002
ENSG00000168807	SNTB2	ENSMUSG00000041308	ENSRNOG00000020344
ENSG00000168811	IL12A	ENSMUSG00000027776	ENSRNOG00000009468
ENSG00000168813	ZNF507	ENSMUSG00000044452	ENSRNOG00000013565
ENSG00000168818	STX18	ENSMUSG00000029125	ENSRNOG00000006139
ENSG00000168824	NSG1	ENSMUSG00000029126	ENSRNOG00000005700
ENSG00000168826	ZBTB49	ENSMUSG00000029127	ENSRNOG00000005633
ENSG00000168827	GFM1	ENSMUSG00000027774	ENSRNOG00000012873
ENSG00000168828	OR13J1	ENSMUSG00000046450	ENSRNOG00000082595
ENSG00000168843	FSTL5	ENSMUSG00000034098	ENSRNOG00000047002
ENSG00000168872	DDX19A	ENSMUSG00000015023	ENSRNOG00000018033
ENSG00000168874	ATOH8	ENSMUSG00000037621	ENSRNOG00000010716
ENSG00000168875	SOX14	ENSMUSG00000053747	ENSRNOG00000022084
ENSG00000168876	ANKRD49	ENSMUSG00000031931	ENSRNOG00000009233
ENSG00000168878	SFTPB	ENSMUSG00000056370	ENSRNOG00000010761
ENSG00000168883	USP39	ENSMUSG00000056305	ENSRNOG00000010930
ENSG00000168884	TNIP2	ENSMUSG00000059866	ENSRNOG00000013805
ENSG00000168887	C2orf68	ENSMUSG00000058706	ENSRNOG00000011713
ENSG00000168890	TMEM150A	ENSMUSG00000055912	ENSRNOG00000061100
ENSG00000168894	RNF181	ENSMUSG00000055850	ENSRNOG00000012035
ENSG00000168899	VAMP5	ENSMUSG00000073002	ENSRNOG00000012659
ENSG00000168904	LRRC28	ENSMUSG00000030556	ENSRNOG00000023274
ENSG00000168907	PLA2G4F	ENSMUSG00000046971	ENSRNOG00000008135
ENSG00000168913	ENHO	ENSMUSG00000028445	ENSRNOG00000043300
ENSG00000168916	ZNF608	ENSMUSG00000052713	ENSRNOG00000023197
ENSG00000168917	SLC35G2	ENSMUSG00000070287	ENSRNOG00000015370
ENSG00000168918	INPP5D	ENSMUSG00000026288	ENSRNOG00000017020
ENSG00000168924	LETM1	ENSMUSG00000005299	ENSRNOG00000016427
ENSG00000168936	TMEM129	ENSMUSG00000019295	ENSRNOG00000017329
ENSG00000168938	PPIC	ENSMUSG00000024538	ENSRNOG00000017416
ENSG00000168944	CEP120	ENSMUSG00000048799	ENSRNOG00000017035
ENSG00000168952	STXBP6	ENSMUSG00000046314	ENSRNOG00000004198
ENSG00000168955	TM4SF20	ENSMUSG00000026149	ENSRNOG00000015460
ENSG00000168958	MFF	ENSMUSG00000026150	ENSRNOG00000015428
ENSG00000168959	GRM5	ENSMUSG00000049583	ENSRNOG00000016429
ENSG00000168993	CPLX1	ENSMUSG00000033615	ENSRNOG00000090522
ENSG00000168994	PXDC1	ENSMUSG00000021411	ENSRNOG00000017093
ENSG00000169006	NTSR2	ENSMUSG00000020591	ENSRNOG00000049054
ENSG00000169016	E2F6	ENSMUSG00000057469	ENSRNOG00000004449
ENSG00000169018	FEM1B	ENSMUSG00000032244	ENSRNOG00000007077
ENSG00000169019	COMMD8	ENSMUSG00000029213	ENSRNOG00000002320
ENSG00000169020	ATP5ME	ENSMUSG00000050856	ENSRNOG00000000064
ENSG00000169021	UQCRFS1	ENSMUSG00000038462	ENSRNOG00000018281
ENSG00000169026	SLC49A3	ENSMUSG00000029490	ENSRNOG00000023937
ENSG00000169031	COL4A3	ENSMUSG00000079465	ENSRNOG00000015365
ENSG00000169032	MAP2K1	ENSMUSG00000004936	ENSRNOG00000010176
ENSG00000169035	KLK7	ENSMUSG00000030713	ENSRNOG00000018664
ENSG00000169045	HNRNPH1	ENSMUSG00000007850	ENSRNOG00000003399
ENSG00000169047	IRS1	ENSMUSG00000055980	ENSRNOG00000014597
ENSG00000169057	MECP2	ENSMUSG00000031393	ENSRNOG00000056659
ENSG00000169062	UPF3A	ENSMUSG00000038398	ENSRNOG00000017397
ENSG00000169064	ZBBX	ENSMUSG00000034151	ENSRNOG00000009792
ENSG00000169067	ACTBL2	ENSMUSG00000055194	ENSRNOG00000043292
ENSG00000169071	ROR2	ENSMUSG00000021464	ENSRNOG00000053232
ENSG00000169083	AR	ENSMUSG00000046532	ENSRNOG00000005639
ENSG00000169085	VXN	ENSMUSG00000067879	ENSRNOG00000021663
ENSG00000169087	HSPBAP1	ENSMUSG00000022849	ENSRNOG00000002241
ENSG00000169105	CHST14	ENSMUSG00000074916	ENSRNOG00000045997
ENSG00000169116	PARM1	ENSMUSG00000034981	ENSRNOG00000002579
ENSG00000169118	CSNK1G1	ENSMUSG00000032384	ENSRNOG00000016620
ENSG00000169122	FAM110B	ENSMUSG00000049119	ENSRNOG00000009114
ENSG00000169126	ODAD2	ENSMUSG00000061802	ENSRNOG00000018905
ENSG00000169129	AFAP1L2	ENSMUSG00000025083	ENSRNOG00000017164
ENSG00000169131	ZNF354A	ENSMUSG00000020364	ENSRNOG00000003634
ENSG00000169136	ATF5	ENSMUSG00000038539	ENSRNOG00000020060
ENSG00000169139	UBE2V2	ENSMUSG00000022674	ENSRNOG00000001829
ENSG00000169154	GOT1L1	ENSMUSG00000039720	ENSRNOG00000038473
ENSG00000169155	ZBTB43	ENSMUSG00000026788	ENSRNOG00000017017
ENSG00000169169	CPT1C	ENSMUSG00000007783	ENSRNOG00000026163
ENSG00000169174	PCSK9	ENSMUSG00000044254	ENSRNOG00000006280
ENSG00000169180	XPO6	ENSMUSG00000000131	ENSRNOG00000016722
ENSG00000169181	GSG1L	ENSMUSG00000046182	ENSRNOG00000065255
ENSG00000169184	MN1	ENSMUSG00000070576	ENSRNOG00000027489
ENSG00000169189	NSMCE1	ENSMUSG00000030750	ENSRNOG00000015218
ENSG00000169193	CCDC126	ENSMUSG00000050786	ENSRNOG00000009322
ENSG00000169194	IL13	ENSMUSG00000020383	ENSRNOG00000007652
ENSG00000169213	RAB3B	ENSMUSG00000003411	ENSRNOG00000008001
ENSG00000169214	OR6F1	ENSMUSG00000054498	ENSRNOG00000080742
ENSG00000169217	CD2BP2	ENSMUSG00000042502	ENSRNOG00000017201
ENSG00000169218	RSPO1	ENSMUSG00000028871	ENSRNOG00000009656
ENSG00000169220	RGS14	ENSMUSG00000052087	ENSRNOG00000015616
ENSG00000169221	TBC1D10B	ENSMUSG00000042492	ENSRNOG00000017349
ENSG00000169223	LMAN2	ENSMUSG00000021484	ENSRNOG00000016161
ENSG00000169228	RAB24	ENSMUSG00000034789	ENSRNOG00000016539
ENSG00000169230	PRELID1	ENSMUSG00000021486	ENSRNOG00000016410
ENSG00000169231	THBS3	ENSMUSG00000028047	ENSRNOG00000059903
ENSG00000169239	CA5B	ENSMUSG00000031373	ENSRNOG00000029330
ENSG00000169242	EFNA1	ENSMUSG00000027954	ENSRNOG00000020573
ENSG00000169245	CXCL10	ENSMUSG00000034855	ENSRNOG00000022256
ENSG00000169247	SH3TC2	ENSMUSG00000045629	ENSRNOG00000019305
ENSG00000169249	ZRSR2	ENSMUSG00000121808	ENSRNOG00000009639
ENSG00000169251	NMD3	ENSMUSG00000027787	ENSRNOG00000009310
ENSG00000169252	ADRB2	ENSMUSG00000045730	ENSRNOG00000019217
ENSG00000169255	B3GALNT1	ENSMUSG00000043300	ENSRNOG00000012019
ENSG00000169258	GPRIN1	ENSMUSG00000069227	ENSRNOG00000017974
ENSG00000169271	HSPB3	ENSMUSG00000051456	ENSRNOG00000010992
ENSG00000169282	KCNAB1	ENSMUSG00000027827	ENSRNOG00000056697
ENSG00000169288	MRPL1	ENSMUSG00000029486	ENSRNOG00000002070
ENSG00000169291	SHE	ENSMUSG00000046280	ENSRNOG00000020797
ENSG00000169297	NR0B1	ENSMUSG00000025056	ENSRNOG00000003765
ENSG00000169299	PGM2	ENSMUSG00000029171	ENSRNOG00000002185
ENSG00000169302	STK32A	ENSMUSG00000039954	ENSRNOG00000027066
ENSG00000169306	IL1RAPL1	ENSMUSG00000052372	ENSRNOG00000029663
ENSG00000169313	P2RY12	ENSMUSG00000036353	ENSRNOG00000013902
ENSG00000169314	C22orf15	ENSMUSG00000050157	ENSRNOG00000028386
ENSG00000169327	OR5AU1	ENSMUSG00000044286	ENSRNOG00000080058
ENSG00000169330	MINAR1	ENSMUSG00000039313	ENSRNOG00000013399
ENSG00000169340	PDILT	ENSMUSG00000030968	ENSRNOG00000015368
ENSG00000169344	UMOD	ENSMUSG00000030963	ENSRNOG00000015557
ENSG00000169347	GP2	ENSMUSG00000030954	ENSRNOG00000015716
ENSG00000169359	SLC33A1	ENSMUSG00000027822	ENSRNOG00000010023
ENSG00000169371	SNUPN	ENSMUSG00000055334	ENSRNOG00000005426
ENSG00000169372	CRADD	ENSMUSG00000045867	ENSRNOG00000008507
ENSG00000169375	SIN3A	ENSMUSG00000042557	ENSRNOG00000032254
ENSG00000169379	ARL13B	ENSMUSG00000022911	ENSRNOG00000047194
ENSG00000169398	PTK2	ENSMUSG00000022607	ENSRNOG00000007916
ENSG00000169403	PTAFR	ENSMUSG00000056529	ENSRNOG00000013231
ENSG00000169410	PTPN9	ENSMUSG00000032290	ENSRNOG00000017600
ENSG00000169413	RNASE6	ENSMUSG00000021880	ENSRNOG00000025597
ENSG00000169418	NPR1	ENSMUSG00000027931	ENSRNOG00000014684
ENSG00000169427	KCNK9	ENSMUSG00000036760	ENSRNOG00000009265
ENSG00000169432	SCN9A	ENSMUSG00000075316	ENSRNOG00000006639
ENSG00000169435	RASSF6	ENSMUSG00000029370	ENSRNOG00000002866
ENSG00000169439	SDC2	ENSMUSG00000022261	ENSRNOG00000004936
ENSG00000169442	CD52	ENSMUSG00000000682	ENSRNOG00000015403
ENSG00000169446	MMGT1	ENSMUSG00000061273	ENSRNOG00000065883
ENSG00000169490	TM2D2	ENSMUSG00000031556	ENSRNOG00000016559
ENSG00000169495	HTRA4	ENSMUSG00000037406	ENSRNOG00000061160
ENSG00000169499	PLEKHA2	ENSMUSG00000031557	ENSRNOG00000066109
ENSG00000169504	CLIC4	ENSMUSG00000037242	ENSRNOG00000018109
ENSG00000169507	SLC38A11	ENSMUSG00000061171	ENSRNOG00000004966
ENSG00000169508	GPR183	ENSMUSG00000051212	ENSRNOG00000025094
ENSG00000169515	CCDC8	ENSMUSG00000041117	ENSRNOG00000027936
ENSG00000169519	METTL15	ENSMUSG00000057234	ENSRNOG00000066683
ENSG00000169550	MUC15	ENSMUSG00000050808	ENSRNOG00000004703
ENSG00000169554	ZEB2	ENSMUSG00000026872	ENSRNOG00000004677
ENSG00000169562	GJB1	ENSMUSG00000047797	ENSRNOG00000063213
ENSG00000169564	PCBP1	ENSMUSG00000051695	ENSRNOG00000017708
ENSG00000169570	DTWD2	ENSMUSG00000024505	ENSRNOG00000059142
ENSG00000169583	CLIC3	ENSMUSG00000015093	ENSRNOG00000015184
ENSG00000169592	INO80E	ENSMUSG00000030689	ENSRNOG00000019960
ENSG00000169594	BNC1	ENSMUSG00000025105	ENSRNOG00000019770
ENSG00000169598	DFFB	ENSMUSG00000029027	ENSRNOG00000025030
ENSG00000169599	NFU1	ENSMUSG00000029993	ENSRNOG00000018410
ENSG00000169604	ANTXR1	ENSMUSG00000033420	ENSRNOG00000008678
ENSG00000169605	GKN1	ENSMUSG00000030050	ENSRNOG00000008838
ENSG00000169607	CKAP2L	ENSMUSG00000048327	ENSRNOG00000026143
ENSG00000169609	C15orf40	ENSMUSG00000025102	ENSRNOG00000069610
ENSG00000169621	APLF	ENSMUSG00000030051	ENSRNOG00000043059
ENSG00000169635	HIC2	ENSMUSG00000050240	ENSRNOG00000051458
ENSG00000169641	LUZP1	ENSMUSG00000001089	ENSRNOG00000022402
ENSG00000169660	HEXD	ENSMUSG00000039307	ENSRNOG00000036667
ENSG00000169676	DRD5	ENSMUSG00000039358	ENSRNOG00000005338
ENSG00000169679	BUB1	ENSMUSG00000027379	ENSRNOG00000032778
ENSG00000169682	SPNS1	ENSMUSG00000030741	ENSRNOG00000017621
ENSG00000169683	LRRC45	ENSMUSG00000025145	ENSRNOG00000045926
ENSG00000169684	CHRNA5	ENSMUSG00000035594	ENSRNOG00000013610
ENSG00000169689	CENPX	ENSMUSG00000025144	ENSRNOG00000090204
ENSG00000169692	AGPAT2	ENSMUSG00000026922	ENSRNOG00000019466
ENSG00000169696	ASPSCR1	ENSMUSG00000025142	ENSRNOG00000036678
ENSG00000169704	GP9	ENSMUSG00000030054	ENSRNOG00000010015
ENSG00000169710	FASN	ENSMUSG00000025153	ENSRNOG00000045636
ENSG00000169714	CNBP	ENSMUSG00000030057	ENSRNOG00000010239
ENSG00000169717	ACTRT2	ENSMUSG00000051276	ENSRNOG00000012586
ENSG00000169718	DUS1L	ENSMUSG00000025155	ENSRNOG00000047905
ENSG00000169727	GPS1	ENSMUSG00000025156	ENSRNOG00000046698
ENSG00000169733	RFNG	ENSMUSG00000025158	ENSRNOG00000050298
ENSG00000169738	DCXR	ENSMUSG00000039450	ENSRNOG00000081885
ENSG00000169740	ZNF32	ENSMUSG00000059689	ENSRNOG00000023065
ENSG00000169744	LDB2	ENSMUSG00000039706	ENSRNOG00000003205
ENSG00000169750	RAC3	ENSMUSG00000018012	ENSRNOG00000069600
ENSG00000169752	NRG4	ENSMUSG00000032311	ENSRNOG00000015149
ENSG00000169758	TMEM266	ENSMUSG00000032313	ENSRNOG00000015201
ENSG00000169760	NLGN1	ENSMUSG00000063887	ENSRNOG00000032576
ENSG00000169762	TAPT1	ENSMUSG00000046985	ENSRNOG00000003174
ENSG00000169764	UGP2	ENSMUSG00000001891	ENSRNOG00000008079
ENSG00000169777	TAS2R1	ENSMUSG00000045267	ENSRNOG00000011963
ENSG00000169783	LINGO1	ENSMUSG00000049556	ENSRNOG00000017193
ENSG00000169813	HNRNPF	ENSMUSG00000042079	ENSRNOG00000014562
ENSG00000169814	BTD	ENSMUSG00000021900	ENSRNOG00000019656
ENSG00000169826	CSGALNACT2	ENSMUSG00000042042	ENSRNOG00000014713
ENSG00000169836	TACR3	ENSMUSG00000028172	ENSRNOG00000009372
ENSG00000169840	GSX1	ENSMUSG00000053129	ENSRNOG00000000952
ENSG00000169851	PCDH7	ENSMUSG00000029108	ENSRNOG00000063828
ENSG00000169855	ROBO1	ENSMUSG00000022883	ENSRNOG00000029614
ENSG00000169856	ONECUT1	ENSMUSG00000043013	ENSRNOG00000008095
ENSG00000169857	AVEN	ENSMUSG00000003604	ENSRNOG00000006419
ENSG00000169860	P2RY1	ENSMUSG00000027765	ENSRNOG00000014232
ENSG00000169862	CTNND2	ENSMUSG00000022240	ENSRNOG00000010649
ENSG00000169871	TRIM56	ENSMUSG00000043279	ENSRNOG00000071001
ENSG00000169877	AHSP	ENSMUSG00000121605	ENSRNOG00000020165
ENSG00000169884	WNT10B	ENSMUSG00000022996	ENSRNOG00000061238
ENSG00000169891	REPS2	ENSMUSG00000040855	ENSRNOG00000061508
ENSG00000169894	MUC3A	ENSMUSG00000094840	ENSRNOG00000068186
ENSG00000169895	SYAP1	ENSMUSG00000031357	ENSRNOG00000004304
ENSG00000169896	ITGAM	ENSMUSG00000030786	ENSRNOG00000019728
ENSG00000169902	TPST1	ENSMUSG00000034118	ENSRNOG00000000900
ENSG00000169903	TM4SF4	ENSMUSG00000027801	ENSRNOG00000016437
ENSG00000169905	TOR1AIP2	ENSMUSG00000050565	ENSRNOG00000024849
ENSG00000169906	S100G	ENSMUSG00000040808	ENSRNOG00000004222
ENSG00000169908	TM4SF1	ENSMUSG00000027800	ENSRNOG00000015812
ENSG00000169914	OTUD3	ENSMUSG00000041161	ENSRNOG00000017037
ENSG00000169918	OTUD7A	ENSMUSG00000033510	ENSRNOG00000015503
ENSG00000169919	GUSB	ENSMUSG00000025534	ENSRNOG00000000913
ENSG00000169925	BRD3	ENSMUSG00000026918	ENSRNOG00000007681
ENSG00000169926	KLF13	ENSMUSG00000052040	ENSRNOG00000015822
ENSG00000169933	FRMPD4	ENSMUSG00000049176	ENSRNOG00000004118
ENSG00000169946	ZFPM2	ENSMUSG00000022306	ENSRNOG00000004109
ENSG00000169957	ZNF768	ENSMUSG00000047371	ENSRNOG00000029490
ENSG00000169962	TAS1R3	ENSMUSG00000029072	ENSRNOG00000019589
ENSG00000169967	MAP3K2	ENSMUSG00000024383	ENSRNOG00000014089
ENSG00000169972	PUSL1	ENSMUSG00000051557	ENSRNOG00000022354
ENSG00000169976	SF3B5	ENSMUSG00000078348	ENSRNOG00000014908
ENSG00000169981	ZNF35	ENSMUSG00000057895	ENSRNOG00000079667
ENSG00000169989	TIGD4	ENSMUSG00000047819	ENSRNOG00000010741
ENSG00000169991	IFFO2	ENSMUSG00000041025	ENSRNOG00000071266
ENSG00000169992	NLGN2	ENSMUSG00000051790	ENSRNOG00000015430
ENSG00000169994	MYO7B	ENSMUSG00000024388	ENSRNOG00000015035
ENSG00000170004	CHD3	ENSMUSG00000018474	ENSRNOG00000009722
ENSG00000170006	TMEM154	ENSMUSG00000056498	ENSRNOG00000010866
ENSG00000170011	MYRIP	ENSMUSG00000041794	ENSRNOG00000018797
ENSG00000170017	ALCAM	ENSMUSG00000022636	ENSRNOG00000001989
ENSG00000170027	YWHAG	ENSMUSG00000051391	ENSRNOG00000001436
ENSG00000170035	UBE2E3	ENSMUSG00000027011	ENSRNOG00000004544
ENSG00000170037	CNTROB	ENSMUSG00000032782	ENSRNOG00000008270
ENSG00000170043	TRAPPC1	ENSMUSG00000049299	ENSRNOG00000037627
ENSG00000170044	ZPLD1	ENSMUSG00000064310	ENSRNOG00000039517
ENSG00000170049	KCNAB3	ENSMUSG00000018470	ENSRNOG00000008480
ENSG00000170054	SERPINA9	ENSMUSG00000058260	ENSRNOG00000042391
ENSG00000170075	GPR37L1	ENSMUSG00000026424	ENSRNOG00000006237
ENSG00000170085	SIMC1	ENSMUSG00000043183	ENSRNOG00000016932
ENSG00000170088	TMEM192	ENSMUSG00000025521	ENSRNOG00000030199
ENSG00000170099	SERPINA6	ENSMUSG00000060807	ENSRNOG00000009438
ENSG00000170113	NIPA1	ENSMUSG00000047037	ENSRNOG00000042702
ENSG00000170128	GPR25	ENSMUSG00000052759	ENSRNOG00000008603
ENSG00000170142	UBE2E1	ENSMUSG00000021774	ENSRNOG00000008794
ENSG00000170145	SIK2	ENSMUSG00000037112	ENSRNOG00000043498
ENSG00000170153	RNF150	ENSMUSG00000047747	ENSRNOG00000003479
ENSG00000170162	VGLL2	ENSMUSG00000049641	ENSRNOG00000000405
ENSG00000170166	HOXD4	ENSMUSG00000101174	ENSRNOG00000001578
ENSG00000170175	CHRNB1	ENSMUSG00000041189	ENSRNOG00000014698
ENSG00000170178	HOXD12	ENSMUSG00000001823	ENSRNOG00000001587
ENSG00000170185	USP38	ENSMUSG00000038250	ENSRNOG00000026880
ENSG00000170190	SLC16A5	ENSMUSG00000045775	ENSRNOG00000023476
ENSG00000170191	NANP	ENSMUSG00000053916	ENSRNOG00000074422
ENSG00000170209	ANKK1	ENSMUSG00000032257	ENSRNOG00000025037
ENSG00000170214	ADRA1B	ENSMUSG00000050541	ENSRNOG00000060087
ENSG00000170222	ADPRM	ENSMUSG00000020910	ENSRNOG00000003397
ENSG00000170231	FABP6	ENSMUSG00000020405	ENSRNOG00000003902
ENSG00000170234	PWWP2A	ENSMUSG00000044950	ENSRNOG00000003936
ENSG00000170236	USP50	ENSMUSG00000027364	ENSRNOG00000011401
ENSG00000170242	USP47	ENSMUSG00000059263	ENSRNOG00000026754
ENSG00000170260	ZNF212	ENSMUSG00000052763	ENSRNOG00000006711
ENSG00000170262	MRAP	ENSMUSG00000039956	ENSRNOG00000021524
ENSG00000170264	FAM161A	ENSMUSG00000049811	ENSRNOG00000009881
ENSG00000170265	ZNF282	ENSMUSG00000025821	ENSRNOG00000026981
ENSG00000170266	GLB1	ENSMUSG00000045594	ENSRNOG00000010196
ENSG00000170271	FAXDC2	ENSMUSG00000086962	ENSRNOG00000027259
ENSG00000170275	CRTAP	ENSMUSG00000032431	ENSRNOG00000009878
ENSG00000170289	CNGB3	ENSMUSG00000056494	ENSRNOG00000006084
ENSG00000170291	ELP5	ENSMUSG00000018565	ENSRNOG00000027628
ENSG00000170293	CMTM8	ENSMUSG00000041012	ENSRNOG00000011201
ENSG00000170296	GABARAP	ENSMUSG00000018567	ENSRNOG00000062718
ENSG00000170310	STX8	ENSMUSG00000020903	ENSRNOG00000003849
ENSG00000170312	CDK1	ENSMUSG00000019942	ENSRNOG00000000632
ENSG00000170315	UBB	ENSMUSG00000019505	ENSRNOG00000066088
ENSG00000170322	NFRKB	ENSMUSG00000042185	ENSRNOG00000008278
ENSG00000170323	FABP4	ENSMUSG00000062515	ENSRNOG00000010805
ENSG00000170324	FRMPD2	ENSMUSG00000108841	ENSRNOG00000029131
ENSG00000170325	PRDM10	ENSMUSG00000042496	ENSRNOG00000007853
ENSG00000170340	B3GNT2	ENSMUSG00000051650	ENSRNOG00000009267
ENSG00000170345	FOS	ENSMUSG00000021250	ENSRNOG00000008015
ENSG00000170348	TMED10	ENSMUSG00000021248	ENSRNOG00000007901
ENSG00000170365	SMAD1	ENSMUSG00000031681	ENSRNOG00000018483
ENSG00000170370	EMX2	ENSMUSG00000043969	ENSRNOG00000009482
ENSG00000170374	SP7	ENSMUSG00000060284	ENSRNOG00000014082
ENSG00000170381	SEMA3E	ENSMUSG00000063531	ENSRNOG00000006631
ENSG00000170382	LRRN2	ENSMUSG00000026443	ENSRNOG00000009691
ENSG00000170385	SLC30A1	ENSMUSG00000037434	ENSRNOG00000004749
ENSG00000170390	DCLK2	ENSMUSG00000028078	ENSRNOG00000016550
ENSG00000170396	ZNF804A	ENSMUSG00000070866	ENSRNOG00000038004
ENSG00000170412	GPRC5C	ENSMUSG00000051043	ENSRNOG00000003144
ENSG00000170417	TMEM182	ENSMUSG00000079588	ENSRNOG00000028945
ENSG00000170419	VSTM2A	ENSMUSG00000048834	ENSRNOG00000005180
ENSG00000170423	KRT78	ENSMUSG00000050463	ENSRNOG00000059790
ENSG00000170425	ADORA2B	ENSMUSG00000018500	ENSRNOG00000002922
ENSG00000170426	SDR9C7	ENSMUSG00000040127	ENSRNOG00000086854
ENSG00000170430	MGMT	ENSMUSG00000054612	ENSRNOG00000016038
ENSG00000170439	TMT1B	ENSMUSG00000025347	ENSRNOG00000007927
ENSG00000170448	NFXL1	ENSMUSG00000072889	ENSRNOG00000058588
ENSG00000170454	KRT75	ENSMUSG00000022986	ENSRNOG00000043203
ENSG00000170456	DENND5B	ENSMUSG00000030313	ENSRNOG00000049378
ENSG00000170458	CD14	ENSMUSG00000051439	ENSRNOG00000017819
ENSG00000170464	DNAJC18	ENSMUSG00000024350	ENSRNOG00000019995
ENSG00000170468	RIOX1	ENSMUSG00000046791	ENSRNOG00000010126
ENSG00000170469	SPATA24	ENSMUSG00000024352	ENSRNOG00000019976
ENSG00000170471	RALGAPB	ENSMUSG00000027652	ENSRNOG00000014836
ENSG00000170476	MZB1	ENSMUSG00000024353	ENSRNOG00000022009
ENSG00000170477	KRT4	ENSMUSG00000059668	ENSRNOG00000032332
ENSG00000170482	SLC23A1	ENSMUSG00000024354	ENSRNOG00000061695
ENSG00000170485	NPAS2	ENSMUSG00000026077	ENSRNOG00000013408
ENSG00000170486	KRT72	ENSMUSG00000056605	ENSRNOG00000030876
ENSG00000170498	KISS1	ENSMUSG00000115958	ENSRNOG00000047481
ENSG00000170500	LONRF2	ENSMUSG00000048814	ENSRNOG00000023312
ENSG00000170502	NUDT9	ENSMUSG00000029310	ENSRNOG00000002186
ENSG00000170509	HSD17B13	ENSMUSG00000034528	ENSRNOG00000002212
ENSG00000170515	PA2G4	ENSMUSG00000025364	ENSRNOG00000004904
ENSG00000170516	COX7B2	ENSMUSG00000049387	ENSRNOG00000057953
ENSG00000170522	ELOVL6	ENSMUSG00000041220	ENSRNOG00000048949
ENSG00000170525	PFKFB3	ENSMUSG00000026773	ENSRNOG00000018911
ENSG00000170537	TMC7	ENSMUSG00000042246	ENSRNOG00000016679
ENSG00000170540	ARL6IP1	ENSMUSG00000030654	ENSRNOG00000017751
ENSG00000170545	SMAGP	ENSMUSG00000053559	ENSRNOG00000062981
ENSG00000170549	IRX1	ENSMUSG00000060969	ENSRNOG00000033609
ENSG00000170558	CDH2	ENSMUSG00000024304	ENSRNOG00000015602
ENSG00000170561	IRX2	ENSMUSG00000001504	ENSRNOG00000012742
ENSG00000170571	EMB	ENSMUSG00000021728	ENSRNOG00000060329
ENSG00000170577	SIX2	ENSMUSG00000024134	ENSRNOG00000085124
ENSG00000170579	DLGAP1	ENSMUSG00000003279	ENSRNOG00000016196
ENSG00000170581	STAT2	ENSMUSG00000040033	ENSRNOG00000031081
ENSG00000170584	NUDCD2	ENSMUSG00000020328	ENSRNOG00000060914
ENSG00000170604	IRF2BP1	ENSMUSG00000044030	ENSRNOG00000014252
ENSG00000170606	HSPA4	ENSMUSG00000020361	ENSRNOG00000016596
ENSG00000170608	FOXA3	ENSMUSG00000040891	ENSRNOG00000014256
ENSG00000170613	GARIN3	ENSMUSG00000020401	ENSRNOG00000021425
ENSG00000170615	SLC26A5	ENSMUSG00000029015	ENSRNOG00000011616
ENSG00000170619	COMMD5	ENSMUSG00000055041	ENSRNOG00000004484
ENSG00000170624	SGCD	ENSMUSG00000020354	ENSRNOG00000002372
ENSG00000170627	GTSF1	ENSMUSG00000022487	ENSRNOG00000036831
ENSG00000170632	ARMC10	ENSMUSG00000038525	ENSRNOG00000012785
ENSG00000170633	RNF34	ENSMUSG00000029474	ENSRNOG00000001331
ENSG00000170634	ACYP2	ENSMUSG00000060923	ENSRNOG00000042419
ENSG00000170638	TRABD	ENSMUSG00000015363	ENSRNOG00000029095
ENSG00000170653	ATF7	ENSMUSG00000099083	ENSRNOG00000015269
ENSG00000170677	SOCS6	ENSMUSG00000056153	ENSRNOG00000038212
ENSG00000170681	CAVIN4	ENSMUSG00000028348	ENSRNOG00000008027
ENSG00000170684	ZNF296	ENSMUSG00000011267	ENSRNOG00000049605
ENSG00000170689	HOXB9	ENSMUSG00000020875	ENSRNOG00000007573
ENSG00000170703	TTLL6	ENSMUSG00000038756	ENSRNOG00000004939
ENSG00000170734	POLH	ENSMUSG00000023953	ENSRNOG00000019195
ENSG00000170743	SYT9	ENSMUSG00000062542	ENSRNOG00000019613
ENSG00000170745	KCNS3	ENSMUSG00000043673	ENSRNOG00000004899
ENSG00000170759	KIF5B	ENSMUSG00000006740	ENSRNOG00000017466
ENSG00000170775	GPR37	ENSMUSG00000039904	ENSRNOG00000002524
ENSG00000170776	AKAP13	ENSMUSG00000066406	ENSRNOG00000010964
ENSG00000170777	TPD52L3	ENSMUSG00000024815	ENSRNOG00000042441
ENSG00000170779	CDCA4	ENSMUSG00000047832	ENSRNOG00000013898
ENSG00000170782	OR10A4	ENSMUSG00000073897	ENSRNOG00000077023
ENSG00000170786	SDR16C5	ENSMUSG00000028236	ENSRNOG00000008871
ENSG00000170788	DYDC1	ENSMUSG00000021790	ENSRNOG00000011165
ENSG00000170791	CHCHD7	ENSMUSG00000042198	ENSRNOG00000031769
ENSG00000170801	HTRA3	ENSMUSG00000029096	ENSRNOG00000008182
ENSG00000170802	FOXN2	ENSMUSG00000034998	ENSRNOG00000040110
ENSG00000170807	LMOD2	ENSMUSG00000029683	ENSRNOG00000045831
ENSG00000170819	BFSP2	ENSMUSG00000032556	ENSRNOG00000010899
ENSG00000170820	FSHR	ENSMUSG00000032937	ENSRNOG00000016783
ENSG00000170835	CEL	ENSMUSG00000026818	ENSRNOG00000010406
ENSG00000170836	PPM1D	ENSMUSG00000020525	ENSRNOG00000003329
ENSG00000170837	GPR27	ENSMUSG00000072875	ENSRNOG00000010880
ENSG00000170852	KBTBD2	ENSMUSG00000059486	ENSRNOG00000013809
ENSG00000170854	RIOX2	ENSMUSG00000022724	ENSRNOG00000001680
ENSG00000170855	TRIAP1	ENSMUSG00000029535	ENSRNOG00000001160
ENSG00000170860	LSM3	ENSMUSG00000034192	ENSRNOG00000008733
ENSG00000170871	KIAA0232	ENSMUSG00000029190	ENSRNOG00000027623
ENSG00000170873	MTSS1	ENSMUSG00000022353	ENSRNOG00000009001
ENSG00000170876	TMEM43	ENSMUSG00000030095	ENSRNOG00000007519
ENSG00000170881	RNF139	ENSMUSG00000037075	ENSRNOG00000008987
ENSG00000170889	RPS9	ENSMUSG00000006333	ENSRNOG00000058909
ENSG00000170890	PLA2G1B	ENSMUSG00000029522	ENSRNOG00000001153
ENSG00000170891	CYTL1	ENSMUSG00000062329	ENSRNOG00000028108
ENSG00000170892	TSEN34	ENSMUSG00000035585	ENSRNOG00000059572
ENSG00000170893	TRH	ENSMUSG00000005892	ENSRNOG00000011824
ENSG00000170903	MSANTD4	ENSMUSG00000041124	ENSRNOG00000022245
ENSG00000170909	OSCAR	ENSMUSG00000054594	ENSRNOG00000055716
ENSG00000170915	PAQR8	ENSMUSG00000025931	ENSRNOG00000067120
ENSG00000170917	NUDT6	ENSMUSG00000050174	ENSRNOG00000017420
ENSG00000170921	TANC2	ENSMUSG00000053580	ENSRNOG00000052840
ENSG00000170927	PKHD1	ENSMUSG00000043760	ENSRNOG00000058742
ENSG00000170929	OR1M1	ENSMUSG00000054141	ENSRNOG00000006428
ENSG00000170946	DNAJC24	ENSMUSG00000027166	ENSRNOG00000004842
ENSG00000170948	MBD3L1	ENSMUSG00000038691	ENSRNOG00000006363
ENSG00000170950	PGK2	ENSMUSG00000031233	ENSRNOG00000013600
ENSG00000170955	CAVIN3	ENSMUSG00000037060	ENSRNOG00000017914
ENSG00000170961	HAS2	ENSMUSG00000022367	ENSRNOG00000004854
ENSG00000170962	PDGFD	ENSMUSG00000032006	ENSRNOG00000029148
ENSG00000170965	PLAC1	ENSMUSG00000061082	ENSRNOG00000002379
ENSG00000170967	DDI1	ENSMUSG00000047619	ENSRNOG00000022081
ENSG00000170989	S1PR1	ENSMUSG00000045092	ENSRNOG00000013683
ENSG00000171004	HS6ST2	ENSMUSG00000062184	ENSRNOG00000030880
ENSG00000171014	OR4D5	ENSMUSG00000045812	ENSRNOG00000059611
ENSG00000171016	PYGO1	ENSMUSG00000034910	ENSRNOG00000066086
ENSG00000171017	LRRC8E	ENSMUSG00000046589	ENSRNOG00000028460
ENSG00000171033	PKIA	ENSMUSG00000027499	ENSRNOG00000012095
ENSG00000171044	XKR6	ENSMUSG00000035067	ENSRNOG00000011634
ENSG00000171051	FPR1	ENSMUSG00000045551	ENSRNOG00000011174
ENSG00000171053	PATE1	ENSMUSG00000091215	ENSRNOG00000049600
ENSG00000171055	FEZ2	ENSMUSG00000056121	ENSRNOG00000004577
ENSG00000171056	SOX7	ENSMUSG00000063060	ENSRNOG00000012049
ENSG00000171060	C8orf74	ENSMUSG00000021961	ENSRNOG00000012402
ENSG00000171067	C11orf24	ENSMUSG00000035372	ENSRNOG00000025245
ENSG00000171094	ALK	ENSMUSG00000055471	ENSRNOG00000008683
ENSG00000171097	KYAT1	ENSMUSG00000039648	ENSRNOG00000016097
ENSG00000171100	MTM1	ENSMUSG00000031337	ENSRNOG00000002516
ENSG00000171105	INSR	ENSMUSG00000005534	ENSRNOG00000029986
ENSG00000171109	MFN1	ENSMUSG00000027668	ENSRNOG00000011057
ENSG00000171115	GIMAP8	ENSMUSG00000064262	ENSRNOG00000020169
ENSG00000171119	NRTN	ENSMUSG00000039481	ENSRNOG00000048651
ENSG00000171121	KCNMB3	ENSMUSG00000091091	ENSRNOG00000027836
ENSG00000171126	KCNG3	ENSMUSG00000045053	ENSRNOG00000004535
ENSG00000171130	ATP6V0E2	ENSMUSG00000039347	ENSRNOG00000008218
ENSG00000171132	PRKCE	ENSMUSG00000045038	ENSRNOG00000015603
ENSG00000171133	OR2K2	ENSMUSG00000043385	ENSRNOG00000089249
ENSG00000171135	JAGN1	ENSMUSG00000051256	ENSRNOG00000009175
ENSG00000171136	RLN3	ENSMUSG00000045232	ENSRNOG00000005911
ENSG00000171148	TADA3	ENSMUSG00000048930	ENSRNOG00000008597
ENSG00000171150	SOCS5	ENSMUSG00000037104	ENSRNOG00000028504
ENSG00000171160	MORN4	ENSMUSG00000049670	ENSRNOG00000027156
ENSG00000171161	ZNF672	ENSMUSG00000049755	ENSRNOG00000002713
ENSG00000171163	ZNF692	ENSMUSG00000037243	ENSRNOG00000002682
ENSG00000171169	NAIF1	ENSMUSG00000039164	ENSRNOG00000050204
ENSG00000171174	RBKS	ENSMUSG00000029136	ENSRNOG00000004710
ENSG00000171189	GRIK1	ENSMUSG00000022935	ENSRNOG00000001575
ENSG00000171202	TMEM126A	ENSMUSG00000030615	ENSRNOG00000022748
ENSG00000171204	TMEM126B	ENSMUSG00000030614	ENSRNOG00000022732
ENSG00000171206	TRIM8	ENSMUSG00000025034	ENSRNOG00000019968
ENSG00000171208	NETO2	ENSMUSG00000036902	ENSRNOG00000016245
ENSG00000171209	CSN3	ENSMUSG00000001622	ENSRNOG00000001951
ENSG00000171217	CLDN20	ENSMUSG00000091530	ENSRNOG00000073115
ENSG00000171219	CDC42BPG	ENSMUSG00000024769	ENSRNOG00000027456
ENSG00000171222	SCAND1	ENSMUSG00000046229	ENSRNOG00000019987
ENSG00000171223	JUNB	ENSMUSG00000052837	ENSRNOG00000065682
ENSG00000171227	TMEM37	ENSMUSG00000050777	ENSRNOG00000047714
ENSG00000171236	LRG1	ENSMUSG00000037095	ENSRNOG00000049918
ENSG00000171241	SHCBP1	ENSMUSG00000022322	ENSRNOG00000053026
ENSG00000171243	SOSTDC1	ENSMUSG00000036169	ENSRNOG00000005770
ENSG00000171246	NPTX1	ENSMUSG00000025582	ENSRNOG00000003741
ENSG00000171298	GAA	ENSMUSG00000025579	ENSRNOG00000047656
ENSG00000171302	CANT1	ENSMUSG00000025575	ENSRNOG00000003239
ENSG00000171303	KCNK3	ENSMUSG00000049265	ENSRNOG00000009790
ENSG00000171307	ZDHHC16	ENSMUSG00000025157	ENSRNOG00000046530
ENSG00000171310	CHST11	ENSMUSG00000034612	ENSRNOG00000008885
ENSG00000171311	EXOSC1	ENSMUSG00000034321	ENSRNOG00000048708
ENSG00000171314	PGAM1	ENSMUSG00000011752	ENSRNOG00000050585
ENSG00000171316	CHD7	ENSMUSG00000041235	ENSRNOG00000006689
ENSG00000171345	KRT19	ENSMUSG00000020911	ENSRNOG00000071326
ENSG00000171346	KRT15	ENSMUSG00000054146	ENSRNOG00000071325
ENSG00000171357	LURAP1	ENSMUSG00000028701	ENSRNOG00000085055
ENSG00000171365	CLCN5	ENSMUSG00000004317	ENSRNOG00000002862
ENSG00000171368	TPPP	ENSMUSG00000021573	ENSRNOG00000028261
ENSG00000171385	KCND3	ENSMUSG00000040896	ENSRNOG00000014686
ENSG00000171388	APLN	ENSMUSG00000037010	ENSRNOG00000003984
ENSG00000171403	KRT9	ENSMUSG00000051617	ENSRNOG00000014370
ENSG00000171408	PDE7B	ENSMUSG00000019990	ENSRNOG00000013436
ENSG00000171421	MRPL36	ENSMUSG00000021607	ENSRNOG00000023407
ENSG00000171431	KRT20	ENSMUSG00000035775	ENSRNOG00000027139
ENSG00000171433	GLOD5	ENSMUSG00000031163	ENSRNOG00000039571
ENSG00000171435	KSR2	ENSMUSG00000061578	ENSRNOG00000028630
ENSG00000171443	ZNF524	ENSMUSG00000051184	ENSRNOG00000016565
ENSG00000171444	MCC	ENSMUSG00000071856	ENSRNOG00000011271
ENSG00000171446	KRT27	ENSMUSG00000017588	ENSRNOG00000011628
ENSG00000171448	ZBTB26	ENSMUSG00000050714	ENSRNOG00000009346
ENSG00000171450	CDK5R2	ENSMUSG00000090071	ENSRNOG00000037793
ENSG00000171451	DSEL	ENSMUSG00000038702	ENSRNOG00000032307
ENSG00000171453	POLR1C	ENSMUSG00000067148	ENSRNOG00000019079
ENSG00000171456	ASXL1	ENSMUSG00000042548	ENSRNOG00000061603
ENSG00000171462	DLK2	ENSMUSG00000047428	ENSRNOG00000018949
ENSG00000171467	ZNF318	ENSMUSG00000015597	ENSRNOG00000018741
ENSG00000171475	WIPF2	ENSMUSG00000038013	ENSRNOG00000027849
ENSG00000171476	HOPX	ENSMUSG00000059325	ENSRNOG00000024689
ENSG00000171487	NLRP5	ENSMUSG00000015721	ENSRNOG00000022994
ENSG00000171488	LRRC8C	ENSMUSG00000054720	ENSRNOG00000065000
ENSG00000171490	RSL1D1	ENSMUSG00000005846	ENSRNOG00000069630
ENSG00000171492	LRRC8D	ENSMUSG00000046079	ENSRNOG00000002121
ENSG00000171495	MROH2B	ENSMUSG00000022155	ENSRNOG00000042327
ENSG00000171501	OR1N2	ENSMUSG00000055088	ENSRNOG00000007954
ENSG00000171503	ETFDH	ENSMUSG00000027809	ENSRNOG00000009538
ENSG00000171509	RXFP1	ENSMUSG00000034009	ENSRNOG00000024120
ENSG00000171517	LPAR3	ENSMUSG00000036832	ENSRNOG00000064204
ENSG00000171522	PTGER4	ENSMUSG00000039942	ENSRNOG00000013240
ENSG00000171530	TBCA	ENSMUSG00000042043	ENSRNOG00000048342
ENSG00000171532	NEUROD2	ENSMUSG00000038255	ENSRNOG00000028417
ENSG00000171533	MAP6	ENSMUSG00000055407	ENSRNOG00000027204
ENSG00000171540	OTP	ENSMUSG00000021685	ENSRNOG00000010560
ENSG00000171551	ECEL1	ENSMUSG00000026247	ENSRNOG00000019447
ENSG00000171552	BCL2L1	ENSMUSG00000007659	ENSRNOG00000018503
ENSG00000171557	FGG	ENSMUSG00000033860	ENSRNOG00000025074
ENSG00000171561	OR2AT4	ENSMUSG00000073998	ENSRNOG00000030788
ENSG00000171564	FGB	ENSMUSG00000033831	ENSRNOG00000007092
ENSG00000171566	PLRG1	ENSMUSG00000027998	ENSRNOG00000006655
ENSG00000171587	DSCAM	ENSMUSG00000050272	ENSRNOG00000027992
ENSG00000171595	DNAI2	ENSMUSG00000034706	ENSRNOG00000024523
ENSG00000171596	NMUR1	ENSMUSG00000026237	ENSRNOG00000018521
ENSG00000171603	CLSTN1	ENSMUSG00000039953	ENSRNOG00000016398
ENSG00000171608	PIK3CD	ENSMUSG00000039936	ENSRNOG00000016846
ENSG00000171611	PTCRA	ENSMUSG00000036858	ENSRNOG00000042581
ENSG00000171612	SLC25A33	ENSMUSG00000028982	ENSRNOG00000016949
ENSG00000171617	ENC1	ENSMUSG00000041773	ENSRNOG00000016541
ENSG00000171621	SPSB1	ENSMUSG00000039911	ENSRNOG00000017212
ENSG00000171631	P2RY6	ENSMUSG00000048779	ENSRNOG00000019270
ENSG00000171634	BPTF	ENSMUSG00000040481	ENSRNOG00000047296
ENSG00000171643	S100Z	ENSMUSG00000021679	ENSRNOG00000078837
ENSG00000171649	ZIK1	ENSMUSG00000030393	ENSRNOG00000046455
ENSG00000171657	GPR82	ENSMUSG00000047678	ENSRNOG00000039762
ENSG00000171659	GPR34	ENSMUSG00000040229	ENSRNOG00000039759
ENSG00000171680	PLEKHG5	ENSMUSG00000039713	ENSRNOG00000022694
ENSG00000171681	ATF7IP	ENSMUSG00000030213	ENSRNOG00000008870
ENSG00000171695	LKAAEAR1	ENSMUSG00000045794	ENSRNOG00000024815
ENSG00000171700	RGS19	ENSMUSG00000002458	ENSRNOG00000016547
ENSG00000171703	TCEA2	ENSMUSG00000059540	ENSRNOG00000016288
ENSG00000171714	ANO5	ENSMUSG00000055489	ENSRNOG00000015972
ENSG00000171720	HDAC3	ENSMUSG00000024454	ENSRNOG00000019618
ENSG00000171722	SPATA46	ENSMUSG00000042800	ENSRNOG00000002972
ENSG00000171723	GPHN	ENSMUSG00000047454	ENSRNOG00000064630
ENSG00000171724	VAT1L	ENSMUSG00000046844	ENSRNOG00000011989
ENSG00000171729	TMEM51	ENSMUSG00000040616	ENSRNOG00000014197
ENSG00000171735	CAMTA1	ENSMUSG00000014592	ENSRNOG00000018602
ENSG00000171747	LGALS4	ENSMUSG00000053964	ENSRNOG00000020338
ENSG00000171757	LRRC34	ENSMUSG00000027702	ENSRNOG00000027935
ENSG00000171759	PAH	ENSMUSG00000020051	ENSRNOG00000004302
ENSG00000171763	AFG2B	ENSMUSG00000118663	ENSRNOG00000000169
ENSG00000171766	GATM	ENSMUSG00000027199	ENSRNOG00000000168
ENSG00000171772	SYCE1	ENSMUSG00000025480	ENSRNOG00000024073
ENSG00000171773	NXNL1	ENSMUSG00000034829	ENSRNOG00000042658
ENSG00000171777	RASGRP4	ENSMUSG00000030589	ENSRNOG00000033744
ENSG00000171786	NHLH1	ENSMUSG00000051251	ENSRNOG00000005166
ENSG00000171790	SLFNL1	ENSMUSG00000047518	ENSRNOG00000032183
ENSG00000171791	BCL2	ENSMUSG00000057329	ENSRNOG00000077679
ENSG00000171793	CTPS1	ENSMUSG00000028633	ENSRNOG00000009963
ENSG00000171798	KNDC1	ENSMUSG00000066129	ENSRNOG00000027240
ENSG00000171806	METTL18	ENSMUSG00000041396	ENSRNOG00000025189
ENSG00000171811	CFAP46	ENSMUSG00000049571	ENSRNOG00000027374
ENSG00000171812	COL8A2	ENSMUSG00000056174	ENSRNOG00000010841
ENSG00000171813	PWWP2B	ENSMUSG00000060260	ENSRNOG00000036649
ENSG00000171815	PCDHB1	ENSMUSG00000051663	ENSRNOG00000020103
ENSG00000171819	ANGPTL7	ENSMUSG00000028989	ENSRNOG00000009589
ENSG00000171823	FBXL14	ENSMUSG00000030019	ENSRNOG00000070828
ENSG00000171824	EXOSC10	ENSMUSG00000017264	ENSRNOG00000010719
ENSG00000171827	ZNF570	ENSMUSG00000037001	ENSRNOG00000014712
ENSG00000171840	NINJ2	ENSMUSG00000041377	ENSRNOG00000010282
ENSG00000171843	MLLT3	ENSMUSG00000028496	ENSRNOG00000011280
ENSG00000171853	TRAPPC12	ENSMUSG00000020628	ENSRNOG00000009039
ENSG00000171855	IFNB1	ENSMUSG00000048806	ENSRNOG00000006268
ENSG00000171860	C3AR1	ENSMUSG00000040552	ENSRNOG00000009211
ENSG00000171861	MRM3	ENSMUSG00000038046	ENSRNOG00000037238
ENSG00000171864	PRND	ENSMUSG00000027338	ENSRNOG00000021260
ENSG00000171865	RNASEH1	ENSMUSG00000020630	ENSRNOG00000008584
ENSG00000171867	PRNP	ENSMUSG00000079037	ENSRNOG00000021259
ENSG00000171872	KLF17	ENSMUSG00000048626	ENSRNOG00000019479
ENSG00000171873	ADRA1D	ENSMUSG00000027335	ENSRNOG00000021256
ENSG00000171877	FRMD5	ENSMUSG00000027238	ENSRNOG00000016189
ENSG00000171885	AQP4	ENSMUSG00000024411	ENSRNOG00000016043
ENSG00000171914	TLN2	ENSMUSG00000052698	ENSRNOG00000018373
ENSG00000171940	ZNF217	ENSMUSG00000052056	ENSRNOG00000021787
ENSG00000171951	SCG2	ENSMUSG00000050711	ENSRNOG00000015055
ENSG00000171953	ATPAF2	ENSMUSG00000042709	ENSRNOG00000003719
ENSG00000171954	CYP4F22	ENSMUSG00000061126	ENSRNOG00000075541
ENSG00000171956	FOXB1	ENSMUSG00000059246	ENSRNOG00000089953
ENSG00000171962	DRC3	ENSMUSG00000056598	ENSRNOG00000021303
ENSG00000171984	SHLD1	ENSMUSG00000044991	ENSRNOG00000021268
ENSG00000171988	JMJD1C	ENSMUSG00000037876	ENSRNOG00000000648
ENSG00000171989	LDHAL6B	ENSMUSG00000101959	ENSRNOG00000062741
ENSG00000171992	SYNPO	ENSMUSG00000043079	ENSRNOG00000019181
ENSG00000172005	MAL	ENSMUSG00000027375	ENSRNOG00000015445
ENSG00000172007	RAB33B	ENSMUSG00000027739	ENSRNOG00000013035
ENSG00000172009	THOP1	ENSMUSG00000004929	ENSRNOG00000019924
ENSG00000172020	GAP43	ENSMUSG00000047261	ENSRNOG00000001528
ENSG00000172031	EPHX4	ENSMUSG00000033805	ENSRNOG00000023389
ENSG00000172037	LAMB2	ENSMUSG00000052911	ENSRNOG00000047768
ENSG00000172046	USP19	ENSMUSG00000006676	ENSRNOG00000049531
ENSG00000172053	QARS1	ENSMUSG00000032604	ENSRNOG00000060912
ENSG00000172057	ORMDL3	ENSMUSG00000038150	ENSRNOG00000030445
ENSG00000172058	SERF1A	ENSMUSG00000021643	ENSRNOG00000017945
ENSG00000172059	KLF11	ENSMUSG00000020653	ENSRNOG00000054259
ENSG00000172061	LRRC15	ENSMUSG00000052316	ENSRNOG00000068415
ENSG00000172071	EIF2AK3	ENSMUSG00000031668	ENSRNOG00000006069
ENSG00000172073	SPMIP9	ENSMUSG00000051896	ENSRNOG00000006476
ENSG00000172081	MOB3A	ENSMUSG00000003348	ENSRNOG00000018971
ENSG00000172086	KRCC1	ENSMUSG00000053012	ENSRNOG00000007124
ENSG00000172113	NME6	ENSMUSG00000032478	ENSRNOG00000020721
ENSG00000172137	CALB2	ENSMUSG00000003657	ENSRNOG00000016977
ENSG00000172139	SLC9C1	ENSMUSG00000033210	ENSRNOG00000022007
ENSG00000172154	OR8I2	ENSMUSG00000075166	ENSRNOG00000068653
ENSG00000172156	CCL11	ENSMUSG00000020676	ENSRNOG00000007335
ENSG00000172159	FRMD3	ENSMUSG00000049122	ENSRNOG00000006503
ENSG00000172164	SNTB1	ENSMUSG00000060429	ENSRNOG00000004821
ENSG00000172167	MTBP	ENSMUSG00000022369	ENSRNOG00000004412
ENSG00000172171	TEFM	ENSMUSG00000046909	ENSRNOG00000004000
ENSG00000172172	MRPL13	ENSMUSG00000022370	ENSRNOG00000004401
ENSG00000172175	MALT1	ENSMUSG00000032688	ENSRNOG00000017181
ENSG00000172183	ISG20	ENSMUSG00000039236	ENSRNOG00000054561
ENSG00000172197	MBOAT1	ENSMUSG00000038732	ENSRNOG00000027125
ENSG00000172199	OR8U1	ENSMUSG00000075200	ENSRNOG00000049721
ENSG00000172201	ID4	ENSMUSG00000021379	ENSRNOG00000016099
ENSG00000172209	GPR22	ENSMUSG00000044067	ENSRNOG00000008423
ENSG00000172215	CXCR6	ENSMUSG00000048521	ENSRNOG00000089617
ENSG00000172216	CEBPB	ENSMUSG00000056501	ENSRNOG00000078148
ENSG00000172238	ATOH1	ENSMUSG00000073043	ENSRNOG00000006383
ENSG00000172239	PAIP1	ENSMUSG00000025451	ENSRNOG00000058580
ENSG00000172243	CLEC7A	ENSMUSG00000079293	ENSRNOG00000054251
ENSG00000172244	C5orf34	ENSMUSG00000062822	ENSRNOG00000017581
ENSG00000172247	C1QTNF4	ENSMUSG00000040794	ENSRNOG00000081381
ENSG00000172260	NEGR1	ENSMUSG00000040037	ENSRNOG00000021410
ENSG00000172262	ZNF131	ENSMUSG00000094870	ENSRNOG00000015925
ENSG00000172264	MACROD2	ENSMUSG00000068205	ENSRNOG00000050784
ENSG00000172269	DPAGT1	ENSMUSG00000032123	ENSRNOG00000009799
ENSG00000172270	BSG	ENSMUSG00000023175	ENSRNOG00000008414
ENSG00000172273	HINFP	ENSMUSG00000032119	ENSRNOG00000009499
ENSG00000172289	OR10V1	ENSMUSG00000060878	ENSRNOG00000021050
ENSG00000172292	CERS6	ENSMUSG00000027035	ENSRNOG00000024595
ENSG00000172296	SPTLC3	ENSMUSG00000039092	ENSRNOG00000004443
ENSG00000172301	COPRS	ENSMUSG00000031458	ENSRNOG00000000111
ENSG00000172318	B3GALT1	ENSMUSG00000034780	ENSRNOG00000007625
ENSG00000172320	OR5A1	ENSMUSG00000067522	ENSRNOG00000079882
ENSG00000172322	CLEC12A	ENSMUSG00000053063	ENSRNOG00000054860
ENSG00000172324	OR5A2	ENSMUSG00000109328	ENSRNOG00000024746
ENSG00000172331	BPGM	ENSMUSG00000038871	ENSRNOG00000010133
ENSG00000172336	POP7	ENSMUSG00000029715	ENSRNOG00000025310
ENSG00000172339	ALG14	ENSMUSG00000039887	ENSRNOG00000011528
ENSG00000172340	SUCLG2	ENSMUSG00000061838	ENSRNOG00000005686
ENSG00000172345	STARD5	ENSMUSG00000046027	ENSRNOG00000025052
ENSG00000172346	CSDC2	ENSMUSG00000042109	ENSRNOG00000005332
ENSG00000172348	RCAN2	ENSMUSG00000039601	ENSRNOG00000010350
ENSG00000172349	IL16	ENSMUSG00000001741	ENSRNOG00000011680
ENSG00000172350	ABCG4	ENSMUSG00000032131	ENSRNOG00000008862
ENSG00000172354	GNB2	ENSMUSG00000029713	ENSRNOG00000001409
ENSG00000172365	OR5B2	ENSMUSG00000046913	ENSRNOG00000087903
ENSG00000172366	MCRIP2	ENSMUSG00000025732	ENSRNOG00000020029
ENSG00000172367	NHERF4	ENSMUSG00000032105	ENSRNOG00000008526
ENSG00000172375	C2CD2L	ENSMUSG00000032120	ENSRNOG00000009719
ENSG00000172379	ARNT2	ENSMUSG00000015709	ENSRNOG00000013017
ENSG00000172380	GNG12	ENSMUSG00000036402	ENSRNOG00000050231
ENSG00000172382	PRSS27	ENSMUSG00000050762	ENSRNOG00000005336
ENSG00000172399	MYOZ2	ENSMUSG00000028116	ENSRNOG00000014815
ENSG00000172403	SYNPO2	ENSMUSG00000050315	ENSRNOG00000014867
ENSG00000172404	DNAJB7	ENSMUSG00000047108	ENSRNOG00000019187
ENSG00000172409	CLP1	ENSMUSG00000027079	ENSRNOG00000007416
ENSG00000172425	TTC36	ENSMUSG00000039438	ENSRNOG00000075307
ENSG00000172426	RSPH9	ENSMUSG00000023966	ENSRNOG00000019474
ENSG00000172432	GTPBP2	ENSMUSG00000023952	ENSRNOG00000019332
ENSG00000172456	FGGY	ENSMUSG00000028573	ENSRNOG00000008907
ENSG00000172457	OR9G4	ENSMUSG00000075211	ENSRNOG00000086035
ENSG00000172458	IL17D	ENSMUSG00000050222	ENSRNOG00000079865
ENSG00000172459	OR5AR1	ENSMUSG00000075208	ENSRNOG00000079508
ENSG00000172461	FUT9	ENSMUSG00000055373	ENSRNOG00000070149
ENSG00000172465	TCEAL1	ENSMUSG00000049536	ENSRNOG00000002387
ENSG00000172466	ZNF24	ENSMUSG00000051469	ENSRNOG00000075202
ENSG00000172469	MANEA	ENSMUSG00000040520	ENSRNOG00000008626
ENSG00000172478	MAB21L4	ENSMUSG00000034159	ENSRNOG00000023557
ENSG00000172482	AGXT	ENSMUSG00000026272	ENSRNOG00000023856
ENSG00000172493	AFF1	ENSMUSG00000029313	ENSRNOG00000002232
ENSG00000172497	ACOT12	ENSMUSG00000021620	ENSRNOG00000061414
ENSG00000172500	FIBP	ENSMUSG00000024911	ENSRNOG00000020567
ENSG00000172508	CARNS1	ENSMUSG00000075289	ENSRNOG00000018603
ENSG00000172530	BANP	ENSMUSG00000025316	ENSRNOG00000019140
ENSG00000172531	PPP1CA	ENSMUSG00000040385	ENSRNOG00000018708
ENSG00000172534	HCFC1	ENSMUSG00000031386	ENSRNOG00000051948
ENSG00000172538	FAM170B	ENSMUSG00000078127	ENSRNOG00000020077
ENSG00000172543	CTSW	ENSMUSG00000024910	ENSRNOG00000027096
ENSG00000172548	NIPAL4	ENSMUSG00000020411	ENSRNOG00000006255
ENSG00000172554	SNTG2	ENSMUSG00000020672	ENSRNOG00000004928
ENSG00000172568	FNDC9	ENSMUSG00000048721	ENSRNOG00000073535
ENSG00000172572	PDE3A	ENSMUSG00000041741	ENSRNOG00000025042
ENSG00000172575	RASGRP1	ENSMUSG00000027347	ENSRNOG00000005404
ENSG00000172578	KLHL6	ENSMUSG00000043008	ENSRNOG00000001908
ENSG00000172586	CHCHD1	ENSMUSG00000063787	ENSRNOG00000009297
ENSG00000172590	MRPL52	ENSMUSG00000010406	ENSRNOG00000039297
ENSG00000172594	SMPDL3A	ENSMUSG00000019872	ENSRNOG00000066945
ENSG00000172602	RND1	ENSMUSG00000054855	ENSRNOG00000059857
ENSG00000172613	RAD9A	ENSMUSG00000024824	ENSRNOG00000018729
ENSG00000172638	EFEMP2	ENSMUSG00000024909	ENSRNOG00000020587
ENSG00000172663	TMEM134	ENSMUSG00000024845	ENSRNOG00000022153
ENSG00000172667	ZMAT3	ENSMUSG00000027663	ENSRNOG00000063864
ENSG00000172671	ZFAND4	ENSMUSG00000042213	ENSRNOG00000011791
ENSG00000172673	THEMIS	ENSMUSG00000049109	ENSRNOG00000014979
ENSG00000172680	MOS	ENSMUSG00000078365	ENSRNOG00000008567
ENSG00000172689	MS4A10	ENSMUSG00000024731	ENSRNOG00000020932
ENSG00000172717	GARIN2	ENSMUSG00000056987	ENSRNOG00000028351
ENSG00000172724	CCL19	ENSMUSG00000071005	ENSRNOG00000015668
ENSG00000172725	CORO1B	ENSMUSG00000024835	ENSRNOG00000021828
ENSG00000172728	POFUT3	ENSMUSG00000046152	ENSRNOG00000050857
ENSG00000172731	LRRC20	ENSMUSG00000037151	ENSRNOG00000000560
ENSG00000172732	MUS81	ENSMUSG00000024906	ENSRNOG00000020617
ENSG00000172733	PURG	ENSMUSG00000049184	ENSRNOG00000015426
ENSG00000172738	TMEM217	ENSMUSG00000079580	ENSRNOG00000046758
ENSG00000172752	COL6A5	ENSMUSG00000091345	ENSRNOG00000010663
ENSG00000172757	CFL1	ENSMUSG00000056201	ENSRNOG00000020660
ENSG00000172765	TMCC1	ENSMUSG00000030126	ENSRNOG00000011614
ENSG00000172766	NAA16	ENSMUSG00000022020	ENSRNOG00000045863
ENSG00000172771	EFCAB12	ENSMUSG00000030321	ENSRNOG00000026176
ENSG00000172775	PSME3IP1	ENSMUSG00000031774	ENSRNOG00000017841
ENSG00000172782	FADS6	ENSMUSG00000044788	ENSRNOG00000021380
ENSG00000172789	HOXC5	ENSMUSG00000022485	ENSRNOG00000016598
ENSG00000172794	RAB37	ENSMUSG00000020732	ENSRNOG00000059793
ENSG00000172795	DCP2	ENSMUSG00000024472	ENSRNOG00000045895
ENSG00000172803	SNX32	ENSMUSG00000056185	ENSRNOG00000026527
ENSG00000172817	CYP7B1	ENSMUSG00000039519	ENSRNOG00000009730
ENSG00000172818	OVOL1	ENSMUSG00000024922	ENSRNOG00000020669
ENSG00000172819	RARG	ENSMUSG00000001288	ENSRNOG00000012499
ENSG00000172824	CES4A	ENSMUSG00000060560	ENSRNOG00000014257
ENSG00000172830	SSH3	ENSMUSG00000034616	ENSRNOG00000018878
ENSG00000172840	PDP2	ENSMUSG00000048371	ENSRNOG00000012343
ENSG00000172845	SP3	ENSMUSG00000027109	ENSRNOG00000060479
ENSG00000172867	KRT2	ENSMUSG00000064201	ENSRNOG00000009563
ENSG00000172869	DMXL1	ENSMUSG00000037416	ENSRNOG00000024671
ENSG00000172878	METAP1D	ENSMUSG00000041921	ENSRNOG00000061587
ENSG00000172889	EGFL7	ENSMUSG00000026921	ENSRNOG00000019388
ENSG00000172890	NADSYN1	ENSMUSG00000031090	ENSRNOG00000020736
ENSG00000172893	DHCR7	ENSMUSG00000058454	ENSRNOG00000020776
ENSG00000172901	LVRN	ENSMUSG00000024481	ENSRNOG00000003950
ENSG00000172915	NBEA	ENSMUSG00000027799	ENSRNOG00000065312
ENSG00000172922	RNASEH2C	ENSMUSG00000024925	ENSRNOG00000020700
ENSG00000172932	ANKRD13D	ENSMUSG00000005986	ENSRNOG00000028247
ENSG00000172935	MRGPRF	ENSMUSG00000031070	ENSRNOG00000013426
ENSG00000172936	MYD88	ENSMUSG00000032508	ENSRNOG00000013634
ENSG00000172938	MRGPRD	ENSMUSG00000051207	ENSRNOG00000013448
ENSG00000172939	OXSR1	ENSMUSG00000036737	ENSRNOG00000013136
ENSG00000172954	LCLAT1	ENSMUSG00000054469	ENSRNOG00000034026
ENSG00000172955	ADH6	ENSMUSG00000074206	ENSRNOG00000065373
ENSG00000172977	KAT5	ENSMUSG00000024926	ENSRNOG00000061012
ENSG00000172985	SH3RF3	ENSMUSG00000037990	ENSRNOG00000046791
ENSG00000172986	GXYLT2	ENSMUSG00000030074	ENSRNOG00000005621
ENSG00000172987	HPSE2	ENSMUSG00000074852	ENSRNOG00000064037
ENSG00000172992	DCAKD	ENSMUSG00000020935	ENSRNOG00000021682
ENSG00000172995	ARPP21	ENSMUSG00000032503	ENSRNOG00000008919
ENSG00000173011	TADA2B	ENSMUSG00000029196	ENSRNOG00000027326
ENSG00000173020	GRK2	ENSMUSG00000024858	ENSRNOG00000018985
ENSG00000173039	RELA	ENSMUSG00000024927	ENSRNOG00000030888
ENSG00000173040	EVC2	ENSMUSG00000050248	ENSRNOG00000007025
ENSG00000173064	HECTD4	ENSMUSG00000042744	ENSRNOG00000001352
ENSG00000173065	FAM222B	ENSMUSG00000037750	ENSRNOG00000029570
ENSG00000173068	BNC2	ENSMUSG00000028487	ENSRNOG00000006553
ENSG00000173083	HPSE	ENSMUSG00000035273	ENSRNOG00000002188
ENSG00000173085	COQ2	ENSMUSG00000029319	ENSRNOG00000002194
ENSG00000173113	TRMT112	ENSMUSG00000038812	ENSRNOG00000073020
ENSG00000173114	LRRN3	ENSMUSG00000036295	ENSRNOG00000006368
ENSG00000173120	KDM2A	ENSMUSG00000054611	ENSRNOG00000019145
ENSG00000173137	ADCK5	ENSMUSG00000022550	ENSRNOG00000030334
ENSG00000173141	MRPL57	ENSMUSG00000021967	ENSRNOG00000081514
ENSG00000173145	NOC3L	ENSMUSG00000024999	ENSRNOG00000013965
ENSG00000173153	ESRRA	ENSMUSG00000024955	ENSRNOG00000021139
ENSG00000173156	RHOD	ENSMUSG00000041845	ENSRNOG00000019220
ENSG00000173157	ADAMTS20	ENSMUSG00000022449	ENSRNOG00000033397
ENSG00000173163	COMMD1	ENSMUSG00000051355	ENSRNOG00000009281
ENSG00000173166	RAPH1	ENSMUSG00000026014	ENSRNOG00000014722
ENSG00000173171	MTX1	ENSMUSG00000064068	ENSRNOG00000042977
ENSG00000173175	ADCY5	ENSMUSG00000022840	ENSRNOG00000002229
ENSG00000173193	PARP14	ENSMUSG00000034422	ENSRNOG00000023334
ENSG00000173198	CYSLTR1	ENSMUSG00000052821	ENSRNOG00000037845
ENSG00000173208	ABCD2	ENSMUSG00000055782	ENSRNOG00000015538
ENSG00000173210	ABLIM3	ENSMUSG00000032735	ENSRNOG00000019365
ENSG00000173212	MAB21L3	ENSMUSG00000044313	ENSRNOG00000016044
ENSG00000173218	VANGL1	ENSMUSG00000027860	ENSRNOG00000016477
ENSG00000173226	IQCB1	ENSMUSG00000022837	ENSRNOG00000038868
ENSG00000173227	SYT12	ENSMUSG00000049303	ENSRNOG00000019306
ENSG00000173230	GOLGB1	ENSMUSG00000034243	ENSRNOG00000030314
ENSG00000173237	C11orf86	ENSMUSG00000042041	ENSRNOG00000036641
ENSG00000173239	LIPM	ENSMUSG00000056078	ENSRNOG00000019301
ENSG00000173250	GPR151	ENSMUSG00000042816	ENSRNOG00000027103
ENSG00000173253	DMRT2	ENSMUSG00000048138	ENSRNOG00000016301
ENSG00000173258	ZNF483	ENSMUSG00000038630	ENSRNOG00000084203
ENSG00000173261	PLAC8L1	ENSMUSG00000059455	ENSRNOG00000018820
ENSG00000173264	GPR137	ENSMUSG00000024958	ENSRNOG00000021145
ENSG00000173267	SNCG	ENSMUSG00000023064	ENSRNOG00000058006
ENSG00000173269	MMRN2	ENSMUSG00000041445	ENSRNOG00000051977
ENSG00000173273	TNKS	ENSMUSG00000031529	ENSRNOG00000011625
ENSG00000173275	ZNF449	ENSMUSG00000073176	ENSRNOG00000050562
ENSG00000173276	ZBTB21	ENSMUSG00000046962	ENSRNOG00000001623
ENSG00000173281	PPP1R3B	ENSMUSG00000046794	ENSRNOG00000011474
ENSG00000173285	OR10K1	ENSMUSG00000047286	ENSRNOG00000073756
ENSG00000173320	STOX2	ENSMUSG00000038143	ENSRNOG00000009590
ENSG00000173327	MAP3K11	ENSMUSG00000004054	ENSRNOG00000020773
ENSG00000173334	TRIB1	ENSMUSG00000032501	ENSRNOG00000004100
ENSG00000173338	KCNK7	ENSMUSG00000024936	ENSRNOG00000020784
ENSG00000173349	SFT2D3	ENSMUSG00000044982	ENSRNOG00000016216
ENSG00000173369	C1QB	ENSMUSG00000036905	ENSRNOG00000012749
ENSG00000173372	C1QA	ENSMUSG00000036887	ENSRNOG00000012807
ENSG00000173376	NDNF	ENSMUSG00000049001	ENSRNOG00000006857
ENSG00000173389	IQCF1	ENSMUSG00000066383	ENSRNOG00000037289
ENSG00000173391	OLR1	ENSMUSG00000030162	ENSRNOG00000056219
ENSG00000173402	DAG1	ENSMUSG00000039952	ENSRNOG00000019400
ENSG00000173404	INSM1	ENSMUSG00000068154	ENSRNOG00000068937
ENSG00000173406	DAB1	ENSMUSG00000028519	ENSRNOG00000007410
ENSG00000173409	ARV1	ENSMUSG00000031982	ENSRNOG00000018909
ENSG00000173418	NAA20	ENSMUSG00000002728	ENSRNOG00000010523
ENSG00000173421	IHO1	ENSMUSG00000047220	ENSRNOG00000048919
ENSG00000173436	MICOS10	ENSMUSG00000050608	ENSRNOG00000089574
ENSG00000173442	EHBP1L1	ENSMUSG00000024937	ENSRNOG00000056038
ENSG00000173451	THAP2	ENSMUSG00000020137	ENSRNOG00000080951
ENSG00000173457	PPP1R14B	ENSMUSG00000056612	ENSRNOG00000014123
ENSG00000173465	ZNRD2	ENSMUSG00000079478	ENSRNOG00000012736
ENSG00000173467	AGR3	ENSMUSG00000036231	ENSRNOG00000004994
ENSG00000173473	SMARCC1	ENSMUSG00000032481	ENSRNOG00000020804
ENSG00000173482	PTPRM	ENSMUSG00000033278	ENSRNOG00000011700
ENSG00000173486	FKBP2	ENSMUSG00000056629	ENSRNOG00000021153
ENSG00000173511	VEGFB	ENSMUSG00000024962	ENSRNOG00000021156
ENSG00000173517	PEAK1	ENSMUSG00000074305	ENSRNOG00000042519
ENSG00000173531	MST1	ENSMUSG00000032591	ENSRNOG00000019680
ENSG00000173542	MOB1B	ENSMUSG00000006262	ENSRNOG00000010996
ENSG00000173546	CSPG4	ENSMUSG00000032911	ENSRNOG00000017208
ENSG00000173548	SNX33	ENSMUSG00000032733	ENSRNOG00000017382
ENSG00000173557	CIMIP2C	ENSMUSG00000029182	ENSRNOG00000009905
ENSG00000173559	NABP1	ENSMUSG00000026107	ENSRNOG00000015416
ENSG00000173567	ADGRF3	ENSMUSG00000067642	ENSRNOG00000024766
ENSG00000173575	CHD2	ENSMUSG00000078671	ENSRNOG00000012716
ENSG00000173578	XCR1	ENSMUSG00000060509	ENSRNOG00000006620
ENSG00000173585	CCR9	ENSMUSG00000029530	ENSRNOG00000006311
ENSG00000173597	SULT1B1	ENSMUSG00000029269	ENSRNOG00000001967
ENSG00000173599	PC	ENSMUSG00000024892	ENSRNOG00000019372
ENSG00000173611	SCAI	ENSMUSG00000035236	ENSRNOG00000025278
ENSG00000173612	GPRC6A	ENSMUSG00000019905	ENSRNOG00000000401
ENSG00000173614	NMNAT1	ENSMUSG00000028992	ENSRNOG00000015962
ENSG00000173621	LRFN4	ENSMUSG00000045045	ENSRNOG00000019356
ENSG00000173626	TRAPPC3L	ENSMUSG00000071340	ENSRNOG00000031290
ENSG00000173627	APOBEC4	ENSMUSG00000055547	ENSRNOG00000028089
ENSG00000173638	SLC19A1	ENSMUSG00000001436	ENSRNOG00000001232
ENSG00000173641	HSPB7	ENSMUSG00000006221	ENSRNOG00000029079
ENSG00000173653	RCE1	ENSMUSG00000024889	ENSRNOG00000019468
ENSG00000173662	TAS1R1	ENSMUSG00000028950	ENSRNOG00000009708
ENSG00000173673	HES3	ENSMUSG00000028946	ENSRNOG00000010893
ENSG00000173681	BCLAF3	ENSMUSG00000044150	ENSRNOG00000005135
ENSG00000173692	PSMD1	ENSMUSG00000026229	ENSRNOG00000017730
ENSG00000173698	ADGRG2	ENSMUSG00000031298	ENSRNOG00000032472
ENSG00000173699	SPATA3	ENSMUSG00000026226	ENSRNOG00000017540
ENSG00000173702	MUC13	ENSMUSG00000022824	ENSRNOG00000001794
ENSG00000173705	SUSD5	ENSMUSG00000086596	ENSRNOG00000026951
ENSG00000173706	HEG1	ENSMUSG00000075254	ENSRNOG00000001793
ENSG00000173714	WFIKKN2	ENSMUSG00000044177	ENSRNOG00000002831
ENSG00000173715	TOP6BL	ENSMUSG00000071691	ENSRNOG00000026579
ENSG00000173726	TOMM20	ENSMUSG00000093904	ENSRNOG00000019980
ENSG00000173728	SPMIP3	ENSMUSG00000015962	ENSRNOG00000021411
ENSG00000173744	AGFG1	ENSMUSG00000026159	ENSRNOG00000015619
ENSG00000173757	STAT5B	ENSMUSG00000020919	ENSRNOG00000019075
ENSG00000173762	CD7	ENSMUSG00000025163	ENSRNOG00000036674
ENSG00000173769	TOPAZ1	ENSMUSG00000094985	ENSRNOG00000025601
ENSG00000173786	CNP	ENSMUSG00000006782	ENSRNOG00000017496
ENSG00000173801	JUP	ENSMUSG00000001552	ENSRNOG00000015380
ENSG00000173805	HAP1	ENSMUSG00000006930	ENSRNOG00000014819
ENSG00000173809	TDRD12	ENSMUSG00000030491	ENSRNOG00000012719
ENSG00000173818	ENDOV	ENSMUSG00000039850	ENSRNOG00000003699
ENSG00000173821	RNF213	ENSMUSG00000070327	ENSRNOG00000029658
ENSG00000173825	TIGD3	ENSMUSG00000044390	ENSRNOG00000023318
ENSG00000173826	KCNH6	ENSMUSG00000001901	ENSRNOG00000008078
ENSG00000173838	MARCHF10	ENSMUSG00000078627	ENSRNOG00000007084
ENSG00000173846	PLK3	ENSMUSG00000028680	ENSRNOG00000018484
ENSG00000173848	NET1	ENSMUSG00000021215	ENSRNOG00000017765
ENSG00000173852	DPY19L1	ENSMUSG00000043067	ENSRNOG00000026589
ENSG00000173868	PHOSPHO1	ENSMUSG00000050860	ENSRNOG00000005569
ENSG00000173875	ZNF791	ENSMUSG00000074194	ENSRNOG00000023920
ENSG00000173889	PHC3	ENSMUSG00000037652	ENSRNOG00000009491
ENSG00000173890	GPR160	ENSMUSG00000037661	ENSRNOG00000009487
ENSG00000173894	CBX2	ENSMUSG00000025577	ENSRNOG00000049215
ENSG00000173898	SPTBN2	ENSMUSG00000067889	ENSRNOG00000058842
ENSG00000173905	GOLIM4	ENSMUSG00000034109	ENSRNOG00000024213
ENSG00000173908	KRT28	ENSMUSG00000055937	ENSRNOG00000011846
ENSG00000173917	HOXB2	ENSMUSG00000075588	ENSRNOG00000008365
ENSG00000173918	C1QTNF1	ENSMUSG00000017446	ENSRNOG00000003259
ENSG00000173926	MARCHF3	ENSMUSG00000032656	ENSRNOG00000023013
ENSG00000173928	SWSAP1	ENSMUSG00000051238	ENSRNOG00000012604
ENSG00000173930	SLCO4C1	ENSMUSG00000040693	ENSRNOG00000022711
ENSG00000173933	RBM4	ENSMUSG00000094936	ENSRNOG00000050741
ENSG00000173947	CIMAP3	ENSMUSG00000010136	ENSRNOG00000016842
ENSG00000173950	XXYLT1	ENSMUSG00000047434	ENSRNOG00000001729
ENSG00000173988	LRRC63	ENSMUSG00000021997	ENSRNOG00000038291
ENSG00000173991	TCAP	ENSMUSG00000007877	ENSRNOG00000068106
ENSG00000173992	CCS	ENSMUSG00000034108	ENSRNOG00000047816
ENSG00000174004	NRROS	ENSMUSG00000052384	ENSRNOG00000001752
ENSG00000174007	CEP19	ENSMUSG00000035790	ENSRNOG00000024924
ENSG00000174010	KLHL15	ENSMUSG00000043929	ENSRNOG00000006515
ENSG00000174013	FBXO45	ENSMUSG00000035764	ENSRNOG00000067589
ENSG00000174015	CBY2	ENSMUSG00000034913	ENSRNOG00000047413
ENSG00000174016	TENT5D	ENSMUSG00000073007	ENSRNOG00000023637
ENSG00000174021	GNG5	ENSMUSG00000068523	ENSRNOG00000084618
ENSG00000174032	SLC25A30	ENSMUSG00000022003	ENSRNOG00000001052
ENSG00000174038	SPATA31G1	ENSMUSG00000028451	ENSRNOG00000022601
ENSG00000174059	CD34	ENSMUSG00000016494	ENSRNOG00000045558
ENSG00000174080	CTSF	ENSMUSG00000083282	ENSRNOG00000019708
ENSG00000174099	MSRB3	ENSMUSG00000051236	ENSRNOG00000042668
ENSG00000174106	LEMD3	ENSMUSG00000048661	ENSRNOG00000024027
ENSG00000174109	UQCC4	ENSMUSG00000067722	ENSRNOG00000029415
ENSG00000174125	TLR1	ENSMUSG00000044827	ENSRNOG00000038722
ENSG00000174130	TLR6	ENSMUSG00000051498	ENSRNOG00000002161
ENSG00000174132	FAM174A	ENSMUSG00000051185	ENSRNOG00000019087
ENSG00000174136	RGMB	ENSMUSG00000048027	ENSRNOG00000064721
ENSG00000174137	FAM53A	ENSMUSG00000037339	ENSRNOG00000017548
ENSG00000174145	NWD2	ENSMUSG00000090061	ENSRNOG00000051837
ENSG00000174151	CYB561D1	ENSMUSG00000048796	ENSRNOG00000052232
ENSG00000174165	ZDHHC24	ENSMUSG00000006463	ENSRNOG00000019825
ENSG00000174173	TRMT10C	ENSMUSG00000044763	ENSRNOG00000039567
ENSG00000174175	SELP	ENSMUSG00000026580	ENSRNOG00000002794
ENSG00000174177	CTU2	ENSMUSG00000049482	ENSRNOG00000051531
ENSG00000174197	MGA	ENSMUSG00000033943	ENSRNOG00000006378
ENSG00000174206	KICS2	ENSMUSG00000053684	ENSRNOG00000028782
ENSG00000174225	ARL13A	ENSMUSG00000052549	ENSRNOG00000055454
ENSG00000174226	SNX31	ENSMUSG00000013611	ENSRNOG00000025501
ENSG00000174227	PIGG	ENSMUSG00000029263	ENSRNOG00000071170
ENSG00000174231	PRPF8	ENSMUSG00000020850	ENSRNOG00000003495
ENSG00000174233	ADCY6	ENSMUSG00000022994	ENSRNOG00000054757
ENSG00000174236	REP15	ENSMUSG00000040121	ENSRNOG00000001840
ENSG00000174238	PITPNA	ENSMUSG00000017781	ENSRNOG00000003846
ENSG00000174243	DDX23	ENSMUSG00000003360	ENSRNOG00000060154
ENSG00000174276	ZNHIT2	ENSMUSG00000075227	ENSRNOG00000021794
ENSG00000174279	EVX2	ENSMUSG00000001815	ENSRNOG00000001589
ENSG00000174282	ZBTB4	ENSMUSG00000018750	ENSRNOG00000014689
ENSG00000174292	TNK1	ENSMUSG00000001583	ENSRNOG00000015578
ENSG00000174306	ZHX3	ENSMUSG00000035877	ENSRNOG00000027988
ENSG00000174307	PHLDA3	ENSMUSG00000041801	ENSRNOG00000009068
ENSG00000174326	SLC16A11	ENSMUSG00000040938	ENSRNOG00000018748
ENSG00000174332	GLIS1	ENSMUSG00000034762	ENSRNOG00000000138
ENSG00000174343	CHRNA9	ENSMUSG00000029205	ENSRNOG00000002484
ENSG00000174348	PODN	ENSMUSG00000028600	ENSRNOG00000011413
ENSG00000174358	SLC6A19	ENSMUSG00000021565	ENSRNOG00000026501
ENSG00000174371	EXO1	ENSMUSG00000039748	ENSRNOG00000056209
ENSG00000174373	RALGAPA1	ENSMUSG00000021027	ENSRNOG00000046256
ENSG00000174405	LIG4	ENSMUSG00000049717	ENSRNOG00000014605
ENSG00000174417	TRHR	ENSMUSG00000038760	ENSRNOG00000005048
ENSG00000174429	ABRA	ENSMUSG00000042895	ENSRNOG00000007999
ENSG00000174437	ATP2A2	ENSMUSG00000029467	ENSRNOG00000001285
ENSG00000174442	ZWILCH	ENSMUSG00000032400	ENSRNOG00000009303
ENSG00000174444	RPL4	ENSMUSG00000032399	ENSRNOG00000009614
ENSG00000174446	SNAPC5	ENSMUSG00000032398	ENSRNOG00000010156
ENSG00000174448	STARD6	ENSMUSG00000079608	ENSRNOG00000026324
ENSG00000174453	VWC2L	ENSMUSG00000045648	ENSRNOG00000027400
ENSG00000174469	CNTNAP2	ENSMUSG00000039419	ENSRNOG00000006617
ENSG00000174473	GALNTL6	ENSMUSG00000096914	ENSRNOG00000067282
ENSG00000174482	LINGO2	ENSMUSG00000045083	ENSRNOG00000005634
ENSG00000174483	BBS1	ENSMUSG00000006464	ENSRNOG00000019832
ENSG00000174485	DENND4A	ENSMUSG00000053641	ENSRNOG00000011739
ENSG00000174498	IGDCC3	ENSMUSG00000032394	ENSRNOG00000030800
ENSG00000174500	GCSAM	ENSMUSG00000022659	ENSRNOG00000022110
ENSG00000174502	SLC26A9	ENSMUSG00000042268	ENSRNOG00000029514
ENSG00000174514	SLC60A1	ENSMUSG00000059149	ENSRNOG00000024657
ENSG00000174516	PELI3	ENSMUSG00000024901	ENSRNOG00000019950
ENSG00000174521	TTC9B	ENSMUSG00000007944	ENSRNOG00000018850
ENSG00000174527	MYO1H	ENSMUSG00000066952	ENSRNOG00000047191
ENSG00000174529	TMEM81	ENSMUSG00000048174	ENSRNOG00000028752
ENSG00000174547	MRPL11	ENSMUSG00000024902	ENSRNOG00000019970
ENSG00000174562	KLK15	ENSMUSG00000055193	ENSRNOG00000049445
ENSG00000174564	IL20RB	ENSMUSG00000044244	ENSRNOG00000023214
ENSG00000174567	GOLT1A	ENSMUSG00000103421	ENSRNOG00000002936
ENSG00000174574	AKIRIN1	ENSMUSG00000023075	ENSRNOG00000026610
ENSG00000174576	NPAS4	ENSMUSG00000045903	ENSRNOG00000020009
ENSG00000174579	MSL2	ENSMUSG00000066415	ENSRNOG00000023021
ENSG00000174599	TRAM1L1	ENSMUSG00000044528	ENSRNOG00000087014
ENSG00000174600	CMKLR1	ENSMUSG00000042190	ENSRNOG00000000704
ENSG00000174606	ANGEL2	ENSMUSG00000026634	ENSRNOG00000003795
ENSG00000174607	UGT8	ENSMUSG00000032854	ENSRNOG00000009345
ENSG00000174611	KY	ENSMUSG00000035606	ENSRNOG00000008210
ENSG00000174628	IQCK	ENSMUSG00000073856	ENSRNOG00000036758
ENSG00000174640	SLCO2A1	ENSMUSG00000032548	ENSRNOG00000009005
ENSG00000174652	ZNF266	ENSMUSG00000060510	ENSRNOG00000034037
ENSG00000174669	SLC29A2	ENSMUSG00000024891	ENSRNOG00000020025
ENSG00000174672	BRSK2	ENSMUSG00000053046	ENSRNOG00000020021
ENSG00000174684	B4GAT1	ENSMUSG00000047379	ENSRNOG00000020110
ENSG00000174697	LEP	ENSMUSG00000059201	ENSRNOG00000045797
ENSG00000174705	SH3PXD2B	ENSMUSG00000040711	ENSRNOG00000004063
ENSG00000174718	RESF1	ENSMUSG00000032712	ENSRNOG00000036913
ENSG00000174721	FGFBP3	ENSMUSG00000047632	ENSRNOG00000022796
ENSG00000174738	NR1D2	ENSMUSG00000021775	ENSRNOG00000046912
ENSG00000174740	PABPC5	ENSMUSG00000034732	ENSRNOG00000003354
ENSG00000174744	BRMS1	ENSMUSG00000080268	ENSRNOG00000020117
ENSG00000174748	RPL15	ENSMUSG00000012405	ENSRNOG00000008140
ENSG00000174749	FAM241A	ENSMUSG00000050549	ENSRNOG00000010875
ENSG00000174776	WDR49	ENSMUSG00000104301	ENSRNOG00000024628
ENSG00000174788	PCP2	ENSMUSG00000004630	ENSRNOG00000000993
ENSG00000174791	RIN1	ENSMUSG00000024883	ENSRNOG00000050223
ENSG00000174792	ODAPH	ENSMUSG00000096035	ENSRNOG00000079983
ENSG00000174799	CEP135	ENSMUSG00000036403	ENSRNOG00000002153
ENSG00000174804	FZD4	ENSMUSG00000049791	ENSRNOG00000063590
ENSG00000174807	CD248	ENSMUSG00000056481	ENSRNOG00000020197
ENSG00000174808	BTC	ENSMUSG00000082361	ENSRNOG00000002728
ENSG00000174827	PDZK1	ENSMUSG00000038298	ENSRNOG00000000096
ENSG00000174837	ADGRE1	ENSMUSG00000004730	ENSRNOG00000046254
ENSG00000174839	DENND6A	ENSMUSG00000040818	ENSRNOG00000011636
ENSG00000174840	PDE12	ENSMUSG00000043702	ENSRNOG00000059442
ENSG00000174842	GLMN	ENSMUSG00000029276	ENSRNOG00000002054
ENSG00000174844	DNAH12	ENSMUSG00000021879	ENSRNOG00000059865
ENSG00000174851	YIF1A	ENSMUSG00000024875	ENSRNOG00000020201
ENSG00000174871	CNIH2	ENSMUSG00000024873	ENSRNOG00000020247
ENSG00000174885	NLRP6	ENSMUSG00000038745	ENSRNOG00000045677
ENSG00000174886	NDUFA11	ENSMUSG00000002379	ENSRNOG00000048320
ENSG00000174891	RSRC1	ENSMUSG00000034544	ENSRNOG00000062777
ENSG00000174898	CATSPERD	ENSMUSG00000040828	ENSRNOG00000048818
ENSG00000174914	OR9G1	ENSMUSG00000075209	ENSRNOG00000030662
ENSG00000174915	PTDSS2	ENSMUSG00000025495	ENSRNOG00000015912
ENSG00000174917	MICOS13	ENSMUSG00000049760	ENSRNOG00000046002
ENSG00000174928	C3orf33	ENSMUSG00000048581	ENSRNOG00000021324
ENSG00000174938	SEZ6L2	ENSMUSG00000030683	ENSRNOG00000027098
ENSG00000174939	ASPHD1	ENSMUSG00000046378	ENSRNOG00000027213
ENSG00000174943	KCTD13	ENSMUSG00000030685	ENSRNOG00000020010
ENSG00000174944	P2RY14	ENSMUSG00000036381	ENSRNOG00000013872
ENSG00000174945	AMZ1	ENSMUSG00000050022	ENSRNOG00000077699
ENSG00000174946	GPR171	ENSMUSG00000050075	ENSRNOG00000025297
ENSG00000174948	GPR149	ENSMUSG00000043441	ENSRNOG00000014793
ENSG00000174950	CD164L2	ENSMUSG00000028865	ENSRNOG00000009505
ENSG00000174951	FUT1	ENSMUSG00000008461	ENSRNOG00000020995
ENSG00000174953	DHX36	ENSMUSG00000027770	ENSRNOG00000014599
ENSG00000174963	ZIC4	ENSMUSG00000036972	ENSRNOG00000014871
ENSG00000174989	FBXW8	ENSMUSG00000032867	ENSRNOG00000001126
ENSG00000174990	CA5A	ENSMUSG00000025317	ENSRNOG00000019098
ENSG00000174992	ZG16	ENSMUSG00000049350	ENSRNOG00000016857
ENSG00000174996	KLC2	ENSMUSG00000024862	ENSRNOG00000020299
ENSG00000175003	SLC22A1	ENSMUSG00000023829	ENSRNOG00000016337
ENSG00000175018	TEX36	ENSMUSG00000030976	ENSRNOG00000026848
ENSG00000175029	CTBP2	ENSMUSG00000030970	ENSRNOG00000017326
ENSG00000175040	CHST2	ENSMUSG00000033350	ENSRNOG00000047734
ENSG00000175048	ZDHHC14	ENSMUSG00000034265	ENSRNOG00000029049
ENSG00000175054	ATR	ENSMUSG00000032409	ENSRNOG00000010027
ENSG00000175063	UBE2C	ENSMUSG00000001403	ENSRNOG00000015131
ENSG00000175065	DSG4	ENSMUSG00000001804	ENSRNOG00000022364
ENSG00000175066	GK5	ENSMUSG00000041440	ENSRNOG00000010942
ENSG00000175073	VCPIP1	ENSMUSG00000045210	ENSRNOG00000006980
ENSG00000175077	RTP1	ENSMUSG00000033383	ENSRNOG00000021992
ENSG00000175084	DES	ENSMUSG00000026208	ENSRNOG00000019810
ENSG00000175087	PDIK1L	ENSMUSG00000050890	ENSRNOG00000016536
ENSG00000175093	SPSB4	ENSMUSG00000046997	ENSRNOG00000012862
ENSG00000175097	RAG2	ENSMUSG00000032864	ENSRNOG00000004623
ENSG00000175104	TRAF6	ENSMUSG00000027164	ENSRNOG00000004639
ENSG00000175105	ZNF654	ENSMUSG00000047141	ENSRNOG00000029956
ENSG00000175110	MRPS22	ENSMUSG00000032459	ENSRNOG00000047984
ENSG00000175115	PACS1	ENSMUSG00000024855	ENSRNOG00000020350
ENSG00000175121	WFDC5	ENSMUSG00000040154	ENSRNOG00000013760
ENSG00000175137	SH3BP5L	ENSMUSG00000013646	ENSRNOG00000054400
ENSG00000175143	OR2T1	ENSMUSG00000072707	ENSRNOG00000085271
ENSG00000175155	YPEL2	ENSMUSG00000018427	ENSRNOG00000005447
ENSG00000175161	CADM2	ENSMUSG00000064115	ENSRNOG00000074750
ENSG00000175166	PSMD2	ENSMUSG00000006998	ENSRNOG00000001719
ENSG00000175175	PPM1E	ENSMUSG00000046442	ENSRNOG00000024730
ENSG00000175182	FAM131A	ENSMUSG00000050821	ENSRNOG00000063031
ENSG00000175183	CSRP2	ENSMUSG00000020186	ENSRNOG00000003772
ENSG00000175189	INHBC	ENSMUSG00000025405	ENSRNOG00000007700
ENSG00000175193	PARL	ENSMUSG00000033918	ENSRNOG00000023271
ENSG00000175197	DDIT3	ENSMUSG00000025408	ENSRNOG00000006789
ENSG00000175198	PCCA	ENSMUSG00000041650	ENSRNOG00000057042
ENSG00000175203	DCTN2	ENSMUSG00000025410	ENSRNOG00000025481
ENSG00000175206	NPPA	ENSMUSG00000041616	ENSRNOG00000008176
ENSG00000175215	CTDSP2	ENSMUSG00000078429	ENSRNOG00000068220
ENSG00000175216	CKAP5	ENSMUSG00000040549	ENSRNOG00000016067
ENSG00000175220	ARHGAP1	ENSMUSG00000027247	ENSRNOG00000016610
ENSG00000175221	MED16	ENSMUSG00000013833	ENSRNOG00000011315
ENSG00000175224	ATG13	ENSMUSG00000027244	ENSRNOG00000016984
ENSG00000175229	GAL3ST3	ENSMUSG00000047658	ENSRNOG00000028743
ENSG00000175262	CIROZ	ENSMUSG00000070577	ENSRNOG00000023452
ENSG00000175264	CHST1	ENSMUSG00000027221	ENSRNOG00000007989
ENSG00000175267	VWA3A	ENSMUSG00000030889	ENSRNOG00000025110
ENSG00000175274	TP53I11	ENSMUSG00000068735	ENSRNOG00000008738
ENSG00000175283	DOLK	ENSMUSG00000075419	ENSRNOG00000016989
ENSG00000175287	PHYHD1	ENSMUSG00000079484	ENSRNOG00000016794
ENSG00000175305	CCNE2	ENSMUSG00000028212	ENSRNOG00000008055
ENSG00000175309	PHYKPL	ENSMUSG00000020359	ENSRNOG00000047933
ENSG00000175311	ANKS4B	ENSMUSG00000030909	ENSRNOG00000046181
ENSG00000175315	CST6	ENSMUSG00000024846	ENSRNOG00000020455
ENSG00000175318	GRAMD2A	ENSMUSG00000074259	ENSRNOG00000025979
ENSG00000175324	LSM1	ENSMUSG00000037296	ENSRNOG00000015375
ENSG00000175325	PROP1	ENSMUSG00000044542	ENSRNOG00000003671
ENSG00000175329	ISX	ENSMUSG00000031621	ENSRNOG00000039808
ENSG00000175334	BANF1	ENSMUSG00000024844	ENSRNOG00000020460
ENSG00000175336	APOF	ENSMUSG00000047631	ENSRNOG00000062320
ENSG00000175344	CHRNA7	ENSMUSG00000030525	ENSRNOG00000010853
ENSG00000175348	TMEM9B	ENSMUSG00000031021	ENSRNOG00000069185
ENSG00000175352	NRIP3	ENSMUSG00000034825	ENSRNOG00000013290
ENSG00000175354	PTPN2	ENSMUSG00000024539	ENSRNOG00000017453
ENSG00000175356	SCUBE2	ENSMUSG00000007279	ENSRNOG00000013123
ENSG00000175376	EIF1AD	ENSMUSG00000024841	ENSRNOG00000020463
ENSG00000175387	SMAD2	ENSMUSG00000024563	ENSRNOG00000018140
ENSG00000175390	EIF3F	ENSMUSG00000031029	ENSRNOG00000015221
ENSG00000175395	ZNF25	ENSMUSG00000072623	ENSRNOG00000006726
ENSG00000175398	OR10P1	ENSMUSG00000052012	ENSRNOG00000079528
ENSG00000175414	ARL10	ENSMUSG00000025870	ENSRNOG00000045948
ENSG00000175416	CLTB	ENSMUSG00000047547	ENSRNOG00000017506
ENSG00000175426	PCSK1	ENSMUSG00000021587	ENSRNOG00000011107
ENSG00000175445	LPL	ENSMUSG00000015568	ENSRNOG00000012181
ENSG00000175449	RFESD	ENSMUSG00000043190	ENSRNOG00000012810
ENSG00000175455	CCDC14	ENSMUSG00000022833	ENSRNOG00000021469
ENSG00000175463	TBC1D10C	ENSMUSG00000040247	ENSRNOG00000021510
ENSG00000175467	SART1	ENSMUSG00000039148	ENSRNOG00000020475
ENSG00000175470	PPP2R2D	ENSMUSG00000041769	ENSRNOG00000016940
ENSG00000175471	MCTP1	ENSMUSG00000021596	ENSRNOG00000013282
ENSG00000175482	POLD4	ENSMUSG00000024854	ENSRNOG00000018765
ENSG00000175485	OR52W1	ENSMUSG00000073906	ENSRNOG00000049480
ENSG00000175489	LRRC25	ENSMUSG00000049988	ENSRNOG00000022565
ENSG00000175497	DPP10	ENSMUSG00000036815	ENSRNOG00000002595
ENSG00000175505	CLCF1	ENSMUSG00000040663	ENSRNOG00000018752
ENSG00000175513	TSGA10IP	ENSMUSG00000039330	ENSRNOG00000027564
ENSG00000175514	GPR152	ENSMUSG00000044724	ENSRNOG00000021912
ENSG00000175518	UBQLNL	ENSMUSG00000051437	ENSRNOG00000017016
ENSG00000175520	UBQLN3	ENSMUSG00000051618	ENSRNOG00000023833
ENSG00000175535	PNLIP	ENSMUSG00000046008	ENSRNOG00000017725
ENSG00000175536	LIPT2	ENSMUSG00000030725	ENSRNOG00000016906
ENSG00000175538	KCNE3	ENSMUSG00000035165	ENSRNOG00000063050
ENSG00000175544	CABP4	ENSMUSG00000024842	ENSRNOG00000022044
ENSG00000175550	DRAP1	ENSMUSG00000024914	ENSRNOG00000020527
ENSG00000175556	LONRF3	ENSMUSG00000016239	ENSRNOG00000013092
ENSG00000175564	UCP3	ENSMUSG00000032942	ENSRNOG00000017716
ENSG00000175567	UCP2	ENSMUSG00000033685	ENSRNOG00000017854
ENSG00000175573	C11orf68	ENSMUSG00000047423	ENSRNOG00000020551
ENSG00000175581	MRPL48	ENSMUSG00000030706	ENSRNOG00000018042
ENSG00000175582	RAB6A	ENSMUSG00000030704	ENSRNOG00000018176
ENSG00000175591	P2RY2	ENSMUSG00000032860	ENSRNOG00000019283
ENSG00000175592	FOSL1	ENSMUSG00000024912	ENSRNOG00000072086
ENSG00000175600	SUGCT	ENSMUSG00000055137	ENSRNOG00000066247
ENSG00000175602	CCDC85B	ENSMUSG00000095098	ENSRNOG00000020552
ENSG00000175606	TMEM70	ENSMUSG00000025940	ENSRNOG00000006608
ENSG00000175634	RPS6KB2	ENSMUSG00000024830	ENSRNOG00000021689
ENSG00000175643	RMI2	ENSMUSG00000037991	ENSRNOG00000065770
ENSG00000175662	TOM1L2	ENSMUSG00000000538	ENSRNOG00000003590
ENSG00000175664	TEX26	ENSMUSG00000029660	ENSRNOG00000000905
ENSG00000175697	GPR156	ENSMUSG00000046961	ENSRNOG00000002797
ENSG00000175707	KDF1	ENSMUSG00000037600	ENSRNOG00000055933
ENSG00000175711	QTGAL	ENSMUSG00000046605	ENSRNOG00000049724
ENSG00000175727	MLXIP	ENSMUSG00000038342	ENSRNOG00000001255
ENSG00000175745	NR2F1	ENSMUSG00000069171	ENSRNOG00000014795
ENSG00000175764	TTLL11	ENSMUSG00000026885	ENSRNOG00000019339
ENSG00000175766	EIF4E1B	ENSMUSG00000074895	ENSRNOG00000025480
ENSG00000175782	SLC35E3	ENSMUSG00000060181	ENSRNOG00000027622
ENSG00000175785	PRIMA1	ENSMUSG00000041669	ENSRNOG00000008915
ENSG00000175787	ZNF169	ENSMUSG00000050954	ENSRNOG00000017092
ENSG00000175806	MSRA	ENSMUSG00000054733	ENSRNOG00000012440
ENSG00000175826	CTDNEP1	ENSMUSG00000018559	ENSRNOG00000017352
ENSG00000175832	ETV4	ENSMUSG00000017724	ENSRNOG00000020792
ENSG00000175857	GAPT	ENSMUSG00000046006	ENSRNOG00000026989
ENSG00000175866	BAIAP2	ENSMUSG00000025372	ENSRNOG00000004049
ENSG00000175868	CALCB	ENSMUSG00000030666	ENSRNOG00000011074
ENSG00000175874	CREG2	ENSMUSG00000050967	ENSRNOG00000013991
ENSG00000175877	TMEM270	ENSMUSG00000040576	ENSRNOG00000001474
ENSG00000175879	HOXD8	ENSMUSG00000027102	ENSRNOG00000071108
ENSG00000175893	ZDHHC21	ENSMUSG00000028403	ENSRNOG00000074898
ENSG00000175894	TSPEAR	ENSMUSG00000069581	ENSRNOG00000001219
ENSG00000175895	PLEKHF2	ENSMUSG00000049969	ENSRNOG00000026662
ENSG00000175899	A2M	ENSMUSG00000030111	ENSRNOG00000028896
ENSG00000175906	ARL4D	ENSMUSG00000034936	ENSRNOG00000020770
ENSG00000175920	DOK7	ENSMUSG00000044716	ENSRNOG00000022419
ENSG00000175928	LRRN1	ENSMUSG00000034648	ENSRNOG00000006802
ENSG00000175931	UBE2O	ENSMUSG00000020802	ENSRNOG00000011007
ENSG00000175938	ORAI3	ENSMUSG00000043964	ENSRNOG00000039730
ENSG00000175946	KLHL38	ENSMUSG00000022357	ENSRNOG00000007896
ENSG00000175970	UNC119B	ENSMUSG00000046562	ENSRNOG00000021725
ENSG00000175984	DENND2C	ENSMUSG00000007379	ENSRNOG00000018716
ENSG00000175985	PLEKHD1	ENSMUSG00000066438	ENSRNOG00000038297
ENSG00000176009	ASCL3	ENSMUSG00000035951	ENSRNOG00000013591
ENSG00000176014	TUBB6	ENSMUSG00000001473	ENSRNOG00000018371
ENSG00000176018	LYSMD3	ENSMUSG00000035840	ENSRNOG00000016298
ENSG00000176020	AMIGO3	ENSMUSG00000032593	ENSRNOG00000064183
ENSG00000176022	B3GALT6	ENSMUSG00000050796	ENSRNOG00000019979
ENSG00000176029	C11orf16	ENSMUSG00000031022	ENSRNOG00000013713
ENSG00000176040	TMPRSS7	ENSMUSG00000033177	ENSRNOG00000002145
ENSG00000176046	NUPR1	ENSMUSG00000030717	ENSRNOG00000019206
ENSG00000176049	JAKMIP2	ENSMUSG00000024502	ENSRNOG00000019159
ENSG00000176055	MBLAC2	ENSMUSG00000051098	ENSRNOG00000016252
ENSG00000176058	TPRN	ENSMUSG00000048707	ENSRNOG00000010896
ENSG00000176076	KCNE5	ENSMUSG00000090122	ENSRNOG00000019176
ENSG00000176087	SLC35A4	ENSMUSG00000033272	ENSRNOG00000002908
ENSG00000176092	CRYBG2	ENSMUSG00000012123	ENSRNOG00000057957
ENSG00000176095	IP6K1	ENSMUSG00000032594	ENSRNOG00000085966
ENSG00000176101	SSNA1	ENSMUSG00000026966	ENSRNOG00000011093
ENSG00000176102	CSTF3	ENSMUSG00000027176	ENSRNOG00000012089
ENSG00000176105	YES1	ENSMUSG00000014932	ENSRNOG00000037227
ENSG00000176108	CHMP6	ENSMUSG00000025371	ENSRNOG00000004014
ENSG00000176125	UFSP1	ENSMUSG00000051502	ENSRNOG00000051006
ENSG00000176136	MC5R	ENSMUSG00000007480	ENSRNOG00000016685
ENSG00000176142	TMEM39A	ENSMUSG00000002845	ENSRNOG00000003075
ENSG00000176148	TCP11L1	ENSMUSG00000027175	ENSRNOG00000042576
ENSG00000176153	GPX2	ENSMUSG00000042808	ENSRNOG00000055672
ENSG00000176155	CCDC57	ENSMUSG00000048445	ENSRNOG00000047531
ENSG00000176160	HSF5	ENSMUSG00000070345	ENSRNOG00000056793
ENSG00000176165	FOXG1	ENSMUSG00000020950	ENSRNOG00000047891
ENSG00000176170	SPHK1	ENSMUSG00000061878	ENSRNOG00000010626
ENSG00000176171	BNIP3	ENSMUSG00000078566	ENSRNOG00000017243
ENSG00000176177	ENTHD1	ENSMUSG00000050439	ENSRNOG00000025344
ENSG00000176194	CIDEA	ENSMUSG00000024526	ENSRNOG00000018505
ENSG00000176200	OR4D11	ENSMUSG00000067529	ENSRNOG00000090827
ENSG00000176204	LRRTM4	ENSMUSG00000052581	ENSRNOG00000021938
ENSG00000176208	ATAD5	ENSMUSG00000017550	ENSRNOG00000021903
ENSG00000176209	SMIM19	ENSMUSG00000031534	ENSRNOG00000024930
ENSG00000176219	OR11H6	ENSMUSG00000050028	ENSRNOG00000008800
ENSG00000176225	RTTN	ENSMUSG00000023066	ENSRNOG00000038200
ENSG00000176244	ACBD7	ENSMUSG00000026644	ENSRNOG00000071468
ENSG00000176248	ANAPC2	ENSMUSG00000026965	ENSRNOG00000011295
ENSG00000176261	ZBTB8OS	ENSMUSG00000057572	ENSRNOG00000008226
ENSG00000176273	SLC35G1	ENSMUSG00000044026	ENSRNOG00000081116
ENSG00000176281	OR4K5	ENSMUSG00000049011	ENSRNOG00000012515
ENSG00000176302	FOXR1	ENSMUSG00000074397	ENSRNOG00000029089
ENSG00000176358	TAC4	ENSMUSG00000020872	ENSRNOG00000004404
ENSG00000176371	ZSCAN2	ENSMUSG00000038797	ENSRNOG00000022164
ENSG00000176381	PRR18	ENSMUSG00000055945	ENSRNOG00000070586
ENSG00000176383	B3GNT4	ENSMUSG00000029431	ENSRNOG00000085730
ENSG00000176387	HSD11B2	ENSMUSG00000031891	ENSRNOG00000017084
ENSG00000176390	CRLF3	ENSMUSG00000017561	ENSRNOG00000050657
ENSG00000176393	RNPEP	ENSMUSG00000041926	ENSRNOG00000006720
ENSG00000176396	EID2	ENSMUSG00000046058	ENSRNOG00000065487
ENSG00000176399	DMRTA1	ENSMUSG00000043753	ENSRNOG00000024093
ENSG00000176402	GJC3	ENSMUSG00000056966	ENSRNOG00000001329
ENSG00000176406	RIMS2	ENSMUSG00000037386	ENSRNOG00000004201
ENSG00000176407	KCMF1	ENSMUSG00000055239	ENSRNOG00000015097
ENSG00000176410	DNAJC30	ENSMUSG00000061118	ENSRNOG00000031721
ENSG00000176422	SPRYD4	ENSMUSG00000051346	ENSRNOG00000003127
ENSG00000176428	VPS37D	ENSMUSG00000043614	ENSRNOG00000048699
ENSG00000176435	CLEC14A	ENSMUSG00000045930	ENSRNOG00000022697
ENSG00000176438	SYNE3	ENSMUSG00000054150	ENSRNOG00000005287
ENSG00000176444	CLK2	ENSMUSG00000068917	ENSRNOG00000077782
ENSG00000176454	LPCAT4	ENSMUSG00000027134	ENSRNOG00000005058
ENSG00000176463	SLCO3A1	ENSMUSG00000025790	ENSRNOG00000032798
ENSG00000176472	ZNF575	ENSMUSG00000066721	ENSRNOG00000024065
ENSG00000176473	WDR25	ENSMUSG00000040877	ENSRNOG00000004733
ENSG00000176476	SGF29	ENSMUSG00000030714	ENSRNOG00000019245
ENSG00000176485	PLAAT3	ENSMUSG00000060675	ENSRNOG00000021206
ENSG00000176490	DIRAS1	ENSMUSG00000043670	ENSRNOG00000029738
ENSG00000176531	PHLDB3	ENSMUSG00000074277	ENSRNOG00000055259
ENSG00000176532	PRR15	ENSMUSG00000045725	ENSRNOG00000009564
ENSG00000176540	OR4C5	ENSMUSG00000042894	ENSRNOG00000006716
ENSG00000176542	USF3	ENSMUSG00000068284	ENSRNOG00000027756
ENSG00000176547	OR4C3	ENSMUSG00000075069	ENSRNOG00000081832
ENSG00000176567	OR4X1	ENSMUSG00000082574	ENSRNOG00000054245
ENSG00000176571	CNBD1	ENSMUSG00000073991	ENSRNOG00000056330
ENSG00000176595	KBTBD11	ENSMUSG00000055675	ENSRNOG00000012333
ENSG00000176597	B3GNT5	ENSMUSG00000022686	ENSRNOG00000046258
ENSG00000176601	MAP3K19	ENSMUSG00000051590	ENSRNOG00000003952
ENSG00000176619	LMNB2	ENSMUSG00000062075	ENSRNOG00000025742
ENSG00000176623	RMDN1	ENSMUSG00000028229	ENSRNOG00000025145
ENSG00000176624	MEX3C	ENSMUSG00000037253	ENSRNOG00000015777
ENSG00000176635	HORMAD2	ENSMUSG00000020419	ENSRNOG00000037865
ENSG00000176641	RNF152	ENSMUSG00000047496	ENSRNOG00000014859
ENSG00000176658	MYO1D	ENSMUSG00000035441	ENSRNOG00000003276
ENSG00000176692	FOXC2	ENSMUSG00000046714	ENSRNOG00000047446
ENSG00000176697	BDNF	ENSMUSG00000048482	ENSRNOG00000047466
ENSG00000176715	ACSF3	ENSMUSG00000015016	ENSRNOG00000015077
ENSG00000176720	BOK	ENSMUSG00000026278	ENSRNOG00000018214
ENSG00000176732	PFN4	ENSMUSG00000020639	ENSRNOG00000050386
ENSG00000176749	CDK5R1	ENSMUSG00000048895	ENSRNOG00000068243
ENSG00000176769	TCERG1L	ENSMUSG00000091002	ENSRNOG00000016737
ENSG00000176771	NCKAP5	ENSMUSG00000049690	ENSRNOG00000021553
ENSG00000176774	MAGEB18	ENSMUSG00000067649	ENSRNOG00000038230
ENSG00000176783	RUFY1	ENSMUSG00000020375	ENSRNOG00000003536
ENSG00000176787	OR52E2	ENSMUSG00000051362	ENSRNOG00000015769
ENSG00000176788	BASP1	ENSMUSG00000045763	ENSRNOG00000066065
ENSG00000176798	OR51L1	ENSMUSG00000080891	ENSRNOG00000015760
ENSG00000176834	VSIG10	ENSMUSG00000066894	ENSRNOG00000022698
ENSG00000176842	IRX5	ENSMUSG00000031737	ENSRNOG00000011180
ENSG00000176845	METRNL	ENSMUSG00000039208	ENSRNOG00000046202
ENSG00000176853	FAM91A1	ENSMUSG00000037119	ENSRNOG00000008271
ENSG00000176871	WSB2	ENSMUSG00000029364	ENSRNOG00000001135
ENSG00000176884	GRIN1	ENSMUSG00000026959	ENSRNOG00000011726
ENSG00000176887	SOX11	ENSMUSG00000063632	ENSRNOG00000030034
ENSG00000176890	TYMS	ENSMUSG00000025747	ENSRNOG00000037225
ENSG00000176893	OR51G2	ENSMUSG00000043354	ENSRNOG00000015657
ENSG00000176894	PXMP2	ENSMUSG00000029499	ENSRNOG00000037446
ENSG00000176896	TCEANC	ENSMUSG00000051224	ENSRNOG00000065918
ENSG00000176900	OR51T1	ENSMUSG00000045824	ENSRNOG00000048436
ENSG00000176903	PNMA1	ENSMUSG00000054383	ENSRNOG00000010553
ENSG00000176907	TCIM	ENSMUSG00000056313	ENSRNOG00000047977
ENSG00000176909	MAMSTR	ENSMUSG00000042918	ENSRNOG00000024580
ENSG00000176915	ANKLE2	ENSMUSG00000029501	ENSRNOG00000060144
ENSG00000176919	C8G	ENSMUSG00000015083	ENSRNOG00000028701
ENSG00000176922	OR51S1	ENSMUSG00000043310	ENSRNOG00000015444
ENSG00000176925	OR51F2	ENSMUSG00000073965	ENSRNOG00000015424
ENSG00000176927	EFCAB5	ENSMUSG00000050944	ENSRNOG00000022536
ENSG00000176928	GCNT4	ENSMUSG00000091387	ENSRNOG00000064612
ENSG00000176945	MUC20	ENSMUSG00000035638	ENSRNOG00000001776
ENSG00000176946	THAP4	ENSMUSG00000026279	ENSRNOG00000018351
ENSG00000176953	NFATC2IP	ENSMUSG00000030722	ENSRNOG00000057384
ENSG00000176971	FIBIN	ENSMUSG00000074971	ENSRNOG00000073909
ENSG00000176973	FAM89B	ENSMUSG00000024939	ENSRNOG00000024239
ENSG00000176974	SHMT1	ENSMUSG00000020534	ENSRNOG00000005275
ENSG00000176978	DPP7	ENSMUSG00000026958	ENSRNOG00000012640
ENSG00000176988	FMR1NB	ENSMUSG00000062170	ENSRNOG00000053397
ENSG00000176994	SMCR8	ENSMUSG00000049323	ENSRNOG00000005165
ENSG00000177000	MTHFR	ENSMUSG00000029009	ENSRNOG00000008553
ENSG00000177025	C19orf18	ENSMUSG00000030385	ENSRNOG00000019280
ENSG00000177030	DEAF1	ENSMUSG00000058886	ENSRNOG00000017960
ENSG00000177034	MTX3	ENSMUSG00000021704	ENSRNOG00000075938
ENSG00000177042	TMEM80	ENSMUSG00000025505	ENSRNOG00000063852
ENSG00000177045	SIX5	ENSMUSG00000040841	ENSRNOG00000060146
ENSG00000177051	FBXO46	ENSMUSG00000050428	ENSRNOG00000008815
ENSG00000177054	ZDHHC13	ENSMUSG00000030471	ENSRNOG00000014277
ENSG00000177058	SLC38A9	ENSMUSG00000047789	ENSRNOG00000009851
ENSG00000177076	ACER2	ENSMUSG00000038007	ENSRNOG00000007637
ENSG00000177082	WDR73	ENSMUSG00000025722	ENSRNOG00000010664
ENSG00000177084	POLE	ENSMUSG00000007080	ENSRNOG00000037449
ENSG00000177096	PHETA2	ENSMUSG00000049687	ENSRNOG00000042522
ENSG00000177098	SCN4B	ENSMUSG00000046480	ENSRNOG00000026679
ENSG00000177103	DSCAML1	ENSMUSG00000032087	ENSRNOG00000016502
ENSG00000177106	EPS8L2	ENSMUSG00000025504	ENSRNOG00000018336
ENSG00000177108	ZDHHC22	ENSMUSG00000048483	ENSRNOG00000011285
ENSG00000177119	ANO6	ENSMUSG00000064210	ENSRNOG00000006995
ENSG00000177125	ZBTB34	ENSMUSG00000068966	ENSRNOG00000032700
ENSG00000177143	CETN1	ENSMUSG00000050996	ENSRNOG00000084288
ENSG00000177150	FAM210A	ENSMUSG00000038121	ENSRNOG00000080800
ENSG00000177156	TALDO1	ENSMUSG00000025503	ENSRNOG00000018367
ENSG00000177169	ULK1	ENSMUSG00000029512	ENSRNOG00000037505
ENSG00000177181	RIMKLA	ENSMUSG00000048899	ENSRNOG00000008625
ENSG00000177182	CLVS1	ENSMUSG00000041216	ENSRNOG00000006919
ENSG00000177189	RPS6KA3	ENSMUSG00000031309	ENSRNOG00000006632
ENSG00000177191	B3GNT8	ENSMUSG00000059479	ENSRNOG00000068024
ENSG00000177192	PUS1	ENSMUSG00000029507	ENSRNOG00000037500
ENSG00000177200	CHD9	ENSMUSG00000056608	ENSRNOG00000049302
ENSG00000177202	SPACA4	ENSMUSG00000070563	ENSRNOG00000021037
ENSG00000177225	GATD1	ENSMUSG00000051007	ENSRNOG00000045795
ENSG00000177238	TRIM72	ENSMUSG00000042828	ENSRNOG00000022099
ENSG00000177239	MAN1B1	ENSMUSG00000036646	ENSRNOG00000012559
ENSG00000177272	KCNA3	ENSMUSG00000047959	ENSRNOG00000062002
ENSG00000177283	FZD8	ENSMUSG00000036904	ENSRNOG00000069521
ENSG00000177291	GJD4	ENSMUSG00000036855	ENSRNOG00000018407
ENSG00000177294	FBXO39	ENSMUSG00000070388	ENSRNOG00000014953
ENSG00000177301	KCNA2	ENSMUSG00000040724	ENSRNOG00000018285
ENSG00000177302	TOP3A	ENSMUSG00000002814	ENSRNOG00000005099
ENSG00000177303	CASKIN2	ENSMUSG00000034471	ENSRNOG00000004310
ENSG00000177311	ZBTB38	ENSMUSG00000040433	ENSRNOG00000012386
ENSG00000177324	BEND2	ENSMUSG00000108981	ENSRNOG00000058952
ENSG00000177352	CCDC71	ENSMUSG00000049305	ENSRNOG00000048718
ENSG00000177354	C10orf71	ENSMUSG00000071540	ENSRNOG00000049942
ENSG00000177370	TIMM22	ENSMUSG00000020843	ENSRNOG00000007988
ENSG00000177374	HIC1	ENSMUSG00000043099	ENSRNOG00000057619
ENSG00000177380	PPFIA3	ENSMUSG00000003863	ENSRNOG00000020731
ENSG00000177398	UMODL1	ENSMUSG00000054134	ENSRNOG00000001157
ENSG00000177409	SAMD9L	ENSMUSG00000047735	ENSRNOG00000063679
ENSG00000177414	UBE2U	ENSMUSG00000069733	ENSRNOG00000023895
ENSG00000177425	PAWR	ENSMUSG00000035873	ENSRNOG00000005917
ENSG00000177426	TGIF1	ENSMUSG00000047407	ENSRNOG00000015906
ENSG00000177427	MIEF2	ENSMUSG00000018599	ENSRNOG00000028208
ENSG00000177432	NAP1L5	ENSMUSG00000055430	ENSRNOG00000083613
ENSG00000177453	NIM1K	ENSMUSG00000095930	ENSRNOG00000016353
ENSG00000177455	CD19	ENSMUSG00000030724	ENSRNOG00000018311
ENSG00000177459	ERICH5	ENSMUSG00000044726	ENSRNOG00000005956
ENSG00000177463	NR2C2	ENSMUSG00000005893	ENSRNOG00000010536
ENSG00000177464	GPR4	ENSMUSG00000044317	ENSRNOG00000016362
ENSG00000177465	ACOT4	ENSMUSG00000052392	ENSRNOG00000046864
ENSG00000177468	OLIG3	ENSMUSG00000045591	ENSRNOG00000064127
ENSG00000177469	CAVIN1	ENSMUSG00000004044	ENSRNOG00000019778
ENSG00000177479	ARIH2	ENSMUSG00000064145	ENSRNOG00000031827
ENSG00000177483	RBM44	ENSMUSG00000070732	ENSRNOG00000024878
ENSG00000177485	ZBTB33	ENSMUSG00000048047	ENSRNOG00000028899
ENSG00000177508	IRX3	ENSMUSG00000031734	ENSRNOG00000011533
ENSG00000177511	ST8SIA3	ENSMUSG00000056812	ENSRNOG00000018305
ENSG00000177519	RPRM	ENSMUSG00000075334	ENSRNOG00000005109
ENSG00000177535	OR2B11	ENSMUSG00000059610	ENSRNOG00000022244
ENSG00000177542	SLC25A22	ENSMUSG00000019082	ENSRNOG00000049944
ENSG00000177548	RABEP2	ENSMUSG00000030727	ENSRNOG00000018462
ENSG00000177551	NHLH2	ENSMUSG00000048540	ENSRNOG00000054375
ENSG00000177556	ATOX1	ENSMUSG00000018585	ENSRNOG00000013118
ENSG00000177558	FAM187B	ENSMUSG00000046826	ENSRNOG00000021060
ENSG00000177565	TBL1XR1	ENSMUSG00000027630	ENSRNOG00000011216
ENSG00000177570	SAMD12	ENSMUSG00000058656	ENSRNOG00000043390
ENSG00000177575	CD163	ENSMUSG00000008845	ENSRNOG00000010253
ENSG00000177576	C18orf32	ENSMUSG00000036299	ENSRNOG00000018676
ENSG00000177595	PIDD1	ENSMUSG00000025507	ENSRNOG00000049179
ENSG00000177602	HASPIN	ENSMUSG00000050107	ENSRNOG00000048660
ENSG00000177606	JUN	ENSMUSG00000052684	ENSRNOG00000026293
ENSG00000177613	CSTF2T	ENSMUSG00000053536	ENSRNOG00000070422
ENSG00000177614	PGBD5	ENSMUSG00000050751	ENSRNOG00000026791
ENSG00000177628	GBA1	ENSMUSG00000028048	ENSRNOG00000049281
ENSG00000177646	ACAD9	ENSMUSG00000027710	ENSRNOG00000014178
ENSG00000177663	IL17RA	ENSMUSG00000002897	ENSRNOG00000011153
ENSG00000177666	PNPLA2	ENSMUSG00000025509	ENSRNOG00000069673
ENSG00000177669	MBOAT4	ENSMUSG00000071113	ENSRNOG00000030102
ENSG00000177673	TEX44	ENSMUSG00000036574	ENSRNOG00000018559
ENSG00000177674	AGTRAP	ENSMUSG00000029007	ENSRNOG00000008619
ENSG00000177679	SRRM3	ENSMUSG00000039860	ENSRNOG00000001439
ENSG00000177685	CRACR2B	ENSMUSG00000048200	ENSRNOG00000019199
ENSG00000177692	DNAJC28	ENSMUSG00000039763	ENSRNOG00000079381
ENSG00000177694	NAALADL2	ENSMUSG00000102758	ENSRNOG00000065021
ENSG00000177697	CD151	ENSMUSG00000025510	ENSRNOG00000062573
ENSG00000177706	FAM20C	ENSMUSG00000025854	ENSRNOG00000001314
ENSG00000177707	NECTIN3	ENSMUSG00000022656	ENSRNOG00000002176
ENSG00000177728	TMEM94	ENSMUSG00000020747	ENSRNOG00000004032
ENSG00000177731	FLII	ENSMUSG00000002812	ENSRNOG00000004159
ENSG00000177732	SOX12	ENSMUSG00000051817	ENSRNOG00000023935
ENSG00000177733	HNRNPA0	ENSMUSG00000007836	ENSRNOG00000039876
ENSG00000177752	YIPF7	ENSMUSG00000029158	ENSRNOG00000002224
ENSG00000177791	MYOZ1	ENSMUSG00000068697	ENSRNOG00000040122
ENSG00000177807	KCNJ10	ENSMUSG00000044708	ENSRNOG00000068444
ENSG00000177830	CHID1	ENSMUSG00000025512	ENSRNOG00000063613
ENSG00000177853	ZNF518A	ENSMUSG00000049164	ENSRNOG00000036592
ENSG00000177868	SVBP	ENSMUSG00000028643	ENSRNOG00000007404
ENSG00000177875	CCDC184	ENSMUSG00000029875	ENSRNOG00000021945
ENSG00000177879	AP3S1	ENSMUSG00000024480	ENSRNOG00000062839
ENSG00000177885	GRB2	ENSMUSG00000059923	ENSRNOG00000003990
ENSG00000177888	ZBTB41	ENSMUSG00000033964	ENSRNOG00000081235
ENSG00000177889	UBE2N	ENSMUSG00000074781	ENSRNOG00000073414
ENSG00000177917	ARL6IP6	ENSMUSG00000026960	ENSRNOG00000005074
ENSG00000177932	ZNF354C	ENSMUSG00000044807	ENSRNOG00000029205
ENSG00000177938	CAPZA3	ENSMUSG00000041791	ENSRNOG00000067096
ENSG00000177947	CIMAP1A	ENSMUSG00000025482	ENSRNOG00000012858
ENSG00000177951	BET1L	ENSMUSG00000025484	ENSRNOG00000013165
ENSG00000177963	RIC8A	ENSMUSG00000025485	ENSRNOG00000013256
ENSG00000177981	ASB8	ENSMUSG00000048175	ENSRNOG00000075267
ENSG00000177989	CIMAP1B	ENSMUSG00000047394	ENSRNOG00000037060
ENSG00000177990	DPY19L2	ENSMUSG00000085576	ENSRNOG00000045585
ENSG00000177994	CIMIP6	ENSMUSG00000040919	ENSRNOG00000006356
ENSG00000178026	LRRC75B	ENSMUSG00000046807	ENSRNOG00000075066
ENSG00000178028	DMAP1	ENSMUSG00000009640	ENSRNOG00000019407
ENSG00000178031	ADAMTSL1	ENSMUSG00000066113	ENSRNOG00000006956
ENSG00000178033	CALHM5	ENSMUSG00000049872	ENSRNOG00000000825
ENSG00000178035	IMPDH2	ENSMUSG00000062867	ENSRNOG00000031965
ENSG00000178038	ALS2CL	ENSMUSG00000044037	ENSRNOG00000033921
ENSG00000178053	MLF1	ENSMUSG00000048416	ENSRNOG00000012827
ENSG00000178057	NDUFAF3	ENSMUSG00000070283	ENSRNOG00000020068
ENSG00000178074	C2orf69	ENSMUSG00000038323	ENSRNOG00000010185
ENSG00000178075	GRAMD1C	ENSMUSG00000036292	ENSRNOG00000053406
ENSG00000178078	STAP2	ENSMUSG00000038781	ENSRNOG00000047306
ENSG00000178093	TSSK6	ENSMUSG00000047654	ENSRNOG00000020599
ENSG00000178096	BOLA1	ENSMUSG00000015943	ENSRNOG00000021185
ENSG00000178104	PDE4DIP	ENSMUSG00000038170	ENSRNOG00000018220
ENSG00000178105	DDX10	ENSMUSG00000053289	ENSRNOG00000012500
ENSG00000178125	PPP1R42	ENSMUSG00000025916	ENSRNOG00000006804
ENSG00000178127	NDUFV2	ENSMUSG00000024099	ENSRNOG00000042503
ENSG00000178149	DALRD3	ENSMUSG00000019039	ENSRNOG00000020159
ENSG00000178163	ZNF518B	ENSMUSG00000046572	ENSRNOG00000028534
ENSG00000178171	AMER3	ENSMUSG00000045174	ENSRNOG00000023603
ENSG00000178172	SPINK6	ENSMUSG00000055095	ENSRNOG00000013073
ENSG00000178175	ZNF366	ENSMUSG00000050919	ENSRNOG00000017249
ENSG00000178177	LCORL	ENSMUSG00000015882	ENSRNOG00000080164
ENSG00000178184	PARD6G	ENSMUSG00000056214	ENSRNOG00000055157
ENSG00000178187	ZNF454	ENSMUSG00000048728	ENSRNOG00000081437
ENSG00000178188	SH2B1	ENSMUSG00000030733	ENSRNOG00000049181
ENSG00000178199	ZC3H12D	ENSMUSG00000039981	ENSRNOG00000016041
ENSG00000178202	POGLUT3	ENSMUSG00000034487	ENSRNOG00000007177
ENSG00000178209	PLEC	ENSMUSG00000022565	ENSRNOG00000023781
ENSG00000178217	SH2D4B	ENSMUSG00000037833	ENSRNOG00000042623
ENSG00000178222	RNF212	ENSMUSG00000055385	ENSRNOG00000059010
ENSG00000178226	PRSS36	ENSMUSG00000070371	ENSRNOG00000033343
ENSG00000178233	TMEM151B	ENSMUSG00000096847	ENSRNOG00000019961
ENSG00000178234	GALNT11	ENSMUSG00000038072	ENSRNOG00000008117
ENSG00000178235	SLITRK1	ENSMUSG00000075478	ENSRNOG00000009209
ENSG00000178252	WDR6	ENSMUSG00000066357	ENSRNOG00000020185
ENSG00000178279	TNP2	ENSMUSG00000043050	ENSRNOG00000002566
ENSG00000178295	GEN1	ENSMUSG00000051235	ENSRNOG00000004667
ENSG00000178297	TMPRSS9	ENSMUSG00000059406	ENSRNOG00000032429
ENSG00000178301	AQP11	ENSMUSG00000042797	ENSRNOG00000013358
ENSG00000178338	ZNF354B	ENSMUSG00000020335	ENSRNOG00000029678
ENSG00000178342	KCNG2	ENSMUSG00000059852	ENSRNOG00000053640
ENSG00000178343	SHISA3	ENSMUSG00000050010	ENSRNOG00000025670
ENSG00000178363	CALML3	ENSMUSG00000063130	ENSRNOG00000031955
ENSG00000178381	ZFAND2A	ENSMUSG00000053581	ENSRNOG00000032917
ENSG00000178385	PLEKHM3	ENSMUSG00000051344	ENSRNOG00000023760
ENSG00000178395	CCDC185	ENSMUSG00000043429	ENSRNOG00000022104
ENSG00000178397	FAM220A	ENSMUSG00000083012	ENSRNOG00000024605
ENSG00000178401	DNAJC22	ENSMUSG00000038009	ENSRNOG00000053498
ENSG00000178403	NEUROG2	ENSMUSG00000027967	ENSRNOG00000010972
ENSG00000178404	CEP295NL	ENSMUSG00000076433	ENSRNOG00000033143
ENSG00000178409	BEND3	ENSMUSG00000038214	ENSRNOG00000046505
ENSG00000178425	NT5DC1	ENSMUSG00000039480	ENSRNOG00000000546
ENSG00000178445	GLDC	ENSMUSG00000024827	ENSRNOG00000011599
ENSG00000178449	COX14	ENSMUSG00000023020	ENSRNOG00000084326
ENSG00000178460	MCMDC2	ENSMUSG00000046101	ENSRNOG00000021702
ENSG00000178462	TUBAL3	ENSMUSG00000021216	ENSRNOG00000028750
ENSG00000178467	P4HTM	ENSMUSG00000006675	ENSRNOG00000020249
ENSG00000178473	UCN3	ENSMUSG00000044988	ENSRNOG00000017759
ENSG00000178498	DTX3	ENSMUSG00000040415	ENSRNOG00000005129
ENSG00000178502	KLHL11	ENSMUSG00000048732	ENSRNOG00000016921
ENSG00000178522	AMBN	ENSMUSG00000029288	ENSRNOG00000003718
ENSG00000178531	CTXN1	ENSMUSG00000048644	ENSRNOG00000073687
ENSG00000178537	SLC25A20	ENSMUSG00000032602	ENSRNOG00000020288
ENSG00000178538	CA8	ENSMUSG00000041261	ENSRNOG00000005669
ENSG00000178567	EPM2AIP1	ENSMUSG00000046785	ENSRNOG00000043006
ENSG00000178568	ERBB4	ENSMUSG00000062209	ENSRNOG00000014248
ENSG00000178573	MAF	ENSMUSG00000055435	ENSRNOG00000012428
ENSG00000178585	CTNNBIP1	ENSMUSG00000028988	ENSRNOG00000016313
ENSG00000178591	DEFB125	ENSMUSG00000074680	ENSRNOG00000053114
ENSG00000178597	PSAPL1	ENSMUSG00000043430	ENSRNOG00000006845
ENSG00000178602	OTOS	ENSMUSG00000044055	ENSRNOG00000016567
ENSG00000178605	GTPBP6	ENSMUSG00000033434	ENSRNOG00000062521
ENSG00000178607	ERN1	ENSMUSG00000020715	ENSRNOG00000012864
ENSG00000178623	GPR35	ENSMUSG00000026271	ENSRNOG00000062887
ENSG00000178645	C10orf53	ENSMUSG00000072473	ENSRNOG00000039749
ENSG00000178662	CSRNP3	ENSMUSG00000044647	ENSRNOG00000005359
ENSG00000178685	PARP10	ENSMUSG00000063268	ENSRNOG00000004361
ENSG00000178691	SUZ12	ENSMUSG00000017548	ENSRNOG00000058663
ENSG00000178694	NSUN3	ENSMUSG00000050312	ENSRNOG00000070121
ENSG00000178695	KCTD12	ENSMUSG00000098557	ENSRNOG00000066973
ENSG00000178718	RPP25	ENSMUSG00000062309	ENSRNOG00000018812
ENSG00000178719	GRINA	ENSMUSG00000022564	ENSRNOG00000029941
ENSG00000178726	THBD	ENSMUSG00000074743	ENSRNOG00000004687
ENSG00000178732	GP5	ENSMUSG00000047953	ENSRNOG00000038540
ENSG00000178750	STX19	ENSMUSG00000047854	ENSRNOG00000070368
ENSG00000178752	ERFE	ENSMUSG00000047443	ENSRNOG00000024688
ENSG00000178761	FAM219B	ENSMUSG00000032305	ENSRNOG00000054468
ENSG00000178764	ZHX2	ENSMUSG00000071757	ENSRNOG00000005417
ENSG00000178772	CPN2	ENSMUSG00000023176	ENSRNOG00000024384
ENSG00000178773	CPNE7	ENSMUSG00000034796	ENSRNOG00000015397
ENSG00000178776	C5orf46	ENSMUSG00000071858	ENSRNOG00000039260
ENSG00000178789	CD300LB	ENSMUSG00000063193	ENSRNOG00000070190
ENSG00000178795	GDPD4	ENSMUSG00000035582	ENSRNOG00000028470
ENSG00000178796	RIIAD1	ENSMUSG00000028139	ENSRNOG00000037310
ENSG00000178802	MPI	ENSMUSG00000032306	ENSRNOG00000018898
ENSG00000178804	H1-8	ENSMUSG00000042279	ENSRNOG00000025251
ENSG00000178814	OPLAH	ENSMUSG00000022562	ENSRNOG00000011781
ENSG00000178821	TMEM52	ENSMUSG00000023153	ENSRNOG00000016618
ENSG00000178826	TMEM139	ENSMUSG00000071506	ENSRNOG00000063089
ENSG00000178828	RNF186	ENSMUSG00000070661	ENSRNOG00000017244
ENSG00000178852	EFCAB13	ENSMUSG00000020690	ENSRNOG00000042255
ENSG00000178860	MSC	ENSMUSG00000025930	ENSRNOG00000007540
ENSG00000178878	APOLD1	ENSMUSG00000090698	ENSRNOG00000007830
ENSG00000178882	RFLNA	ENSMUSG00000037962	ENSRNOG00000080603
ENSG00000178896	EXOSC4	ENSMUSG00000034259	ENSRNOG00000012348
ENSG00000178904	DPY19L3	ENSMUSG00000043671	ENSRNOG00000021573
ENSG00000178913	TAF7	ENSMUSG00000051316	ENSRNOG00000068493
ENSG00000178919	FOXE1	ENSMUSG00000070990	ENSRNOG00000023497
ENSG00000178921	PFAS	ENSMUSG00000020899	ENSRNOG00000005193
ENSG00000178927	CYBC1	ENSMUSG00000039294	ENSRNOG00000036666
ENSG00000178950	GAK	ENSMUSG00000062234	ENSRNOG00000000048
ENSG00000178951	ZBTB7A	ENSMUSG00000035011	ENSRNOG00000020161
ENSG00000178952	TUFM	ENSMUSG00000073838	ENSRNOG00000018604
ENSG00000178965	ERICH3	ENSMUSG00000078161	ENSRNOG00000009533
ENSG00000178966	RMI1	ENSMUSG00000035367	ENSRNOG00000019108
ENSG00000178971	CTC1	ENSMUSG00000020898	ENSRNOG00000005357
ENSG00000178974	FBXO34	ENSMUSG00000037536	ENSRNOG00000011704
ENSG00000178980	SELENOW	ENSMUSG00000041571	ENSRNOG00000051483
ENSG00000178982	EIF3K	ENSMUSG00000053565	ENSRNOG00000020495
ENSG00000178996	SNX18	ENSMUSG00000042364	ENSRNOG00000010971
ENSG00000178997	EXD1	ENSMUSG00000048647	ENSRNOG00000025360
ENSG00000178999	AURKB	ENSMUSG00000020897	ENSRNOG00000005659
ENSG00000179002	TAS1R2	ENSMUSG00000028738	ENSRNOG00000061876
ENSG00000179008	C14orf39	ENSMUSG00000021098	ENSRNOG00000031655
ENSG00000179023	KLHDC7A	ENSMUSG00000078234	ENSRNOG00000018867
ENSG00000179029	TMEM107	ENSMUSG00000020895	ENSRNOG00000006519
ENSG00000179041	RRS1	ENSMUSG00000061024	ENSRNOG00000007240
ENSG00000179044	EXOC3L1	ENSMUSG00000043251	ENSRNOG00000015641
ENSG00000179046	TRIML2	ENSMUSG00000091490	ENSRNOG00000028299
ENSG00000179051	RCC2	ENSMUSG00000040945	ENSRNOG00000006327
ENSG00000179055	OR13D1	ENSMUSG00000070983	ENSRNOG00000072622
ENSG00000179058	C9orf50	ENSMUSG00000044320	ENSRNOG00000018486
ENSG00000179071	CCDC89	ENSMUSG00000044362	ENSRNOG00000048071
ENSG00000179088	C12orf42	ENSMUSG00000047129	ENSRNOG00000038943
ENSG00000179091	CYC1	ENSMUSG00000022551	ENSRNOG00000012457
ENSG00000179094	PER1	ENSMUSG00000020893	ENSRNOG00000007387
ENSG00000179097	HTR1F	ENSMUSG00000050783	ENSRNOG00000000716
ENSG00000179104	TMTC2	ENSMUSG00000036019	ENSRNOG00000004585
ENSG00000179111	HES7	ENSMUSG00000023781	ENSRNOG00000007391
ENSG00000179115	FARSA	ENSMUSG00000003808	ENSRNOG00000003149
ENSG00000179119	SPTY2D1	ENSMUSG00000049516	ENSRNOG00000070392
ENSG00000179133	C10orf67	ENSMUSG00000026734	ENSRNOG00000021898
ENSG00000179134	SAMD4B	ENSMUSG00000109336	ENSRNOG00000079475
ENSG00000179144	GIMAP7	ENSMUSG00000043931	ENSRNOG00000038740
ENSG00000179148	ALOXE3	ENSMUSG00000020892	ENSRNOG00000007454
ENSG00000179151	EDC3	ENSMUSG00000038957	ENSRNOG00000019579
ENSG00000179152	TCAIM	ENSMUSG00000046603	ENSRNOG00000004085
ENSG00000179163	FUCA1	ENSMUSG00000028673	ENSRNOG00000009325
ENSG00000179165	PXT1	ENSMUSG00000045378	ENSRNOG00000000516
ENSG00000179168	GGN	ENSMUSG00000031493	ENSRNOG00000023931
ENSG00000179178	TMEM125	ENSMUSG00000050854	ENSRNOG00000006924
ENSG00000179195	ZNF664	ENSMUSG00000079215	ENSRNOG00000064009
ENSG00000179213	SIGLECL1	ENSMUSG00000108695	ENSRNOG00000059992
ENSG00000179218	CALR	ENSMUSG00000003814	ENSRNOG00000003029
ENSG00000179222	MAGED1	ENSMUSG00000025151	ENSRNOG00000006756
ENSG00000179241	LDLRAD3	ENSMUSG00000048058	ENSRNOG00000058157
ENSG00000179242	CDH4	ENSMUSG00000000305	ENSRNOG00000052405
ENSG00000179262	RAD23A	ENSMUSG00000003813	ENSRNOG00000003026
ENSG00000179270	PCARE	ENSMUSG00000044375	ENSRNOG00000008942
ENSG00000179271	GADD45GIP1	ENSMUSG00000033751	ENSRNOG00000003011
ENSG00000179292	TMEM151A	ENSMUSG00000061451	ENSRNOG00000049951
ENSG00000179295	PTPN11	ENSMUSG00000043733	ENSRNOG00000030124
ENSG00000179299	NSUN7	ENSMUSG00000029206	ENSRNOG00000025494
ENSG00000179300	RTL3	ENSMUSG00000047686	ENSRNOG00000002429
ENSG00000179314	WSCD1	ENSMUSG00000020811	ENSRNOG00000007869
ENSG00000179331	RAB39A	ENSMUSG00000055069	ENSRNOG00000063146
ENSG00000179335	CLK3	ENSMUSG00000032316	ENSRNOG00000030126
ENSG00000179348	GATA2	ENSMUSG00000015053	ENSRNOG00000012347
ENSG00000179361	ARID3B	ENSMUSG00000004661	ENSRNOG00000019677
ENSG00000179364	PACS2	ENSMUSG00000021143	ENSRNOG00000014744
ENSG00000179388	EGR3	ENSMUSG00000033730	ENSRNOG00000017828
ENSG00000179399	GPC5	ENSMUSG00000022112	ENSRNOG00000071105
ENSG00000179403	VWA1	ENSMUSG00000042116	ENSRNOG00000018338
ENSG00000179407	DNAJB8	ENSMUSG00000048206	ENSRNOG00000081815
ENSG00000179431	FJX1	ENSMUSG00000075012	ENSRNOG00000005347
ENSG00000179454	KLHL28	ENSMUSG00000020948	ENSRNOG00000004218
ENSG00000179455	MKRN3	ENSMUSG00000070527	ENSRNOG00000010172
ENSG00000179456	ZBTB18	ENSMUSG00000063659	ENSRNOG00000004423
ENSG00000179468	OR9A2	ENSMUSG00000045479	ENSRNOG00000069338
ENSG00000179476	DORIP1	ENSMUSG00000047227	ENSRNOG00000023230
ENSG00000179477	ALOX12B	ENSMUSG00000032807	ENSRNOG00000022210
ENSG00000179520	SLC17A8	ENSMUSG00000019935	ENSRNOG00000007581
ENSG00000179526	SHARPIN	ENSMUSG00000022552	ENSRNOG00000012812
ENSG00000179528	LBX2	ENSMUSG00000034968	ENSRNOG00000008466
ENSG00000179532	DNHD1	ENSMUSG00000030882	ENSRNOG00000051291
ENSG00000179542	SLITRK4	ENSMUSG00000046699	ENSRNOG00000062783
ENSG00000179562	GCC1	ENSMUSG00000029708	ENSRNOG00000007792
ENSG00000179564	LSMEM2	ENSMUSG00000103409	ENSRNOG00000052634
ENSG00000179580	RNF151	ENSMUSG00000008482	ENSRNOG00000014127
ENSG00000179583	CIITA	ENSMUSG00000022504	ENSRNOG00000002659
ENSG00000179588	ZFPM1	ENSMUSG00000049577	ENSRNOG00000043077
ENSG00000179593	ALOX15B	ENSMUSG00000020891	ENSRNOG00000007778
ENSG00000179598	PLD6	ENSMUSG00000043648	ENSRNOG00000021657
ENSG00000179600	GPHB5	ENSMUSG00000048982	ENSRNOG00000083703
ENSG00000179603	GRM8	ENSMUSG00000024211	ENSRNOG00000021468
ENSG00000179604	CDC42EP4	ENSMUSG00000041598	ENSRNOG00000028946
ENSG00000179627	ZBTB42	ENSMUSG00000037638	ENSRNOG00000037562
ENSG00000179630	LACC1	ENSMUSG00000044350	ENSRNOG00000022094
ENSG00000179632	MAF1	ENSMUSG00000022553	ENSRNOG00000013514
ENSG00000179636	TPPP2	ENSMUSG00000008813	ENSRNOG00000090962
ENSG00000179639	FCER1A	ENSMUSG00000005339	ENSRNOG00000009177
ENSG00000179673	RPRML	ENSMUSG00000046215	ENSRNOG00000028436
ENSG00000179674	ARL14	ENSMUSG00000098207	ENSRNOG00000049827
ENSG00000179695	OR6C2	ENSMUSG00000047626	ENSRNOG00000091051
ENSG00000179715	PCED1B	ENSMUSG00000044250	ENSRNOG00000022807
ENSG00000179751	SYCN	ENSMUSG00000084174	ENSRNOG00000019879
ENSG00000179761	PIPOX	ENSMUSG00000017453	ENSRNOG00000008798
ENSG00000179772	FOXS1	ENSMUSG00000074676	ENSRNOG00000090853
ENSG00000179774	ATOH7	ENSMUSG00000036816	ENSRNOG00000078656
ENSG00000179776	CDH5	ENSMUSG00000031871	ENSRNOG00000013324
ENSG00000179796	LRRC3B	ENSMUSG00000045201	ENSRNOG00000005857
ENSG00000179813	FAM216B	ENSMUSG00000045655	ENSRNOG00000021943
ENSG00000179820	MYADM	ENSMUSG00000068566	ENSRNOG00000053450
ENSG00000179832	MROH1	ENSMUSG00000022558	ENSRNOG00000030355
ENSG00000179833	SERTAD2	ENSMUSG00000049800	ENSRNOG00000005393
ENSG00000179841	AKAP5	ENSMUSG00000021057	ENSRNOG00000006410
ENSG00000179846	NKPD1	ENSMUSG00000060621	ENSRNOG00000043378
ENSG00000179855	GIPC3	ENSMUSG00000034872	ENSRNOG00000087702
ENSG00000179859	RNF227	ENSMUSG00000043419	ENSRNOG00000021540
ENSG00000179862	CITED4	ENSMUSG00000070803	ENSRNOG00000046607
ENSG00000179869	ABCA13	ENSMUSG00000004668	ENSRNOG00000025645
ENSG00000179886	TIGD5	ENSMUSG00000103906	ENSRNOG00000008686
ENSG00000179889	PDXDC1	ENSMUSG00000022680	ENSRNOG00000002407
ENSG00000179902	CFAP276	ENSMUSG00000027886	ENSRNOG00000020307
ENSG00000179912	R3HDM2	ENSMUSG00000025404	ENSRNOG00000007801
ENSG00000179913	B3GNT3	ENSMUSG00000031803	ENSRNOG00000018764
ENSG00000179914	ITLN1	ENSMUSG00000038209	ENSRNOG00000004678
ENSG00000179915	NRXN1	ENSMUSG00000024109	ENSRNOG00000050220
ENSG00000179921	GPBAR1	ENSMUSG00000064272	ENSRNOG00000087111
ENSG00000179922	ZNF784	ENSMUSG00000043290	ENSRNOG00000016279
ENSG00000179930	ZNF648	ENSMUSG00000066797	ENSRNOG00000031569
ENSG00000179934	CCR8	ENSMUSG00000042262	ENSRNOG00000026759
ENSG00000179941	BBS10	ENSMUSG00000035759	ENSRNOG00000026913
ENSG00000179943	FIZ1	ENSMUSG00000061374	ENSRNOG00000016574
ENSG00000179950	PUF60	ENSMUSG00000002524	ENSRNOG00000009960
ENSG00000179954	SSC5D	ENSMUSG00000035279	ENSRNOG00000016687
ENSG00000179958	DCTPP1	ENSMUSG00000042462	ENSRNOG00000017850
ENSG00000179965	ZNF771	ENSMUSG00000054716	ENSRNOG00000043225
ENSG00000179981	TSHZ1	ENSMUSG00000046982	ENSRNOG00000016246
ENSG00000179988	PSTK	ENSMUSG00000063179	ENSRNOG00000020605
ENSG00000180008	SOCS4	ENSMUSG00000048379	ENSRNOG00000068183
ENSG00000180011	PTGR3	ENSMUSG00000049090	ENSRNOG00000016239
ENSG00000180035	ZNF48	ENSMUSG00000045598	ENSRNOG00000017837
ENSG00000180042	OR1R1	ENSMUSG00000049041	ENSRNOG00000019898
ENSG00000180043	GARIN5B	ENSMUSG00000092518	ENSRNOG00000033173
ENSG00000180044	C3orf80	ENSMUSG00000046999	ENSRNOG00000009803
ENSG00000180053	NKX2-6	ENSMUSG00000044186	ENSRNOG00000021910
ENSG00000180061	TMEM150B	ENSMUSG00000046456	ENSRNOG00000028273
ENSG00000180083	WFDC11	ENSMUSG00000078940	ENSRNOG00000065546
ENSG00000180089	TMEM86B	ENSMUSG00000045282	ENSRNOG00000087324
ENSG00000180096	SEPTIN1	ENSMUSG00000000486	ENSRNOG00000017804
ENSG00000180098	TRNAU1AP	ENSMUSG00000028898	ENSRNOG00000055344
ENSG00000180104	EXOC3	ENSMUSG00000034152	ENSRNOG00000014721
ENSG00000180113	TDRD6	ENSMUSG00000040140	ENSRNOG00000025693
ENSG00000180116	REDIC1	ENSMUSG00000078932	ENSRNOG00000025898
ENSG00000180155	LYNX1	ENSMUSG00000075605	ENSRNOG00000031437
ENSG00000180176	TH	ENSMUSG00000000214	ENSRNOG00000020410
ENSG00000180185	FAHD1	ENSMUSG00000045316	ENSRNOG00000014727
ENSG00000180190	TDRP	ENSMUSG00000050052	ENSRNOG00000027245
ENSG00000180198	RCC1	ENSMUSG00000028896	ENSRNOG00000050106
ENSG00000180205	WFDC9	ENSMUSG00000074594	ENSRNOG00000031380
ENSG00000180209	MYL11	ENSMUSG00000030672	ENSRNOG00000017645
ENSG00000180210	F2	ENSMUSG00000027249	ENSRNOG00000016325
ENSG00000180228	PRKRA	ENSMUSG00000002731	ENSRNOG00000011195
ENSG00000180233	ZNRF2	ENSMUSG00000058446	ENSRNOG00000049057
ENSG00000180245	RRH	ENSMUSG00000028012	ENSRNOG00000053349
ENSG00000180251	SLC9A4	ENSMUSG00000026065	ENSRNOG00000015306
ENSG00000180263	FGD6	ENSMUSG00000020021	ENSRNOG00000054515
ENSG00000180269	GPR139	ENSMUSG00000066197	ENSRNOG00000078864
ENSG00000180287	PLD5	ENSMUSG00000055214	ENSRNOG00000003997
ENSG00000180304	OAZ2	ENSMUSG00000040652	ENSRNOG00000015953
ENSG00000180305	WFDC10A	ENSMUSG00000070529	ENSRNOG00000026067
ENSG00000180316	PNPLA1	ENSMUSG00000043286	ENSRNOG00000028622
ENSG00000180318	ALX1	ENSMUSG00000036602	ENSRNOG00000004390
ENSG00000180329	CCDC43	ENSMUSG00000020925	ENSRNOG00000002748
ENSG00000180332	KCTD4	ENSMUSG00000046523	ENSRNOG00000050996
ENSG00000180336	MEIOC	ENSMUSG00000051455	ENSRNOG00000021953
ENSG00000180340	FZD2	ENSMUSG00000050288	ENSRNOG00000021962
ENSG00000180346	TIGD2	ENSMUSG00000049232	ENSRNOG00000038449
ENSG00000180347	ITPRID1	ENSMUSG00000037973	ENSRNOG00000012165
ENSG00000180353	HCLS1	ENSMUSG00000022831	ENSRNOG00000038881
ENSG00000180354	MTURN	ENSMUSG00000038065	ENSRNOG00000010205
ENSG00000180357	ZNF609	ENSMUSG00000040524	ENSRNOG00000015977
ENSG00000180370	PAK2	ENSMUSG00000022781	ENSRNOG00000001747
ENSG00000180376	CCDC66	ENSMUSG00000046753	ENSRNOG00000028380
ENSG00000180383	DEFB124	ENSMUSG00000074678	ENSRNOG00000036895
ENSG00000180398	MCFD2	ENSMUSG00000024150	ENSRNOG00000015059
ENSG00000180423	HARBI1	ENSMUSG00000027243	ENSRNOG00000081861
ENSG00000180424	DEFB123	ENSMUSG00000044863	ENSRNOG00000088915
ENSG00000180425	C11orf71	ENSMUSG00000042293	ENSRNOG00000005918
ENSG00000180432	CYP8B1	ENSMUSG00000050445	ENSRNOG00000019481
ENSG00000180433	OR6K6	ENSMUSG00000046486	ENSRNOG00000085155
ENSG00000180440	SERTM1	ENSMUSG00000056306	ENSRNOG00000014046
ENSG00000180447	GAS1	ENSMUSG00000052957	ENSRNOG00000065398
ENSG00000180448	ARHGAP45	ENSMUSG00000035697	ENSRNOG00000013220
ENSG00000180481	GLIPR1L2	ENSMUSG00000020214	ENSRNOG00000049053
ENSG00000180483	DEFB119	ENSMUSG00000050645	ENSRNOG00000036897
ENSG00000180488	MIGA1	ENSMUSG00000054942	ENSRNOG00000056332
ENSG00000180509	KCNE1	ENSMUSG00000039639	ENSRNOG00000001984
ENSG00000180530	NRIP1	ENSMUSG00000048490	ENSRNOG00000001585
ENSG00000180535	BHLHA15	ENSMUSG00000052271	ENSRNOG00000025164
ENSG00000180537	RNF182	ENSMUSG00000044164	ENSRNOG00000018070
ENSG00000180543	TSPYL5	ENSMUSG00000038984	ENSRNOG00000006278
ENSG00000180549	FUT7	ENSMUSG00000036587	ENSRNOG00000014156
ENSG00000180592	SKIDA1	ENSMUSG00000054074	ENSRNOG00000033330
ENSG00000180611	MB21D2	ENSMUSG00000051065	ENSRNOG00000024040
ENSG00000180613	GSX2	ENSMUSG00000035946	ENSRNOG00000002266
ENSG00000180616	SSTR2	ENSMUSG00000047904	ENSRNOG00000002793
ENSG00000180628	PCGF5	ENSMUSG00000024805	ENSRNOG00000018532
ENSG00000180644	PRF1	ENSMUSG00000037202	ENSRNOG00000000562
ENSG00000180660	MAB21L1	ENSMUSG00000056947	ENSRNOG00000032941
ENSG00000180697	C3orf22	ENSMUSG00000049694	ENSRNOG00000025934
ENSG00000180720	CHRM4	ENSMUSG00000040495	ENSRNOG00000017556
ENSG00000180730	SHISA2	ENSMUSG00000044461	ENSRNOG00000012521
ENSG00000180739	S1PR5	ENSMUSG00000045087	ENSRNOG00000020901
ENSG00000180745	CLRN3	ENSMUSG00000050866	ENSRNOG00000028288
ENSG00000180758	GPR157	ENSMUSG00000047875	ENSRNOG00000017528
ENSG00000180767	CHST13	ENSMUSG00000056643	ENSRNOG00000025930
ENSG00000180772	AGTR2	ENSMUSG00000068122	ENSRNOG00000050006
ENSG00000180773	SLC36A4	ENSMUSG00000043885	ENSRNOG00000011455
ENSG00000180776	ZDHHC20	ENSMUSG00000021969	ENSRNOG00000011024
ENSG00000180785	OR51E1	ENSMUSG00000070423	ENSRNOG00000018551
ENSG00000180787	ZFP3	ENSMUSG00000043602	ENSRNOG00000005009
ENSG00000180801	ARSJ	ENSMUSG00000046561	ENSRNOG00000000001
ENSG00000180806	HOXC9	ENSMUSG00000036139	ENSRNOG00000016199
ENSG00000180815	MAP3K15	ENSMUSG00000031303	ENSRNOG00000025290
ENSG00000180817	PPA1	ENSMUSG00000020089	ENSRNOG00000063854
ENSG00000180818	HOXC10	ENSMUSG00000022484	ENSRNOG00000016149
ENSG00000180822	PSMG4	ENSMUSG00000071451	ENSRNOG00000039265
ENSG00000180828	BHLHE22	ENSMUSG00000025128	ENSRNOG00000021745
ENSG00000180834	MAP6D1	ENSMUSG00000041205	ENSRNOG00000090872
ENSG00000180871	CXCR2	ENSMUSG00000026180	ENSRNOG00000063618
ENSG00000180875	GREM2	ENSMUSG00000050069	ENSRNOG00000003616
ENSG00000180878	C11orf42	ENSMUSG00000078611	ENSRNOG00000071363
ENSG00000180879	SSR4	ENSMUSG00000002014	ENSRNOG00000053172
ENSG00000180881	CAPS2	ENSMUSG00000035694	ENSRNOG00000026600
ENSG00000180891	CUEDC1	ENSMUSG00000018378	ENSRNOG00000010257
ENSG00000180900	SCRIB	ENSMUSG00000022568	ENSRNOG00000032574
ENSG00000180901	KCTD2	ENSMUSG00000016940	ENSRNOG00000023764
ENSG00000180902	D2HGDH	ENSMUSG00000073609	ENSRNOG00000019012
ENSG00000180914	OXTR	ENSMUSG00000049112	ENSRNOG00000005806
ENSG00000180917	CMTR2	ENSMUSG00000046441	ENSRNOG00000017102
ENSG00000180921	FAM83H	ENSMUSG00000046761	ENSRNOG00000030264
ENSG00000180929	GPR62	ENSMUSG00000091735	ENSRNOG00000083309
ENSG00000180957	PITPNB	ENSMUSG00000050017	ENSRNOG00000000665
ENSG00000180964	TCEAL8	ENSMUSG00000051579	ENSRNOG00000028585
ENSG00000180974	OR52E4	ENSMUSG00000073914	ENSRNOG00000017351
ENSG00000180979	LRRC57	ENSMUSG00000027286	ENSRNOG00000009143
ENSG00000180992	MRPL14	ENSMUSG00000023939	ENSRNOG00000019734
ENSG00000180998	GPR137C	ENSMUSG00000049092	ENSRNOG00000026328
ENSG00000180999	C1orf105	ENSMUSG00000086277	ENSRNOG00000026523
ENSG00000181004	BBS12	ENSMUSG00000051444	ENSRNOG00000068263
ENSG00000181007	ZFP82	ENSMUSG00000098022	ENSRNOG00000052023
ENSG00000181016	LSMEM1	ENSMUSG00000071342	ENSRNOG00000039110
ENSG00000181019	NQO1	ENSMUSG00000003849	ENSRNOG00000012772
ENSG00000181026	AEN	ENSMUSG00000030609	ENSRNOG00000018421
ENSG00000181027	FKRP	ENSMUSG00000048920	ENSRNOG00000016055
ENSG00000181029	TRAPPC5	ENSMUSG00000040236	ENSRNOG00000001003
ENSG00000181031	RPH3AL	ENSMUSG00000020847	ENSRNOG00000061429
ENSG00000181035	SLC25A42	ENSMUSG00000002346	ENSRNOG00000020345
ENSG00000181038	METTL23	ENSMUSG00000090266	ENSRNOG00000000249
ENSG00000181045	SLC26A11	ENSMUSG00000039908	ENSRNOG00000030537
ENSG00000181072	CHRM2	ENSMUSG00000045613	ENSRNOG00000046972
ENSG00000181085	MAPK15	ENSMUSG00000063704	ENSRNOG00000009336
ENSG00000181090	EHMT1	ENSMUSG00000036893	ENSRNOG00000007242
ENSG00000181092	ADIPOQ	ENSMUSG00000022878	ENSRNOG00000001821
ENSG00000181104	F2R	ENSMUSG00000048376	ENSRNOG00000048043
ENSG00000181109	OR52P1	ENSMUSG00000073924	ENSRNOG00000089365
ENSG00000181143	MUC16	ENSMUSG00000109564	ENSRNOG00000072977
ENSG00000181163	NPM1	ENSMUSG00000057113	ENSRNOG00000039997
ENSG00000181191	PJA1	ENSMUSG00000034403	ENSRNOG00000047339
ENSG00000181192	DHTKD1	ENSMUSG00000025815	ENSRNOG00000023587
ENSG00000181195	PENK	ENSMUSG00000045573	ENSRNOG00000008943
ENSG00000181215	C4orf50	ENSMUSG00000117286	ENSRNOG00000038427
ENSG00000181218	H2AC25	ENSMUSG00000078851	ENSRNOG00000064520
ENSG00000181220	ZNF746	ENSMUSG00000057691	ENSRNOG00000007064
ENSG00000181222	POLR2A	ENSMUSG00000005198	ENSRNOG00000028834
ENSG00000181234	TMEM132C	ENSMUSG00000034324	ENSRNOG00000000963
ENSG00000181240	SLC25A41	ENSMUSG00000011486	ENSRNOG00000048853
ENSG00000181264	TLCD5	ENSMUSG00000048503	ENSRNOG00000021793
ENSG00000181274	FRAT2	ENSMUSG00000047604	ENSRNOG00000045543
ENSG00000181284	TMEM102	ENSMUSG00000089876	ENSRNOG00000015057
ENSG00000181291	TMEM132E	ENSMUSG00000020701	ENSRNOG00000007455
ENSG00000181315	ZNF322	ENSMUSG00000046351	ENSRNOG00000017318
ENSG00000181323	SPEM1	ENSMUSG00000041165	ENSRNOG00000015419
ENSG00000181333	HEPHL1	ENSMUSG00000031936	ENSRNOG00000056092
ENSG00000181350	LRRC75A	ENSMUSG00000046417	ENSRNOG00000073513
ENSG00000181371	OR5M8	ENSMUSG00000043267	ENSRNOG00000009670
ENSG00000181378	CFAP65	ENSMUSG00000047021	ENSRNOG00000056996
ENSG00000181392	SYNE4	ENSMUSG00000019737	ENSRNOG00000049277
ENSG00000181396	OGFOD3	ENSMUSG00000025169	ENSRNOG00000036668
ENSG00000181409	AATK	ENSMUSG00000025375	ENSRNOG00000004392
ENSG00000181418	DDN	ENSMUSG00000059213	ENSRNOG00000059605
ENSG00000181444	ZNF467	ENSMUSG00000068551	ENSRNOG00000007707
ENSG00000181449	SOX2	ENSMUSG00000074637	ENSRNOG00000090426
ENSG00000181467	RAP2B	ENSMUSG00000036894	ENSRNOG00000065432
ENSG00000181472	ZBTB2	ENSMUSG00000075327	ENSRNOG00000019544
ENSG00000181513	ACBD4	ENSMUSG00000056938	ENSRNOG00000003108
ENSG00000181518	OR8D4	ENSMUSG00000049073	ENSRNOG00000053238
ENSG00000181523	SGSH	ENSMUSG00000005043	ENSRNOG00000064880
ENSG00000181541	MAB21L2	ENSMUSG00000057777	ENSRNOG00000031398
ENSG00000181544	FANCB	ENSMUSG00000047757	ENSRNOG00000003346
ENSG00000181555	SETD2	ENSMUSG00000044791	ENSRNOG00000020915
ENSG00000181585	TMIE	ENSMUSG00000049555	ENSRNOG00000027799
ENSG00000181588	MEX3D	ENSMUSG00000048696	ENSRNOG00000030830
ENSG00000181609	OR52D1	ENSMUSG00000073931	ENSRNOG00000016993
ENSG00000181610	MRPS23	ENSMUSG00000023723	ENSRNOG00000010363
ENSG00000181616	OR52H1	ENSMUSG00000042909	ENSRNOG00000017138
ENSG00000181617	FDCSP	ENSMUSG00000105888	ENSRNOG00000030258
ENSG00000181619	GPR135	ENSMUSG00000043398	ENSRNOG00000004499
ENSG00000181631	P2RY13	ENSMUSG00000036362	ENSRNOG00000029756
ENSG00000181634	TNFSF15	ENSMUSG00000050395	ENSRNOG00000008930
ENSG00000181638	ZFP41	ENSMUSG00000047003	ENSRNOG00000007489
ENSG00000181649	PHLDA2	ENSMUSG00000010760	ENSRNOG00000020614
ENSG00000181652	ATG9B	ENSMUSG00000038295	ENSRNOG00000023449
ENSG00000181656	GPR88	ENSMUSG00000068696	ENSRNOG00000026953
ENSG00000181690	PLAG1	ENSMUSG00000003282	ENSRNOG00000008846
ENSG00000181704	YIPF6	ENSMUSG00000047694	ENSRNOG00000006642
ENSG00000181722	ZBTB20	ENSMUSG00000022708	ENSRNOG00000056716
ENSG00000181744	DIPK2A	ENSMUSG00000045414	ENSRNOG00000008519
ENSG00000181751	MACIR	ENSMUSG00000044768	ENSRNOG00000032398
ENSG00000181754	AMIGO1	ENSMUSG00000050947	ENSRNOG00000045665
ENSG00000181773	GPR3	ENSMUSG00000049649	ENSRNOG00000009540
ENSG00000181778	TMEM252	ENSMUSG00000048572	ENSRNOG00000025476
ENSG00000181781	CIMAP1D	ENSMUSG00000035963	ENSRNOG00000008199
ENSG00000181785	OR5AS1	ENSMUSG00000075158	ENSRNOG00000031356
ENSG00000181788	SIAH2	ENSMUSG00000036432	ENSRNOG00000013703
ENSG00000181789	COPG1	ENSMUSG00000030058	ENSRNOG00000010474
ENSG00000181790	ADGRB1	ENSMUSG00000034730	ENSRNOG00000029450
ENSG00000181803	OR6S1	ENSMUSG00000035932	ENSRNOG00000025640
ENSG00000181804	SLC9A9	ENSMUSG00000031129	ENSRNOG00000008554
ENSG00000181826	RELL1	ENSMUSG00000047881	ENSRNOG00000002192
ENSG00000181827	RFX7	ENSMUSG00000037674	ENSRNOG00000060367
ENSG00000181830	SLC35C1	ENSMUSG00000049922	ENSRNOG00000007732
ENSG00000181847	TIGIT	ENSMUSG00000071552	ENSRNOG00000056574
ENSG00000181852	RNF41	ENSMUSG00000025373	ENSRNOG00000086706
ENSG00000181856	SLC2A4	ENSMUSG00000018566	ENSRNOG00000017226
ENSG00000181867	FTMT	ENSMUSG00000024510	ENSRNOG00000014988
ENSG00000181873	IBA57	ENSMUSG00000049287	ENSRNOG00000068756
ENSG00000181885	CLDN7	ENSMUSG00000018569	ENSRNOG00000017325
ENSG00000181894	ZNF329	ENSMUSG00000057894	ENSRNOG00000019376
ENSG00000181904	C5orf24	ENSMUSG00000045767	ENSRNOG00000063300
ENSG00000181915	ADO	ENSMUSG00000057134	ENSRNOG00000070733
ENSG00000181924	COA4	ENSMUSG00000044881	ENSRNOG00000077991
ENSG00000181927	OR4P4	ENSMUSG00000111590	ENSRNOG00000059965
ENSG00000181929	PRKAG1	ENSMUSG00000067713	ENSRNOG00000070180
ENSG00000181938	GINS3	ENSMUSG00000031669	ENSRNOG00000011863
ENSG00000181965	NEUROG1	ENSMUSG00000048904	ENSRNOG00000022405
ENSG00000181982	CCDC149	ENSMUSG00000045790	ENSRNOG00000024454
ENSG00000182010	RTKN2	ENSMUSG00000037846	ENSRNOG00000067849
ENSG00000182013	PNMA8A	ENSMUSG00000041141	ENSRNOG00000027944
ENSG00000182022	CHST15	ENSMUSG00000030930	ENSRNOG00000016267
ENSG00000182040	USH1G	ENSMUSG00000045288	ENSRNOG00000028456
ENSG00000182050	MGAT4C	ENSMUSG00000019888	ENSRNOG00000004149
ENSG00000182054	IDH2	ENSMUSG00000030541	ENSRNOG00000013949
ENSG00000182077	PTCHD3	ENSMUSG00000039198	ENSRNOG00000046946
ENSG00000182087	TMEM259	ENSMUSG00000013858	ENSRNOG00000012808
ENSG00000182095	TNRC18	ENSMUSG00000039477	ENSRNOG00000024482
ENSG00000182103	FAM181B	ENSMUSG00000051515	ENSRNOG00000069065
ENSG00000182107	TMEM30B	ENSMUSG00000034435	ENSRNOG00000008046
ENSG00000182108	DEXI	ENSMUSG00000038055	ENSRNOG00000091318
ENSG00000182117	NOP10	ENSMUSG00000027133	ENSRNOG00000005184
ENSG00000182118	FAM89A	ENSMUSG00000043068	ENSRNOG00000019022
ENSG00000182132	KCNIP1	ENSMUSG00000053519	ENSRNOG00000005365
ENSG00000182134	TDRKH	ENSMUSG00000041912	ENSRNOG00000020860
ENSG00000182149	IST1	ENSMUSG00000031729	ENSRNOG00000015144
ENSG00000182156	ENPP7	ENSMUSG00000046697	ENSRNOG00000081693
ENSG00000182168	UNC5C	ENSMUSG00000059921	ENSRNOG00000029071
ENSG00000182173	TSEN54	ENSMUSG00000020781	ENSRNOG00000004598
ENSG00000182175	RGMA	ENSMUSG00000070509	ENSRNOG00000012874
ENSG00000182177	ASB18	ENSMUSG00000067081	ENSRNOG00000019557
ENSG00000182179	UBA7	ENSMUSG00000032596	ENSRNOG00000029195
ENSG00000182180	MRPS16	ENSMUSG00000049960	ENSRNOG00000006898
ENSG00000182183	SHISAL2A	ENSMUSG00000059816	ENSRNOG00000030641
ENSG00000182185	RAD51B	ENSMUSG00000059060	ENSRNOG00000059245
ENSG00000182195	LDOC1	ENSMUSG00000057615	ENSRNOG00000003409
ENSG00000182196	ARL6IP4	ENSMUSG00000029404	ENSRNOG00000001080
ENSG00000182197	EXT1	ENSMUSG00000061731	ENSRNOG00000024886
ENSG00000182199	SHMT2	ENSMUSG00000025403	ENSRNOG00000008106
ENSG00000182208	MOB2	ENSMUSG00000025147	ENSRNOG00000020044
ENSG00000182218	HHIPL1	ENSMUSG00000021260	ENSRNOG00000028390
ENSG00000182220	ATP6AP2	ENSMUSG00000031007	ENSRNOG00000003858
ENSG00000182223	ZAR1	ENSMUSG00000063935	ENSRNOG00000026150
ENSG00000182224	CYB5D1	ENSMUSG00000044795	ENSRNOG00000066275
ENSG00000182240	BACE2	ENSMUSG00000040605	ENSRNOG00000001953
ENSG00000182247	UBE2E2	ENSMUSG00000058317	ENSRNOG00000032690
ENSG00000182253	SYNM	ENSMUSG00000030554	ENSRNOG00000014030
ENSG00000182255	KCNA4	ENSMUSG00000042604	ENSRNOG00000004918
ENSG00000182256	GABRG3	ENSMUSG00000055026	ENSRNOG00000014862
ENSG00000182261	NLRP10	ENSMUSG00000049709	ENSRNOG00000015082
ENSG00000182263	FIGN	ENSMUSG00000075324	ENSRNOG00000004679
ENSG00000182264	IZUMO1	ENSMUSG00000064158	ENSRNOG00000089371
ENSG00000182271	TMIGD1	ENSMUSG00000020839	ENSRNOG00000003865
ENSG00000182272	B4GALNT4	ENSMUSG00000055629	ENSRNOG00000053075
ENSG00000182287	AP1S2	ENSMUSG00000031367	ENSRNOG00000038686
ENSG00000182307	C8orf33	ENSMUSG00000063236	ENSRNOG00000034107
ENSG00000182310	SPACA6	ENSMUSG00000080316	ENSRNOG00000039076
ENSG00000182318	ZSCAN22	ENSMUSG00000054715	ENSRNOG00000031113
ENSG00000182325	FBXL6	ENSMUSG00000022559	ENSRNOG00000025497
ENSG00000182327	GLTPD2	ENSMUSG00000046811	ENSRNOG00000070553
ENSG00000182329	KIAA2012	ENSMUSG00000047361	ENSRNOG00000022723
ENSG00000182333	LIPF	ENSMUSG00000024768	ENSRNOG00000019448
ENSG00000182348	ZNF804B	ENSMUSG00000092094	ENSRNOG00000031306
ENSG00000182359	KBTBD3	ENSMUSG00000025893	ENSRNOG00000069206
ENSG00000182362	YBEY	ENSMUSG00000033126	ENSRNOG00000021365
ENSG00000182372	CLN8	ENSMUSG00000026317	ENSRNOG00000012565
ENSG00000182378	PLCXD1	ENSMUSG00000064247	ENSRNOG00000049866
ENSG00000182379	NXPH4	ENSMUSG00000040258	ENSRNOG00000025059
ENSG00000182389	CACNB4	ENSMUSG00000017412	ENSRNOG00000007666
ENSG00000182400	TRAPPC6B	ENSMUSG00000020993	ENSRNOG00000004103
ENSG00000182446	NPLOC4	ENSMUSG00000039703	ENSRNOG00000036698
ENSG00000182447	OTOL1	ENSMUSG00000027788	ENSRNOG00000021186
ENSG00000182450	KCNK4	ENSMUSG00000024957	ENSRNOG00000021140
ENSG00000182463	TSHZ2	ENSMUSG00000047907	ENSRNOG00000048433
ENSG00000182472	CAPN12	ENSMUSG00000054083	ENSRNOG00000020389
ENSG00000182473	EXOC7	ENSMUSG00000020792	ENSRNOG00000070201
ENSG00000182489	XKRX	ENSMUSG00000031258	ENSRNOG00000089589
ENSG00000182492	BGN	ENSMUSG00000031375	ENSRNOG00000055962
ENSG00000182504	CEP97	ENSMUSG00000022604	ENSRNOG00000001609
ENSG00000182508	LHFPL1	ENSMUSG00000041700	ENSRNOG00000027601
ENSG00000182511	FES	ENSMUSG00000053158	ENSRNOG00000011683
ENSG00000182512	GLRX5	ENSMUSG00000021102	ENSRNOG00000004206
ENSG00000182518	VCF2	ENSMUSG00000041629	ENSRNOG00000049908
ENSG00000182521	TBPL2	ENSMUSG00000061809	ENSRNOG00000033682
ENSG00000182533	CAV3	ENSMUSG00000062694	ENSRNOG00000005798
ENSG00000182541	LIMK2	ENSMUSG00000020451	ENSRNOG00000019000
ENSG00000182544	SLC61A1	ENSMUSG00000045665	ENSRNOG00000012832
ENSG00000182545	RNASE10	ENSMUSG00000021872	ENSRNOG00000010261
ENSG00000182551	ADI1	ENSMUSG00000020629	ENSRNOG00000008950
ENSG00000182552	RWDD4	ENSMUSG00000031568	ENSRNOG00000022500
ENSG00000182557	SPNS3	ENSMUSG00000020798	ENSRNOG00000015873
ENSG00000182566	CLEC4G	ENSMUSG00000074491	ENSRNOG00000054013
ENSG00000182568	SATB1	ENSMUSG00000023927	ENSRNOG00000012942
ENSG00000182575	NXPH3	ENSMUSG00000046719	ENSRNOG00000005185
ENSG00000182578	CSF1R	ENSMUSG00000024621	ENSRNOG00000018414
ENSG00000182580	EPHB3	ENSMUSG00000005958	ENSRNOG00000031801
ENSG00000182585	EPGN	ENSMUSG00000035020	ENSRNOG00000002782
ENSG00000182591	KRTAP11-1	ENSMUSG00000091212	ENSRNOG00000027478
ENSG00000182600	SNORC	ENSMUSG00000026258	ENSRNOG00000084451
ENSG00000182601	HS3ST4	ENSMUSG00000078591	ENSRNOG00000063290
ENSG00000182606	TRAK1	ENSMUSG00000032536	ENSRNOG00000019262
ENSG00000182612	TSPAN10	ENSMUSG00000039691	ENSRNOG00000046076
ENSG00000182621	PLCB1	ENSMUSG00000051177	ENSRNOG00000004810
ENSG00000182636	NDN	ENSMUSG00000033585	ENSRNOG00000010146
ENSG00000182645	CCDC172	ENSMUSG00000025090	ENSRNOG00000017656
ENSG00000182652	OR4Q3	ENSMUSG00000046210	ENSRNOG00000033642
ENSG00000182667	NTM	ENSMUSG00000059974	ENSRNOG00000066437
ENSG00000182670	TTC3	ENSMUSG00000040785	ENSRNOG00000001682
ENSG00000182676	PPP1R27	ENSMUSG00000025129	ENSRNOG00000036690
ENSG00000182685	BRICD5	ENSMUSG00000045744	ENSRNOG00000009611
ENSG00000182687	GALR2	ENSMUSG00000020793	ENSRNOG00000061733
ENSG00000182698	RESP18	ENSMUSG00000033061	ENSRNOG00000019704
ENSG00000182704	TSKU	ENSMUSG00000049580	ENSRNOG00000027784
ENSG00000182732	RGS6	ENSMUSG00000021219	ENSRNOG00000008082
ENSG00000182742	HOXB4	ENSMUSG00000038692	ENSRNOG00000008191
ENSG00000182747	SLC35D3	ENSMUSG00000050473	ENSRNOG00000012311
ENSG00000182749	PAQR7	ENSMUSG00000037348	ENSRNOG00000022054
ENSG00000182752	PAPPA	ENSMUSG00000028370	ENSRNOG00000033527
ENSG00000182759	MAFA	ENSMUSG00000047591	ENSRNOG00000007668
ENSG00000182768	NGRN	ENSMUSG00000047084	ENSRNOG00000013553
ENSG00000182771	GRID1	ENSMUSG00000041078	ENSRNOG00000055499
ENSG00000182791	CCDC87	ENSMUSG00000067872	ENSRNOG00000071751
ENSG00000182795	C1orf116	ENSMUSG00000042510	ENSRNOG00000004341
ENSG00000182809	CRIP2	ENSMUSG00000006356	ENSRNOG00000063576
ENSG00000182810	DDX28	ENSMUSG00000045538	ENSRNOG00000019817
ENSG00000182831	HAPSTR1	ENSMUSG00000022507	ENSRNOG00000002545
ENSG00000182836	PLCXD3	ENSMUSG00000049148	ENSRNOG00000014550
ENSG00000182853	VMO1	ENSMUSG00000020830	ENSRNOG00000026508
ENSG00000182854	OR4F15	ENSMUSG00000109528	ENSRNOG00000084157
ENSG00000182858	ALG12	ENSMUSG00000035845	ENSRNOG00000004591
ENSG00000182866	LCK	ENSMUSG00000000409	ENSRNOG00000009705
ENSG00000182870	GALNT9	ENSMUSG00000033316	ENSRNOG00000037476
ENSG00000182871	COL18A1	ENSMUSG00000001435	ENSRNOG00000001229
ENSG00000182872	RBM10	ENSMUSG00000031060	ENSRNOG00000008472
ENSG00000182885	ADGRG3	ENSMUSG00000060470	ENSRNOG00000014896
ENSG00000182896	TMEM95	ENSMUSG00000094845	ENSRNOG00000043507
ENSG00000182898	TCHHL1	ENSMUSG00000027908	ENSRNOG00000009610
ENSG00000182899	RPL35A	ENSMUSG00000060636	ENSRNOG00000076019
ENSG00000182901	RGS7	ENSMUSG00000026527	ENSRNOG00000021984
ENSG00000182902	SLC25A18	ENSMUSG00000004902	ENSRNOG00000042731
ENSG00000182903	ZNF721	ENSMUSG00000058402	ENSRNOG00000037556
ENSG00000182916	TCEAL7	ENSMUSG00000079428	ENSRNOG00000037645
ENSG00000182919	C11orf54	ENSMUSG00000031938	ENSRNOG00000010887
ENSG00000182923	CEP63	ENSMUSG00000032534	ENSRNOG00000008410
ENSG00000182934	SRPRA	ENSMUSG00000032042	ENSRNOG00000010543
ENSG00000182938	OTOP3	ENSMUSG00000018862	ENSRNOG00000053055
ENSG00000182944	EWSR1	ENSMUSG00000009079	ENSRNOG00000009437
ENSG00000182950	CIMAP1C	ENSMUSG00000045620	ENSRNOG00000027109
ENSG00000182957	SPATA13	ENSMUSG00000021990	ENSRNOG00000013707
ENSG00000182963	GJC1	ENSMUSG00000034520	ENSRNOG00000048838
ENSG00000182968	SOX1	ENSMUSG00000096014	ENSRNOG00000064976
ENSG00000182973	CNOT10	ENSMUSG00000056167	ENSRNOG00000052305
ENSG00000182979	MTA1	ENSMUSG00000021144	ENSRNOG00000004711
ENSG00000182985	CADM1	ENSMUSG00000032076	ENSRNOG00000018778
ENSG00000182993	C12orf60	ENSMUSG00000047515	ENSRNOG00000027979
ENSG00000183010	PYCR1	ENSMUSG00000025140	ENSRNOG00000036682
ENSG00000183011	NAA38	ENSMUSG00000059278	ENSRNOG00000090113
ENSG00000183018	SPNS2	ENSMUSG00000040447	ENSRNOG00000057040
ENSG00000183019	MCEMP1	ENSMUSG00000013974	ENSRNOG00000028259
ENSG00000183020	AP2A2	ENSMUSG00000002957	ENSRNOG00000019534
ENSG00000183023	SLC8A1	ENSMUSG00000054640	ENSRNOG00000008479
ENSG00000183032	SLC25A21	ENSMUSG00000035472	ENSRNOG00000008931
ENSG00000183034	OTOP2	ENSMUSG00000050201	ENSRNOG00000028121
ENSG00000183035	CYLC1	ENSMUSG00000073001	ENSRNOG00000056740
ENSG00000183036	PCP4	ENSMUSG00000090223	ENSRNOG00000001628
ENSG00000183044	ABAT	ENSMUSG00000057880	ENSRNOG00000002636
ENSG00000183048	SLC25A10	ENSMUSG00000025792	ENSRNOG00000036693
ENSG00000183049	CAMK1D	ENSMUSG00000039145	ENSRNOG00000017882
ENSG00000183060	LYSMD4	ENSMUSG00000043831	ENSRNOG00000050624
ENSG00000183066	WBP2NL	ENSMUSG00000022455	ENSRNOG00000008038
ENSG00000183072	NKX2-5	ENSMUSG00000015579	ENSRNOG00000020747
ENSG00000183077	AFMID	ENSMUSG00000017718	ENSRNOG00000050205
ENSG00000183087	GAS6	ENSMUSG00000031451	ENSRNOG00000018233
ENSG00000183090	FREM3	ENSMUSG00000042353	ENSRNOG00000039152
ENSG00000183091	NEB	ENSMUSG00000026950	ENSRNOG00000006783
ENSG00000183092	BEGAIN	ENSMUSG00000040867	ENSRNOG00000004650
ENSG00000183098	GPC6	ENSMUSG00000058571	ENSRNOG00000062503
ENSG00000183111	ARHGEF37	ENSMUSG00000045094	ENSRNOG00000025502
ENSG00000183114	FAM43B	ENSMUSG00000078235	ENSRNOG00000078542
ENSG00000183117	CSMD1	ENSMUSG00000060924	ENSRNOG00000030719
ENSG00000183128	CALHM3	ENSMUSG00000094219	ENSRNOG00000026086
ENSG00000183134	PTGDR2	ENSMUSG00000034117	ENSRNOG00000090389
ENSG00000183137	CEP57L1	ENSMUSG00000019813	ENSRNOG00000000303
ENSG00000183145	RIPPLY3	ENSMUSG00000022941	ENSRNOG00000001684
ENSG00000183150	GPR19	ENSMUSG00000032641	ENSRNOG00000007126
ENSG00000183153	GJD3	ENSMUSG00000047197	ENSRNOG00000051691
ENSG00000183160	TMEM119	ENSMUSG00000054675	ENSRNOG00000000700
ENSG00000183161	FANCF	ENSMUSG00000092118	ENSRNOG00000023968
ENSG00000183166	CALN1	ENSMUSG00000060371	ENSRNOG00000080098
ENSG00000183185	GABRR3	ENSMUSG00000074991	ENSRNOG00000001679
ENSG00000183186	C2CD4C	ENSMUSG00000045912	ENSRNOG00000073081
ENSG00000183207	RUVBL2	ENSMUSG00000003868	ENSRNOG00000020793
ENSG00000183208	GDPGP1	ENSMUSG00000050973	ENSRNOG00000064293
ENSG00000183230	CTNNA3	ENSMUSG00000060843	ENSRNOG00000000373
ENSG00000183248	PRR36	ENSMUSG00000064125	ENSRNOG00000028892
ENSG00000183255	PTTG1IP	ENSMUSG00000009291	ENSRNOG00000001223
ENSG00000183260	ABHD16B	ENSMUSG00000055882	ENSRNOG00000015067
ENSG00000183273	CCDC60	ENSMUSG00000043913	ENSRNOG00000032684
ENSG00000183283	DAZAP2	ENSMUSG00000000346	ENSRNOG00000004628
ENSG00000183287	CCBE1	ENSMUSG00000046318	ENSRNOG00000062986
ENSG00000183291	SELENOF	ENSMUSG00000037072	ENSRNOG00000055257
ENSG00000183307	TMEM121B	ENSMUSG00000094626	ENSRNOG00000087372
ENSG00000183309	ZNF623	ENSMUSG00000050846	ENSRNOG00000009302
ENSG00000183317	EPHA10	ENSMUSG00000028876	ENSRNOG00000037340
ENSG00000183323	CCDC125	ENSMUSG00000048924	ENSRNOG00000027410
ENSG00000183324	REC114	ENSMUSG00000074269	ENSRNOG00000009332
ENSG00000183337	BCOR	ENSMUSG00000040363	ENSRNOG00000034240
ENSG00000183340	JRKL	ENSMUSG00000079083	ENSRNOG00000047133
ENSG00000183346	CABCOCO1	ENSMUSG00000019945	ENSRNOG00000000634
ENSG00000183354	BRD10	ENSMUSG00000046138	ENSRNOG00000026942
ENSG00000183378	OVCH2	ENSMUSG00000048236	ENSRNOG00000019794
ENSG00000183379	SYNDIG1L	ENSMUSG00000071234	ENSRNOG00000027645
ENSG00000183386	FHL3	ENSMUSG00000032643	ENSRNOG00000007541
ENSG00000183395	PMCH	ENSMUSG00000035383	ENSRNOG00000066777
ENSG00000183396	TMEM89	ENSMUSG00000025652	ENSRNOG00000031141
ENSG00000183397	TEKTIP1	ENSMUSG00000020234	ENSRNOG00000039861
ENSG00000183401	CCDC159	ENSMUSG00000006241	ENSRNOG00000011799
ENSG00000183421	RIPK4	ENSMUSG00000005251	ENSRNOG00000001618
ENSG00000183423	LRIT3	ENSMUSG00000093865	ENSRNOG00000061097
ENSG00000183431	SF3A3	ENSMUSG00000028902	ENSRNOG00000007629
ENSG00000183454	GRIN2A	ENSMUSG00000059003	ENSRNOG00000033942
ENSG00000183475	ASB7	ENSMUSG00000030509	ENSRNOG00000013795
ENSG00000183476	SH2D7	ENSMUSG00000046460	ENSRNOG00000023870
ENSG00000183479	TREX2	ENSMUSG00000031372	ENSRNOG00000056983
ENSG00000183495	EP400	ENSMUSG00000029505	ENSRNOG00000037483
ENSG00000183496	MEX3B	ENSMUSG00000057706	ENSRNOG00000025142
ENSG00000183508	TENT5C	ENSMUSG00000044468	ENSRNOG00000070242
ENSG00000183513	COA5	ENSMUSG00000026112	ENSRNOG00000078514
ENSG00000183520	UTP11	ENSMUSG00000028907	ENSRNOG00000007174
ENSG00000183527	PSMG1	ENSMUSG00000022913	ENSRNOG00000001643
ENSG00000183530	PRR14L	ENSMUSG00000054280	ENSRNOG00000048891
ENSG00000183549	ACSM5	ENSMUSG00000030972	ENSRNOG00000031211
ENSG00000183559	C10orf120	ENSMUSG00000013668	ENSRNOG00000022900
ENSG00000183560	IZUMO1R	ENSMUSG00000031933	ENSRNOG00000019894
ENSG00000183569	SERHL2	ENSMUSG00000058586	ENSRNOG00000022932
ENSG00000183570	PCBP3	ENSMUSG00000001120	ENSRNOG00000001245
ENSG00000183571	PGPEP1L	ENSMUSG00000030553	ENSRNOG00000070202
ENSG00000183576	SETD3	ENSMUSG00000056770	ENSRNOG00000006587
ENSG00000183578	TNFAIP8L3	ENSMUSG00000074345	ENSRNOG00000024230
ENSG00000183579	ZNRF3	ENSMUSG00000041961	ENSRNOG00000067305
ENSG00000183580	FBXL7	ENSMUSG00000043556	ENSRNOG00000024433
ENSG00000183597	TANGO2	ENSMUSG00000013539	ENSRNOG00000030245
ENSG00000183605	SFXN4	ENSMUSG00000063698	ENSRNOG00000036572
ENSG00000183607	GKN2	ENSMUSG00000030049	ENSRNOG00000009256
ENSG00000183615	FAM167B	ENSMUSG00000050493	ENSRNOG00000049425
ENSG00000183617	MRPL54	ENSMUSG00000034932	ENSRNOG00000020464
ENSG00000183621	ZNF438	ENSMUSG00000050945	ENSRNOG00000028329
ENSG00000183624	HMCES	ENSMUSG00000030060	ENSRNOG00000079966
ENSG00000183625	CCR3	ENSMUSG00000035448	ENSRNOG00000006736
ENSG00000183631	PRR32	ENSMUSG00000037086	ENSRNOG00000049388
ENSG00000183638	RP1L1	ENSMUSG00000046049	ENSRNOG00000046326
ENSG00000183640	KRTAP8-1	ENSMUSG00000059632	ENSRNOG00000082217
ENSG00000183644	HOATZ	ENSMUSG00000032057	ENSRNOG00000043383
ENSG00000183648	NDUFB1	ENSMUSG00000113902	ENSRNOG00000088065
ENSG00000183654	MARCHF11	ENSMUSG00000022269	ENSRNOG00000024461
ENSG00000183655	KLHL25	ENSMUSG00000055652	ENSRNOG00000010959
ENSG00000183662	TAFA1	ENSMUSG00000059187	ENSRNOG00000070575
ENSG00000183665	TYW2	ENSMUSG00000037085	ENSRNOG00000008978
ENSG00000183671	CMKLR2	ENSMUSG00000046856	ENSRNOG00000045532
ENSG00000183688	RFLNB	ENSMUSG00000020846	ENSRNOG00000006674
ENSG00000183690	EFHC2	ENSMUSG00000025038	ENSRNOG00000002986
ENSG00000183691	NOG	ENSMUSG00000048616	ENSRNOG00000023683
ENSG00000183696	UPP1	ENSMUSG00000020407	ENSRNOG00000004972
ENSG00000183715	OPCML	ENSMUSG00000062257	ENSRNOG00000023809
ENSG00000183722	LHFPL6	ENSMUSG00000048332	ENSRNOG00000014153
ENSG00000183723	CMTM4	ENSMUSG00000096188	ENSRNOG00000011009
ENSG00000183726	TMEM50A	ENSMUSG00000028822	ENSRNOG00000017279
ENSG00000183733	FIGLA	ENSMUSG00000030001	ENSRNOG00000015877
ENSG00000183734	ASCL2	ENSMUSG00000009248	ENSRNOG00000020434
ENSG00000183735	TBK1	ENSMUSG00000020115	ENSRNOG00000005528
ENSG00000183741	CBX6	ENSMUSG00000089715	ENSRNOG00000046955
ENSG00000183742	MACC1	ENSMUSG00000041886	ENSRNOG00000037436
ENSG00000183751	TBL3	ENSMUSG00000040688	ENSRNOG00000013429
ENSG00000183760	ACP7	ENSMUSG00000037469	ENSRNOG00000047901
ENSG00000183762	KREMEN1	ENSMUSG00000020393	ENSRNOG00000051487
ENSG00000183763	TRAIP	ENSMUSG00000032586	ENSRNOG00000030101
ENSG00000183765	CHEK2	ENSMUSG00000029521	ENSRNOG00000037509
ENSG00000183770	FOXL2	ENSMUSG00000050397	ENSRNOG00000072374
ENSG00000183773	AIFM3	ENSMUSG00000022763	ENSRNOG00000037957
ENSG00000183775	KCTD16	ENSMUSG00000051401	ENSRNOG00000084971
ENSG00000183778	B3GALT5	ENSMUSG00000074892	ENSRNOG00000030983
ENSG00000183779	ZNF703	ENSMUSG00000085795	ENSRNOG00000014199
ENSG00000183780	SLC35F3	ENSMUSG00000057060	ENSRNOG00000049456
ENSG00000183783	KCTD8	ENSMUSG00000037653	ENSRNOG00000063710
ENSG00000183785	TUBA8	ENSMUSG00000030137	ENSRNOG00000048169
ENSG00000183798	EMILIN3	ENSMUSG00000050700	ENSRNOG00000016734
ENSG00000183801	OLFML1	ENSMUSG00000051041	ENSRNOG00000056562
ENSG00000183813	CCR4	ENSMUSG00000047898	ENSRNOG00000010315
ENSG00000183814	LIN9	ENSMUSG00000058729	ENSRNOG00000023304
ENSG00000183826	BTBD9	ENSMUSG00000062202	ENSRNOG00000000540
ENSG00000183828	NUDT14	ENSMUSG00000002804	ENSRNOG00000014362
ENSG00000183831	ANKRD45	ENSMUSG00000044835	ENSRNOG00000002890
ENSG00000183833	CFAP91	ENSMUSG00000022805	ENSRNOG00000002976
ENSG00000183837	PNMA3	ENSMUSG00000046287	ENSRNOG00000052022
ENSG00000183840	GPR39	ENSMUSG00000026343	ENSRNOG00000021586
ENSG00000183844	FAM3B	ENSMUSG00000022938	ENSRNOG00000001962
ENSG00000183853	KIRREL1	ENSMUSG00000041734	ENSRNOG00000016408
ENSG00000183856	IQGAP3	ENSMUSG00000028068	ENSRNOG00000027894
ENSG00000183862	CNGA2	ENSMUSG00000005864	ENSRNOG00000030119
ENSG00000183864	TOB2	ENSMUSG00000048546	ENSRNOG00000050500
ENSG00000183873	SCN5A	ENSMUSG00000032511	ENSRNOG00000015049
ENSG00000183876	ARSI	ENSMUSG00000036412	ENSRNOG00000026060
ENSG00000183878	UTY	ENSMUSG00000068457	ENSRNOG00000060617
ENSG00000183888	SRARP	ENSMUSG00000070637	ENSRNOG00000054155
ENSG00000183891	TTC32	ENSMUSG00000066637	ENSRNOG00000049088
ENSG00000183908	LRRC55	ENSMUSG00000075224	ENSRNOG00000028266
ENSG00000183914	DNAH2	ENSMUSG00000005237	ENSRNOG00000052688
ENSG00000183918	SH2D1A	ENSMUSG00000005696	ENSRNOG00000080232
ENSG00000183921	SDR42E2	ENSMUSG00000109392	ENSRNOG00000068806
ENSG00000183943	PRKX	ENSMUSG00000035725	ENSRNOG00000060168
ENSG00000183960	KCNH8	ENSMUSG00000035580	ENSRNOG00000058626
ENSG00000183963	SMTN	ENSMUSG00000020439	ENSRNOG00000019451
ENSG00000183971	NPW	ENSMUSG00000071230	ENSRNOG00000012390
ENSG00000183977	PP2D1	ENSMUSG00000044957	ENSRNOG00000004719
ENSG00000183978	COA3	ENSMUSG00000017188	ENSRNOG00000020487
ENSG00000183979	NPB	ENSMUSG00000044034	ENSRNOG00000076694
ENSG00000184005	ST6GALNAC3	ENSMUSG00000052544	ENSRNOG00000056894
ENSG00000184007	PTP4A2	ENSMUSG00000028788	ENSRNOG00000050044
ENSG00000184009	ACTG1	ENSMUSG00000062825	ENSRNOG00000064444
ENSG00000184012	TMPRSS2	ENSMUSG00000000385	ENSRNOG00000001976
ENSG00000184014	DENND5A	ENSMUSG00000035901	ENSRNOG00000012206
ENSG00000184056	VPS33B	ENSMUSG00000030534	ENSRNOG00000013149
ENSG00000184058	TBX1	ENSMUSG00000009097	ENSRNOG00000001892
ENSG00000184060	ADAP2	ENSMUSG00000020709	ENSRNOG00000037148
ENSG00000184083	FAM120C	ENSMUSG00000025262	ENSRNOG00000062231
ENSG00000184108	TRIML1	ENSMUSG00000031651	ENSRNOG00000014502
ENSG00000184113	CLDN5	ENSMUSG00000041378	ENSRNOG00000077978
ENSG00000184117	NIPSNAP1	ENSMUSG00000034285	ENSRNOG00000008374
ENSG00000184144	CNTN2	ENSMUSG00000053024	ENSRNOG00000009033
ENSG00000184148	SPRR4	ENSMUSG00000045566	ENSRNOG00000042266
ENSG00000184154	LRRC51	ENSMUSG00000064307	ENSRNOG00000020124
ENSG00000184155	OR10J5	ENSMUSG00000037924	ENSRNOG00000091073
ENSG00000184156	KCNQ3	ENSMUSG00000056258	ENSRNOG00000005206
ENSG00000184160	ADRA2C	ENSMUSG00000045318	ENSRNOG00000084818
ENSG00000184162	NR2C2AP	ENSMUSG00000071078	ENSRNOG00000022247
ENSG00000184163	C1QTNF12	ENSMUSG00000023571	ENSRNOG00000019864
ENSG00000184164	CRELD2	ENSMUSG00000023272	ENSRNOG00000004659
ENSG00000184178	SCFD2	ENSMUSG00000062110	ENSRNOG00000026828
ENSG00000184182	UBE2F	ENSMUSG00000034343	ENSRNOG00000019953
ENSG00000184185	KCNJ12	ENSMUSG00000042529	ENSRNOG00000002303
ENSG00000184194	GPR173	ENSMUSG00000056679	ENSRNOG00000060137
ENSG00000184205	TSPYL2	ENSMUSG00000041096	ENSRNOG00000061782
ENSG00000184207	PGP	ENSMUSG00000043445	ENSRNOG00000009536
ENSG00000184209	SNRNP35	ENSMUSG00000029402	ENSRNOG00000001060
ENSG00000184210	DGAT2L6	ENSMUSG00000067597	ENSRNOG00000038046
ENSG00000184216	IRAK1	ENSMUSG00000031392	ENSRNOG00000060869
ENSG00000184220	CMSS1	ENSMUSG00000022748	ENSRNOG00000027888
ENSG00000184221	OLIG1	ENSMUSG00000046160	ENSRNOG00000028648
ENSG00000184226	PCDH9	ENSMUSG00000055421	ENSRNOG00000038068
ENSG00000184232	OAF	ENSMUSG00000032014	ENSRNOG00000009243
ENSG00000184254	ALDH1A3	ENSMUSG00000015134	ENSRNOG00000052070
ENSG00000184261	KCNK12	ENSMUSG00000050138	ENSRNOG00000016110
ENSG00000184271	POU6F1	ENSMUSG00000009739	ENSRNOG00000070769
ENSG00000184277	TM2D3	ENSMUSG00000078681	ENSRNOG00000011290
ENSG00000184281	TSSC4	ENSMUSG00000045752	ENSRNOG00000032677
ENSG00000184292	TACSTD2	ENSMUSG00000051397	ENSRNOG00000078917
ENSG00000184302	SIX6	ENSMUSG00000021099	ENSRNOG00000006296
ENSG00000184304	PRKD1	ENSMUSG00000002688	ENSRNOG00000004165
ENSG00000184305	CCSER1	ENSMUSG00000039578	ENSRNOG00000029321
ENSG00000184307	ZDHHC23	ENSMUSG00000036304	ENSRNOG00000060348
ENSG00000184313	MROH7	ENSMUSG00000047502	ENSRNOG00000058870
ENSG00000184343	SRPK3	ENSMUSG00000002007	ENSRNOG00000054548
ENSG00000184344	GDF3	ENSMUSG00000030117	ENSRNOG00000015331
ENSG00000184347	SLIT3	ENSMUSG00000056427	ENSRNOG00000007377
ENSG00000184349	EFNA5	ENSMUSG00000048915	ENSRNOG00000034177
ENSG00000184350	MRGPRE	ENSMUSG00000048965	ENSRNOG00000065330
ENSG00000184357	H1-5	ENSMUSG00000058773	ENSRNOG00000060355
ENSG00000184361	SPATA32	ENSMUSG00000044787	ENSRNOG00000003275
ENSG00000184363	PKP3	ENSMUSG00000054065	ENSRNOG00000015152
ENSG00000184368	MAP7D2	ENSMUSG00000041020	ENSRNOG00000005176
ENSG00000184371	CSF1	ENSMUSG00000014599	ENSRNOG00000018659
ENSG00000184374	COLEC10	ENSMUSG00000038591	ENSRNOG00000008591
ENSG00000184378	ACTRT3	ENSMUSG00000037737	ENSRNOG00000027908
ENSG00000184381	PLA2G6	ENSMUSG00000042632	ENSRNOG00000012295
ENSG00000184384	MAML2	ENSMUSG00000031925	ENSRNOG00000005879
ENSG00000184389	A3GALT2	ENSMUSG00000028794	ENSRNOG00000005935
ENSG00000184394	OR4N5	ENSMUSG00000048933	ENSRNOG00000079422
ENSG00000184402	SS18L1	ENSMUSG00000039086	ENSRNOG00000060010
ENSG00000184408	KCND2	ENSMUSG00000060882	ENSRNOG00000067416
ENSG00000184428	TOP1MT	ENSMUSG00000000934	ENSRNOG00000007500
ENSG00000184432	COPB2	ENSMUSG00000032458	ENSRNOG00000060723
ENSG00000184434	LRRC19	ENSMUSG00000049799	ENSRNOG00000022225
ENSG00000184436	THAP7	ENSMUSG00000022760	ENSRNOG00000037967
ENSG00000184445	KNTC1	ENSMUSG00000029414	ENSRNOG00000033658
ENSG00000184451	CCR10	ENSMUSG00000044052	ENSRNOG00000020275
ENSG00000184454	NCMAP	ENSMUSG00000043924	ENSRNOG00000048139
ENSG00000184459	BPIFC	ENSMUSG00000050108	ENSRNOG00000022937
ENSG00000184465	WDR27	ENSMUSG00000046991	ENSRNOG00000015609
ENSG00000184470	TXNRD2	ENSMUSG00000075704	ENSRNOG00000001890
ENSG00000184481	FOXO4	ENSMUSG00000042903	ENSRNOG00000033316
ENSG00000184486	POU3F2	ENSMUSG00000095139	ENSRNOG00000063836
ENSG00000184489	PTP4A3	ENSMUSG00000059895	ENSRNOG00000007628
ENSG00000184497	TMEM255B	ENSMUSG00000038457	ENSRNOG00000026336
ENSG00000184500	PROS1	ENSMUSG00000022912	ENSRNOG00000048723
ENSG00000184502	GAST	ENSMUSG00000017165	ENSRNOG00000014740
ENSG00000184507	NUTM1	ENSMUSG00000041358	ENSRNOG00000005111
ENSG00000184508	HDDC3	ENSMUSG00000030532	ENSRNOG00000012236
ENSG00000184517	ZFP1	ENSMUSG00000055835	ENSRNOG00000019059
ENSG00000184524	CEND1	ENSMUSG00000060240	ENSRNOG00000062814
ENSG00000184530	C6orf58	ENSMUSG00000015519	ENSRNOG00000012581
ENSG00000184544	DHRS7C	ENSMUSG00000033044	ENSRNOG00000026548
ENSG00000184545	DUSP8	ENSMUSG00000037887	ENSRNOG00000029394
ENSG00000184557	SOCS3	ENSMUSG00000053113	ENSRNOG00000063373
ENSG00000184560	SPEM2	ENSMUSG00000044084	ENSRNOG00000058939
ENSG00000184564	SLITRK6	ENSMUSG00000045871	ENSRNOG00000022337
ENSG00000184574	LPAR5	ENSMUSG00000067714	ENSRNOG00000021401
ENSG00000184575	XPOT	ENSMUSG00000034667	ENSRNOG00000007088
ENSG00000184584	STING1	ENSMUSG00000024349	ENSRNOG00000042137
ENSG00000184588	PDE4B	ENSMUSG00000028525	ENSRNOG00000005905
ENSG00000184599	TAFA3	ENSMUSG00000055865	ENSRNOG00000030253
ENSG00000184601	C14orf180	ENSMUSG00000043122	ENSRNOG00000085756
ENSG00000184611	KCNH7	ENSMUSG00000059742	ENSRNOG00000007528
ENSG00000184613	NELL2	ENSMUSG00000022454	ENSRNOG00000006235
ENSG00000184634	MED12	ENSMUSG00000079487	ENSRNOG00000003848
ENSG00000184640	SEPTIN9	ENSMUSG00000059248	ENSRNOG00000002807
ENSG00000184647	PRSS55	ENSMUSG00000034623	ENSRNOG00000047258
ENSG00000184661	CDCA2	ENSMUSG00000048922	ENSRNOG00000025302
ENSG00000184672	RALYL	ENSMUSG00000039717	ENSRNOG00000011400
ENSG00000184675	AMER1	ENSMUSG00000050332	ENSRNOG00000007984
ENSG00000184677	ZBTB40	ENSMUSG00000060862	ENSRNOG00000022039
ENSG00000184697	CLDN6	ENSMUSG00000023906	ENSRNOG00000077752
ENSG00000184702	SEPTIN5	ENSMUSG00000072214	ENSRNOG00000029912
ENSG00000184708	EIF4ENIF1	ENSMUSG00000020454	ENSRNOG00000018475
ENSG00000184709	LRRC26	ENSMUSG00000026961	ENSRNOG00000011457
ENSG00000184716	SERINC4	ENSMUSG00000046110	ENSRNOG00000015499
ENSG00000184719	RNLS	ENSMUSG00000071573	ENSRNOG00000020705
ENSG00000184730	APOBR	ENSMUSG00000042759	ENSRNOG00000017403
ENSG00000184731	FAM110C	ENSMUSG00000036136	ENSRNOG00000005660
ENSG00000184743	ATL3	ENSMUSG00000024759	ENSRNOG00000021203
ENSG00000184752	NDUFA12	ENSMUSG00000020022	ENSRNOG00000007407
ENSG00000184787	UBE2G2	ENSMUSG00000009293	ENSRNOG00000001222
ENSG00000184788	SATL1	ENSMUSG00000025527	ENSRNOG00000022476
ENSG00000184792	OSBP2	ENSMUSG00000020435	ENSRNOG00000019645
ENSG00000184811	TRARG1	ENSMUSG00000046275	ENSRNOG00000022239
ENSG00000184828	ZBTB7C	ENSMUSG00000044646	ENSRNOG00000047924
ENSG00000184838	PRR16	ENSMUSG00000073565	ENSRNOG00000019744
ENSG00000184840	TMED9	ENSMUSG00000058569	ENSRNOG00000021882
ENSG00000184845	DRD1	ENSMUSG00000021478	ENSRNOG00000023688
ENSG00000184860	SDR42E1	ENSMUSG00000034308	ENSRNOG00000051819
ENSG00000184863	RBM33	ENSMUSG00000048271	ENSRNOG00000006718
ENSG00000184867	ARMCX2	ENSMUSG00000033436	ENSRNOG00000025705
ENSG00000184887	BTBD6	ENSMUSG00000002803	ENSRNOG00000014693
ENSG00000184897	H1-10	ENSMUSG00000044927	ENSRNOG00000027722
ENSG00000184898	RBM43	ENSMUSG00000036249	ENSRNOG00000077161
ENSG00000184900	SUMO3	ENSMUSG00000020265	ENSRNOG00000038489
ENSG00000184903	IMMP2L	ENSMUSG00000056899	ENSRNOG00000067070
ENSG00000184916	JAG2	ENSMUSG00000002799	ENSRNOG00000013927
ENSG00000184922	FMNL1	ENSMUSG00000055805	ENSRNOG00000003207
ENSG00000184924	PTRHD1	ENSMUSG00000096199	ENSRNOG00000004059
ENSG00000184933	OR6A2	ENSMUSG00000070417	ENSRNOG00000085613
ENSG00000184937	WT1	ENSMUSG00000016458	ENSRNOG00000013074
ENSG00000184939	ZFP90	ENSMUSG00000031907	ENSRNOG00000020087
ENSG00000184949	FAM227A	ENSMUSG00000042564	ENSRNOG00000021795
ENSG00000184956	MUC6	ENSMUSG00000118661	ENSRNOG00000056817
ENSG00000184967	NOC4L	ENSMUSG00000033294	ENSRNOG00000037478
ENSG00000184979	USP18	ENSMUSG00000030107	ENSRNOG00000037198
ENSG00000184983	NDUFA6	ENSMUSG00000022450	ENSRNOG00000008569
ENSG00000184984	CHRM5	ENSMUSG00000074939	ENSRNOG00000006397
ENSG00000184985	SORCS2	ENSMUSG00000029093	ENSRNOG00000007033
ENSG00000184986	TMEM121	ENSMUSG00000049036	ENSRNOG00000005174
ENSG00000184988	TMEM106A	ENSMUSG00000034947	ENSRNOG00000023628
ENSG00000184990	SIVA1	ENSMUSG00000064326	ENSRNOG00000028640
ENSG00000184992	BRI3BP	ENSMUSG00000037905	ENSRNOG00000063640
ENSG00000184995	IFNE	ENSMUSG00000045364	ENSRNOG00000024204
ENSG00000185000	DGAT1	ENSMUSG00000022555	ENSRNOG00000028711
ENSG00000185002	RFX6	ENSMUSG00000019900	ENSRNOG00000027949
ENSG00000185008	ROBO2	ENSMUSG00000052516	ENSRNOG00000029598
ENSG00000185009	AP3M1	ENSMUSG00000021824	ENSRNOG00000011461
ENSG00000185010	F8	ENSMUSG00000031196	ENSRNOG00000031197
ENSG00000185013	NT5C1B	ENSMUSG00000020622	ENSRNOG00000004296
ENSG00000185015	CA13	ENSMUSG00000027555	ENSRNOG00000021323
ENSG00000185019	UBOX5	ENSMUSG00000027300	ENSRNOG00000021230
ENSG00000185022	MAFF	ENSMUSG00000042622	ENSRNOG00000012886
ENSG00000185024	BRF1	ENSMUSG00000011158	ENSRNOG00000014595
ENSG00000185028	LRRC14B	ENSMUSG00000021579	ENSRNOG00000028357
ENSG00000185033	SEMA4B	ENSMUSG00000030539	ENSRNOG00000025167
ENSG00000185038	MROH2A	ENSMUSG00000079429	ENSRNOG00000042182
ENSG00000185043	CIB1	ENSMUSG00000030538	ENSRNOG00000033498
ENSG00000185046	ANKS1B	ENSMUSG00000058589	ENSRNOG00000024870
ENSG00000185049	NELFA	ENSMUSG00000029111	ENSRNOG00000015474
ENSG00000185052	SLC24A3	ENSMUSG00000063873	ENSRNOG00000060687
ENSG00000185053	SGCZ	ENSMUSG00000039539	ENSRNOG00000057716
ENSG00000185055	EFCAB10	ENSMUSG00000020562	ENSRNOG00000010730
ENSG00000185056	C5orf47	ENSMUSG00000020299	ENSRNOG00000027852
ENSG00000185069	KRT76	ENSMUSG00000075402	ENSRNOG00000031785
ENSG00000185070	FLRT2	ENSMUSG00000047414	ENSRNOG00000003732
ENSG00000185085	INTS5	ENSMUSG00000071652	ENSRNOG00000026005
ENSG00000185088	RPS27L	ENSMUSG00000036781	ENSRNOG00000050473
ENSG00000185090	MANEAL	ENSMUSG00000042763	ENSRNOG00000025349
ENSG00000185100	ADSS1	ENSMUSG00000011148	ENSRNOG00000046763
ENSG00000185101	ANO9	ENSMUSG00000054662	ENSRNOG00000015830
ENSG00000185104	FAF1	ENSMUSG00000010517	ENSRNOG00000008523
ENSG00000185105	MYADML2	ENSMUSG00000025141	ENSRNOG00000036681
ENSG00000185112	FAM43A	ENSMUSG00000046546	ENSRNOG00000001728
ENSG00000185115	NSMCE3	ENSMUSG00000100937	ENSRNOG00000055506
ENSG00000185122	HSF1	ENSMUSG00000022556	ENSRNOG00000021732
ENSG00000185127	C6orf120	ENSMUSG00000050088	ENSRNOG00000070184
ENSG00000185129	PURA	ENSMUSG00000043991	ENSRNOG00000062721
ENSG00000185133	INPP5J	ENSMUSG00000034570	ENSRNOG00000019361
ENSG00000185149	NPY2R	ENSMUSG00000028004	ENSRNOG00000083533
ENSG00000185155	MIXL1	ENSMUSG00000026497	ENSRNOG00000003176
ENSG00000185156	MFSD6L	ENSMUSG00000048329	ENSRNOG00000084764
ENSG00000185163	DDX51	ENSMUSG00000029504	ENSRNOG00000037480
ENSG00000185187	SIGIRR	ENSMUSG00000025494	ENSRNOG00000015593
ENSG00000185189	NRBP2	ENSMUSG00000075590	ENSRNOG00000029535
ENSG00000185198	PRSS57	ENSMUSG00000020323	ENSRNOG00000025293
ENSG00000185215	TNFAIP2	ENSMUSG00000021281	ENSRNOG00000010165
ENSG00000185219	ZNF445	ENSMUSG00000047036	ENSRNOG00000025554
ENSG00000185222	TCEAL9	ENSMUSG00000042712	ENSRNOG00000034198
ENSG00000185231	MC2R	ENSMUSG00000045569	ENSRNOG00000072071
ENSG00000185238	PRMT3	ENSMUSG00000030505	ENSRNOG00000014829
ENSG00000185245	GP1BA	ENSMUSG00000050675	ENSRNOG00000025959
ENSG00000185246	PRPF39	ENSMUSG00000035597	ENSRNOG00000004521
ENSG00000185250	PPIL6	ENSMUSG00000078451	ENSRNOG00000043186
ENSG00000185261	KIAA0825	ENSMUSG00000071252	ENSRNOG00000045639
ENSG00000185264	CIMIP4	ENSMUSG00000062154	ENSRNOG00000063601
ENSG00000185267	CDNF	ENSMUSG00000039496	ENSRNOG00000026493
ENSG00000185269	NOTUM	ENSMUSG00000042988	ENSRNOG00000036680
ENSG00000185271	KLHL33	ENSMUSG00000090799	ENSRNOG00000025868
ENSG00000185272	RBM11	ENSMUSG00000032940	ENSRNOG00000029147
ENSG00000185274	GALNT17	ENSMUSG00000034040	ENSRNOG00000024435
ENSG00000185278	ZBTB37	ENSMUSG00000043467	ENSRNOG00000026907
ENSG00000185290	NUPR2	ENSMUSG00000095789	ENSRNOG00000074054
ENSG00000185294	SPPL2C	ENSMUSG00000049506	ENSRNOG00000005104
ENSG00000185298	CCDC137	ENSMUSG00000049957	ENSRNOG00000048712
ENSG00000185305	ARL15	ENSMUSG00000042348	ENSRNOG00000068448
ENSG00000185306	C12orf56	ENSMUSG00000047642	ENSRNOG00000023824
ENSG00000185313	SCN10A	ENSMUSG00000034533	ENSRNOG00000032473
ENSG00000185324	CDK10	ENSMUSG00000033862	ENSRNOG00000016088
ENSG00000185338	SOCS1	ENSMUSG00000038037	ENSRNOG00000002568
ENSG00000185339	TCN2	ENSMUSG00000020432	ENSRNOG00000004280
ENSG00000185340	GAS2L1	ENSMUSG00000034201	ENSRNOG00000009040
ENSG00000185345	PRKN	ENSMUSG00000023826	ENSRNOG00000055547
ENSG00000185347	TEDC1	ENSMUSG00000037466	ENSRNOG00000070355
ENSG00000185352	HS6ST3	ENSMUSG00000053465	ENSRNOG00000037886
ENSG00000185359	HGS	ENSMUSG00000025793	ENSRNOG00000036696
ENSG00000185361	TNFAIP8L1	ENSMUSG00000044469	ENSRNOG00000069635
ENSG00000185386	MAPK11	ENSMUSG00000053137	ENSRNOG00000006984
ENSG00000185418	TARS3	ENSMUSG00000030515	ENSRNOG00000024460
ENSG00000185420	SMYD3	ENSMUSG00000055067	ENSRNOG00000066304
ENSG00000185436	IFNLR1	ENSMUSG00000062157	ENSRNOG00000033984
ENSG00000185437	SH3BGR	ENSMUSG00000040666	ENSRNOG00000028238
ENSG00000185442	FAM174B	ENSMUSG00000078670	ENSRNOG00000012369
ENSG00000185453	ZSWIM9	ENSMUSG00000070814	ENSRNOG00000014186
ENSG00000185467	KPNA7	ENSMUSG00000038770	ENSRNOG00000042296
ENSG00000185475	TMEM179B	ENSMUSG00000118346	ENSRNOG00000019341
ENSG00000185477	GPRIN3	ENSMUSG00000045441	ENSRNOG00000023657
ENSG00000185480	PARPBP	ENSMUSG00000035365	ENSRNOG00000004682
ENSG00000185482	STAC3	ENSMUSG00000040287	ENSRNOG00000008050
ENSG00000185483	ROR1	ENSMUSG00000035305	ENSRNOG00000029449
ENSG00000185499	MUC1	ENSMUSG00000042784	ENSRNOG00000020539
ENSG00000185504	FAAP100	ENSMUSG00000025384	ENSRNOG00000036699
ENSG00000185507	IRF7	ENSMUSG00000025498	ENSRNOG00000017414
ENSG00000185513	L3MBTL1	ENSMUSG00000035576	ENSRNOG00000007044
ENSG00000185518	SV2B	ENSMUSG00000053025	ENSRNOG00000011160
ENSG00000185519	FAM131C	ENSMUSG00000006218	ENSRNOG00000023008
ENSG00000185522	LMNTD2	ENSMUSG00000025500	ENSRNOG00000017050
ENSG00000185527	PDE6G	ENSMUSG00000025386	ENSRNOG00000069361
ENSG00000185532	PRKG1	ENSMUSG00000052920	ENSRNOG00000053728
ENSG00000185551	NR2F2	ENSMUSG00000030551	ENSRNOG00000010308
ENSG00000185559	DLK1	ENSMUSG00000040856	ENSRNOG00000019584
ENSG00000185561	TLCD2	ENSMUSG00000038217	ENSRNOG00000037275
ENSG00000185565	LSAMP	ENSMUSG00000061080	ENSRNOG00000031852
ENSG00000185567	AHNAK2	ENSMUSG00000118667	ENSRNOG00000065195
ENSG00000185585	OLFML2A	ENSMUSG00000046618	ENSRNOG00000014034
ENSG00000185591	SP1	ENSMUSG00000001280	ENSRNOG00000014084
ENSG00000185608	MRPL40	ENSMUSG00000022706	ENSRNOG00000049686
ENSG00000185610	DBX2	ENSMUSG00000045608	ENSRNOG00000006885
ENSG00000185614	INKA1	ENSMUSG00000042106	ENSRNOG00000019363
ENSG00000185615	PDIA2	ENSMUSG00000024184	ENSRNOG00000063310
ENSG00000185619	PCGF3	ENSMUSG00000033623	ENSRNOG00000000062
ENSG00000185621	LMLN	ENSMUSG00000022802	ENSRNOG00000001781
ENSG00000185624	P4HB	ENSMUSG00000025130	ENSRNOG00000036689
ENSG00000185627	PSMD13	ENSMUSG00000025487	ENSRNOG00000014109
ENSG00000185630	PBX1	ENSMUSG00000052534	ENSRNOG00000070119
ENSG00000185633	COXFA4L2	ENSMUSG00000040280	ENSRNOG00000031851
ENSG00000185634	SHC4	ENSMUSG00000035109	ENSRNOG00000037134
ENSG00000185640	KRT79	ENSMUSG00000061397	ENSRNOG00000058340
ENSG00000185650	ZFP36L1	ENSMUSG00000021127	ENSRNOG00000058646
ENSG00000185652	NTF3	ENSMUSG00000049107	ENSRNOG00000019716
ENSG00000185658	BRWD1	ENSMUSG00000022914	ENSRNOG00000001632
ENSG00000185662	SMIM23	ENSMUSG00000020270	ENSRNOG00000027196
ENSG00000185664	PMEL	ENSMUSG00000025359	ENSRNOG00000023085
ENSG00000185666	SYN3	ENSMUSG00000059602	ENSRNOG00000026866
ENSG00000185668	POU3F1	ENSMUSG00000090125	ENSRNOG00000047686
ENSG00000185669	SNAI3	ENSMUSG00000006587	ENSRNOG00000013586
ENSG00000185670	ZBTB3	ENSMUSG00000071661	ENSRNOG00000019461
ENSG00000185674	LYG2	ENSMUSG00000061584	ENSRNOG00000050591
ENSG00000185681	MORN5	ENSMUSG00000026894	ENSRNOG00000026111
ENSG00000185697	MYBL1	ENSMUSG00000025912	ENSRNOG00000021669
ENSG00000185716	MOSMO	ENSMUSG00000046096	ENSRNOG00000062406
ENSG00000185721	DRG1	ENSMUSG00000020457	ENSRNOG00000018590
ENSG00000185722	ANKFY1	ENSMUSG00000020790	ENSRNOG00000016212
ENSG00000185728	YTHDF3	ENSMUSG00000047213	ENSRNOG00000010084
ENSG00000185736	ADARB2	ENSMUSG00000052551	ENSRNOG00000030775
ENSG00000185737	NRG3	ENSMUSG00000041014	ENSRNOG00000063450
ENSG00000185739	SRL	ENSMUSG00000022519	ENSRNOG00000005269
ENSG00000185742	C11orf87	ENSMUSG00000078307	ENSRNOG00000025463
ENSG00000185753	CXorf38	ENSMUSG00000044148	ENSRNOG00000023187
ENSG00000185760	KCNQ5	ENSMUSG00000028033	ENSRNOG00000013781
ENSG00000185761	ADAMTSL5	ENSMUSG00000043822	ENSRNOG00000033787
ENSG00000185774	KCNIP4	ENSMUSG00000029088	ENSRNOG00000032350
ENSG00000185798	WDR53	ENSMUSG00000022787	ENSRNOG00000001754
ENSG00000185800	DMWD	ENSMUSG00000030410	ENSRNOG00000014984
ENSG00000185808	PIGP	ENSMUSG00000022940	ENSRNOG00000039850
ENSG00000185811	IKZF1	ENSMUSG00000018654	ENSRNOG00000004444
ENSG00000185813	PCYT2	ENSMUSG00000025137	ENSRNOG00000036684
ENSG00000185818	NAT8L	ENSMUSG00000048142	ENSRNOG00000049351
ENSG00000185825	BCAP31	ENSMUSG00000002015	ENSRNOG00000055756
ENSG00000185838	GNB1L	ENSMUSG00000000884	ENSRNOG00000001891
ENSG00000185842	DNAH14	ENSMUSG00000047369	ENSRNOG00000070092
ENSG00000185860	CCDC190	ENSMUSG00000070532	ENSRNOG00000025005
ENSG00000185862	EVI2B	ENSMUSG00000093938	ENSRNOG00000014125
ENSG00000185863	TMEM210	ENSMUSG00000026963	ENSRNOG00000040275
ENSG00000185875	THNSL1	ENSMUSG00000048550	ENSRNOG00000033076
ENSG00000185880	TRIM69	ENSMUSG00000033368	ENSRNOG00000017157
ENSG00000185883	ATP6V0C	ENSMUSG00000024121	ENSRNOG00000006542
ENSG00000185888	PRSS38	ENSMUSG00000049291	ENSRNOG00000022548
ENSG00000185896	LAMP1	ENSMUSG00000031447	ENSRNOG00000019629
ENSG00000185899	TAS2R60	ENSMUSG00000056203	ENSRNOG00000026811
ENSG00000185900	POMK	ENSMUSG00000037251	ENSRNOG00000014628
ENSG00000185905	C16orf54	ENSMUSG00000045165	ENSRNOG00000016978
ENSG00000185909	KLHDC8B	ENSMUSG00000032609	ENSRNOG00000047867
ENSG00000185915	KLHL34	ENSMUSG00000047485	ENSRNOG00000024479
ENSG00000185917	SETD4	ENSMUSG00000022948	ENSRNOG00000001699
ENSG00000185920	PTCH1	ENSMUSG00000021466	ENSRNOG00000019354
ENSG00000185924	RTN4RL1	ENSMUSG00000045287	ENSRNOG00000003121
ENSG00000185933	CALHM1	ENSMUSG00000079258	ENSRNOG00000030682
ENSG00000185942	NKAIN3	ENSMUSG00000055761	ENSRNOG00000013085
ENSG00000185946	RNPC3	ENSMUSG00000027981	ENSRNOG00000017310
ENSG00000185950	IRS2	ENSMUSG00000038894	ENSRNOG00000023509
ENSG00000185958	FAM186A	ENSMUSG00000045350	ENSRNOG00000065389
ENSG00000185963	BICD2	ENSMUSG00000037933	ENSRNOG00000016031
ENSG00000185972	CCIN	ENSMUSG00000070999	ENSRNOG00000014831
ENSG00000185974	GRK1	ENSMUSG00000031450	ENSRNOG00000018430
ENSG00000185982	DEFB128	ENSMUSG00000049560	ENSRNOG00000023384
ENSG00000185985	SLITRK2	ENSMUSG00000036790	ENSRNOG00000011562
ENSG00000185988	PLK5	ENSMUSG00000035486	ENSRNOG00000034102
ENSG00000185989	RASA3	ENSMUSG00000031453	ENSRNOG00000017671
ENSG00000186001	LRCH3	ENSMUSG00000022801	ENSRNOG00000001774
ENSG00000186007	LEMD1	ENSMUSG00000079330	ENSRNOG00000051244
ENSG00000186009	ATP4B	ENSMUSG00000031449	ENSRNOG00000018543
ENSG00000186017	ZNF566	ENSMUSG00000078768	ENSRNOG00000048138
ENSG00000186047	DLEU7	ENSMUSG00000048281	ENSRNOG00000009181
ENSG00000186049	KRT73	ENSMUSG00000063661	ENSRNOG00000025087
ENSG00000186051	TAL2	ENSMUSG00000028417	ENSRNOG00000028082
ENSG00000186063	AIDA	ENSMUSG00000042901	ENSRNOG00000058805
ENSG00000186073	CDIN1	ENSMUSG00000040282	ENSRNOG00000004571
ENSG00000186075	ZPBP2	ENSMUSG00000017195	ENSRNOG00000007255
ENSG00000186088	GSAP	ENSMUSG00000039934	ENSRNOG00000028801
ENSG00000186104	CYP2R1	ENSMUSG00000030670	ENSRNOG00000011367
ENSG00000186106	ANKRD46	ENSMUSG00000048307	ENSRNOG00000025504
ENSG00000186111	PIP5K1C	ENSMUSG00000034902	ENSRNOG00000020577
ENSG00000186118	TEX38	ENSMUSG00000044556	ENSRNOG00000010162
ENSG00000186130	ZBTB6	ENSMUSG00000066798	ENSRNOG00000009340
ENSG00000186132	C2orf76	ENSMUSG00000026388	ENSRNOG00000045570
ENSG00000186136	TAS2R42	ENSMUSG00000057699	ENSRNOG00000037036
ENSG00000186141	POLR3C	ENSMUSG00000028099	ENSRNOG00000033560
ENSG00000186143	PRR30	ENSMUSG00000042888	ENSRNOG00000025726
ENSG00000186150	UBL4B	ENSMUSG00000055891	ENSRNOG00000070136
ENSG00000186153	WWOX	ENSMUSG00000004637	ENSRNOG00000012030
ENSG00000186166	CENATAC	ENSMUSG00000043923	ENSRNOG00000012137
ENSG00000186174	BCL9L	ENSMUSG00000063382	ENSRNOG00000012420
ENSG00000186184	POLR1D	ENSMUSG00000029642	ENSRNOG00000079294
ENSG00000186185	KIF18B	ENSMUSG00000051378	ENSRNOG00000021713
ENSG00000186187	ZNRF1	ENSMUSG00000033545	ENSRNOG00000019028
ENSG00000186188	FFAR4	ENSMUSG00000054200	ENSRNOG00000021763
ENSG00000186190	BPIFB3	ENSMUSG00000068008	ENSRNOG00000075637
ENSG00000186191	BPIFB4	ENSMUSG00000074665	ENSRNOG00000034174
ENSG00000186193	SAPCD2	ENSMUSG00000026955	ENSRNOG00000013069
ENSG00000186197	EDARADD	ENSMUSG00000095105	ENSRNOG00000002624
ENSG00000186198	SLC51B	ENSMUSG00000053862	ENSRNOG00000028889
ENSG00000186205	MTARC1	ENSMUSG00000026621	ENSRNOG00000037850
ENSG00000186212	SOWAHB	ENSMUSG00000045314	ENSRNOG00000002202
ENSG00000186222	BLOC1S4	ENSMUSG00000060708	ENSRNOG00000054224
ENSG00000186231	KLHL32	ENSMUSG00000040387	ENSRNOG00000007441
ENSG00000186260	MRTFB	ENSMUSG00000009569	ENSRNOG00000066694
ENSG00000186265	BTLA	ENSMUSG00000052013	ENSRNOG00000030246
ENSG00000186280	KDM4D	ENSMUSG00000053914	ENSRNOG00000045905
ENSG00000186281	GPAT2	ENSMUSG00000046338	ENSRNOG00000013906
ENSG00000186283	TOR3A	ENSMUSG00000060519	ENSRNOG00000004307
ENSG00000186297	GABRA5	ENSMUSG00000055078	ENSRNOG00000010803
ENSG00000186298	PPP1CC	ENSMUSG00000004455	ENSRNOG00000001269
ENSG00000186310	NAP1L3	ENSMUSG00000055733	ENSRNOG00000029087
ENSG00000186314	PRELID2	ENSMUSG00000056671	ENSRNOG00000067168
ENSG00000186318	BACE1	ENSMUSG00000032086	ENSRNOG00000016847
ENSG00000186326	RGS9BP	ENSMUSG00000056043	ENSRNOG00000012877
ENSG00000186329	TMEM212	ENSMUSG00000043164	ENSRNOG00000012608
ENSG00000186334	SLC36A3	ENSMUSG00000049491	ENSRNOG00000021310
ENSG00000186335	SLC36A2	ENSMUSG00000020264	ENSRNOG00000011892
ENSG00000186340	THBS2	ENSMUSG00000023885	ENSRNOG00000010529
ENSG00000186350	RXRA	ENSMUSG00000015846	ENSRNOG00000009446
ENSG00000186352	ANKRD37	ENSMUSG00000050914	ENSRNOG00000031335
ENSG00000186364	NUDT17	ENSMUSG00000028100	ENSRNOG00000037217
ENSG00000186367	MINAR2	ENSMUSG00000050875	ENSRNOG00000022429
ENSG00000186377	CYP4X1	ENSMUSG00000047155	ENSRNOG00000043513
ENSG00000186393	KRT26	ENSMUSG00000075570	ENSRNOG00000033617
ENSG00000186395	KRT10	ENSMUSG00000019761	ENSRNOG00000030170
ENSG00000186407	CD300E	ENSMUSG00000048498	ENSRNOG00000036726
ENSG00000186409	CCDC30	ENSMUSG00000028637	ENSRNOG00000008560
ENSG00000186416	NKRF	ENSMUSG00000044149	ENSRNOG00000061989
ENSG00000186417	GLDN	ENSMUSG00000046167	ENSRNOG00000024082
ENSG00000186432	KPNA4	ENSMUSG00000027782	ENSRNOG00000010768
ENSG00000186439	TRDN	ENSMUSG00000019787	ENSRNOG00000012609
ENSG00000186452	TMPRSS12	ENSMUSG00000045631	ENSRNOG00000031099
ENSG00000186453	FAM228A	ENSMUSG00000079177	ENSRNOG00000050114
ENSG00000186462	NAP1L2	ENSMUSG00000082229	ENSRNOG00000003025
ENSG00000186468	RPS23	ENSMUSG00000049517	ENSRNOG00000029461
ENSG00000186469	GNG2	ENSMUSG00000043004	ENSRNOG00000048980
ENSG00000186471	AKAP14	ENSMUSG00000036551	ENSRNOG00000006899
ENSG00000186472	PCLO	ENSMUSG00000061601	ENSRNOG00000005726
ENSG00000186474	KLK12	ENSMUSG00000044430	ENSRNOG00000034012
ENSG00000186479	RGS7BP	ENSMUSG00000021719	ENSRNOG00000013389
ENSG00000186487	MYT1L	ENSMUSG00000061911	ENSRNOG00000004269
ENSG00000186501	TMEM222	ENSMUSG00000028857	ENSRNOG00000008564
ENSG00000186509	OR9Q1	ENSMUSG00000054526	ENSRNOG00000023530
ENSG00000186513	OR9Q2	ENSMUSG00000044040	ENSRNOG00000013198
ENSG00000186517	ARHGAP30	ENSMUSG00000048865	ENSRNOG00000004192
ENSG00000186522	SEPTIN10	ENSMUSG00000019917	ENSRNOG00000049507
ENSG00000186529	CYP4F3	ENSMUSG00000003484	ENSRNOG00000015751
ENSG00000186532	SMYD4	ENSMUSG00000018809	ENSRNOG00000026783
ENSG00000186564	FOXD2	ENSMUSG00000055210	ENSRNOG00000007759
ENSG00000186566	GPATCH8	ENSMUSG00000034621	ENSRNOG00000021044
ENSG00000186567	CEACAM19	ENSMUSG00000049848	ENSRNOG00000043088
ENSG00000186575	NF2	ENSMUSG00000009073	ENSRNOG00000007948
ENSG00000186577	SMIM29	ENSMUSG00000062753	ENSRNOG00000054374
ENSG00000186583	SPATC1	ENSMUSG00000049653	ENSRNOG00000029590
ENSG00000186591	UBE2H	ENSMUSG00000039159	ENSRNOG00000048205
ENSG00000186603	HPDL	ENSMUSG00000043155	ENSRNOG00000018143
ENSG00000186625	KATNA1	ENSMUSG00000019794	ENSRNOG00000014996
ENSG00000186628	FSD2	ENSMUSG00000038663	ENSRNOG00000019278
ENSG00000186635	ARAP1	ENSMUSG00000032812	ENSRNOG00000019555
ENSG00000186638	KIF24	ENSMUSG00000028438	ENSRNOG00000012735
ENSG00000186642	PDE2A	ENSMUSG00000110195	ENSRNOG00000019560
ENSG00000186648	CARMIL3	ENSMUSG00000022211	ENSRNOG00000025518
ENSG00000186652	PRG2	ENSMUSG00000027073	ENSRNOG00000008394
ENSG00000186654	PRR5	ENSMUSG00000036106	ENSRNOG00000076724
ENSG00000186660	ZFP91	ENSMUSG00000024695	ENSRNOG00000012524
ENSG00000186665	C17orf58	ENSMUSG00000078607	ENSRNOG00000043295
ENSG00000186666	BCDIN3D	ENSMUSG00000037525	ENSRNOG00000058430
ENSG00000186675	MAGEE2	ENSMUSG00000031224	ENSRNOG00000021400
ENSG00000186687	LYRM7	ENSMUSG00000020268	ENSRNOG00000045961
ENSG00000186710	CFAP73	ENSMUSG00000094282	ENSRNOG00000056407
ENSG00000186714	CCDC73	ENSMUSG00000045106	ENSRNOG00000022660
ENSG00000186716	BCR	ENSMUSG00000009681	ENSRNOG00000001304
ENSG00000186732	MPPED1	ENSMUSG00000041708	ENSRNOG00000010834
ENSG00000186765	FSCN2	ENSMUSG00000025380	ENSRNOG00000036700
ENSG00000186766	FOXI2	ENSMUSG00000048377	ENSRNOG00000018917
ENSG00000186767	SPIN4	ENSMUSG00000071722	ENSRNOG00000077287
ENSG00000186790	FOXE3	ENSMUSG00000044518	ENSRNOG00000007770
ENSG00000186792	HYAL3	ENSMUSG00000036091	ENSRNOG00000077390
ENSG00000186795	KCNK18	ENSMUSG00000040901	ENSRNOG00000032706
ENSG00000186806	VSIG10L	ENSMUSG00000070604	ENSRNOG00000023411
ENSG00000186810	CXCR3	ENSMUSG00000050232	ENSRNOG00000003305
ENSG00000186812	ZNF397	ENSMUSG00000024276	ENSRNOG00000048101
ENSG00000186815	TPCN1	ENSMUSG00000032741	ENSRNOG00000059344
ENSG00000186827	TNFRSF4	ENSMUSG00000029075	ENSRNOG00000020106
ENSG00000186832	KRT16	ENSMUSG00000053797	ENSRNOG00000003899
ENSG00000186834	HEXIM1	ENSMUSG00000048878	ENSRNOG00000003203
ENSG00000186838	SELENOV	ENSMUSG00000046750	ENSRNOG00000051208
ENSG00000186847	KRT14	ENSMUSG00000045545	ENSRNOG00000071328
ENSG00000186862	PDZD7	ENSMUSG00000074818	ENSRNOG00000032946
ENSG00000186866	POFUT2	ENSMUSG00000020260	ENSRNOG00000001228
ENSG00000186868	MAPT	ENSMUSG00000018411	ENSRNOG00000005133
ENSG00000186871	ERCC6L	ENSMUSG00000051220	ENSRNOG00000003208
ENSG00000186886	OR5D3	ENSMUSG00000075128	ENSRNOG00000068113
ENSG00000186889	TMEM17	ENSMUSG00000049904	ENSRNOG00000009220
ENSG00000186891	TNFRSF18	ENSMUSG00000041954	ENSRNOG00000022012
ENSG00000186895	FGF3	ENSMUSG00000031074	ENSRNOG00000020888
ENSG00000186897	C1QL4	ENSMUSG00000001076	ENSRNOG00000060020
ENSG00000186907	RTN4RL2	ENSMUSG00000050896	ENSRNOG00000021513
ENSG00000186908	ZDHHC17	ENSMUSG00000035798	ENSRNOG00000003803
ENSG00000186910	SERPINA11	ENSMUSG00000063232	ENSRNOG00000011141
ENSG00000186912	P2RY4	ENSMUSG00000044359	ENSRNOG00000070777
ENSG00000186918	ZNF395	ENSMUSG00000034522	ENSRNOG00000014191
ENSG00000186943	OR13C8	ENSMUSG00000051593	ENSRNOG00000052071
ENSG00000186951	PPARA	ENSMUSG00000022383	ENSRNOG00000021463
ENSG00000186952	TMEM232	ENSMUSG00000045036	ENSRNOG00000031348
ENSG00000186976	EFCAB6	ENSMUSG00000022441	ENSRNOG00000011094
ENSG00000186994	KANK3	ENSMUSG00000042099	ENSRNOG00000007230
ENSG00000186998	EMID1	ENSMUSG00000034164	ENSRNOG00000033575
ENSG00000187003	ACTL7A	ENSMUSG00000070979	ENSRNOG00000016641
ENSG00000187017	ESPN	ENSMUSG00000028943	ENSRNOG00000010270
ENSG00000187021	PNLIPRP1	ENSMUSG00000042179	ENSRNOG00000017908
ENSG00000187024	PTRH1	ENSMUSG00000053746	ENSRNOG00000049034
ENSG00000187033	SAMD7	ENSMUSG00000051860	ENSRNOG00000027995
ENSG00000187037	GPR141	ENSMUSG00000053101	ENSRNOG00000066332
ENSG00000187045	TMPRSS6	ENSMUSG00000016942	ENSRNOG00000000184
ENSG00000187049	TMEM216	ENSMUSG00000024667	ENSRNOG00000020692
ENSG00000187051	RPS19BP1	ENSMUSG00000051518	ENSRNOG00000017847
ENSG00000187054	TMPRSS11A	ENSMUSG00000072845	ENSRNOG00000046764
ENSG00000187066	CATSPERH	ENSMUSG00000047733	ENSRNOG00000047431
ENSG00000187068	C3orf70	ENSMUSG00000043391	ENSRNOG00000063811
ENSG00000187079	TEAD1	ENSMUSG00000055320	ENSRNOG00000015488
ENSG00000187091	PLCD1	ENSMUSG00000010660	ENSRNOG00000032238
ENSG00000187094	CCK	ENSMUSG00000032532	ENSRNOG00000019321
ENSG00000187097	ENTPD5	ENSMUSG00000021236	ENSRNOG00000033206
ENSG00000187098	MITF	ENSMUSG00000035158	ENSRNOG00000008658
ENSG00000187105	HEATR4	ENSMUSG00000090843	ENSRNOG00000038183
ENSG00000187109	NAP1L1	ENSMUSG00000058799	ENSRNOG00000003890
ENSG00000187118	CMC1	ENSMUSG00000039163	ENSRNOG00000010149
ENSG00000187122	SLIT1	ENSMUSG00000025020	ENSRNOG00000026065
ENSG00000187123	LYPD6	ENSMUSG00000050447	ENSRNOG00000085812
ENSG00000187135	VSTM2B	ENSMUSG00000039257	ENSRNOG00000017456
ENSG00000187140	FOXD3	ENSMUSG00000067261	ENSRNOG00000066522
ENSG00000187144	SPATA21	ENSMUSG00000045004	ENSRNOG00000009058
ENSG00000187147	RNF220	ENSMUSG00000028677	ENSRNOG00000019236
ENSG00000187164	SHTN1	ENSMUSG00000041362	ENSRNOG00000018350
ENSG00000187166	H1-7	ENSMUSG00000048077	ENSRNOG00000029545
ENSG00000187189	TSPYL4	ENSMUSG00000039485	ENSRNOG00000082577
ENSG00000187210	GCNT1	ENSMUSG00000038843	ENSRNOG00000062686
ENSG00000187231	SESTD1	ENSMUSG00000042272	ENSRNOG00000012603
ENSG00000187239	FNBP1	ENSMUSG00000075415	ENSRNOG00000008258
ENSG00000187240	DYNC2H1	ENSMUSG00000047193	ENSRNOG00000032070
ENSG00000187242	KRT12	ENSMUSG00000020912	ENSRNOG00000011986
ENSG00000187244	BCAM	ENSMUSG00000002980	ENSRNOG00000029399
ENSG00000187257	RSBN1L	ENSMUSG00000039968	ENSRNOG00000013431
ENSG00000187258	NPSR1	ENSMUSG00000043659	ENSRNOG00000015863
ENSG00000187260	WDR86	ENSMUSG00000055235	ENSRNOG00000025735
ENSG00000187266	EPOR	ENSMUSG00000006235	ENSRNOG00000012619
ENSG00000187288	CIDEC	ENSMUSG00000030278	ENSRNOG00000009153
ENSG00000187323	DCC	ENSMUSG00000060534	ENSRNOG00000033099
ENSG00000187325	TAF9B	ENSMUSG00000047242	ENSRNOG00000061102
ENSG00000187372	PCDHB13	ENSMUSG00000047910	ENSRNOG00000039472
ENSG00000187391	MAGI2	ENSMUSG00000040003	ENSRNOG00000013962
ENSG00000187398	LUZP2	ENSMUSG00000063297	ENSRNOG00000021507
ENSG00000187416	LHFPL3	ENSMUSG00000106379	ENSRNOG00000066703
ENSG00000187479	C11orf96	ENSMUSG00000087006	ENSRNOG00000055564
ENSG00000187486	KCNJ11	ENSMUSG00000096146	ENSRNOG00000021128
ENSG00000187492	CDHR4	ENSMUSG00000032595	ENSRNOG00000061650
ENSG00000187498	COL4A1	ENSMUSG00000031502	ENSRNOG00000016281
ENSG00000187513	GJA4	ENSMUSG00000050234	ENSRNOG00000014357
ENSG00000187514	PTMA	ENSMUSG00000026238	ENSRNOG00000072334
ENSG00000187516	H2AP	ENSMUSG00000040456	ENSRNOG00000089464
ENSG00000187522	HSPA14	ENSMUSG00000109865	ENSRNOG00000015212
ENSG00000187527	ATP13A5	ENSMUSG00000048939	ENSRNOG00000024127
ENSG00000187531	SIRT7	ENSMUSG00000025138	ENSRNOG00000036683
ENSG00000187535	IFT140	ENSMUSG00000024169	ENSRNOG00000016545
ENSG00000187546	AGMO	ENSMUSG00000050103	ENSRNOG00000023116
ENSG00000187550	SBK2	ENSMUSG00000030433	ENSRNOG00000038625
ENSG00000187553	CYP26C1	ENSMUSG00000062432	ENSRNOG00000030698
ENSG00000187554	TLR5	ENSMUSG00000079164	ENSRNOG00000022067
ENSG00000187555	USP7	ENSMUSG00000022710	ENSRNOG00000025496
ENSG00000187556	NANOS3	ENSMUSG00000056155	ENSRNOG00000031593
ENSG00000187566	NHLRC1	ENSMUSG00000044231	ENSRNOG00000026286
ENSG00000187581	COX8C	ENSMUSG00000025488	ENSRNOG00000073367
ENSG00000187583	PLEKHN1	ENSMUSG00000078485	ENSRNOG00000020295
ENSG00000187595	ZNF385C	ENSMUSG00000014198	ENSRNOG00000025370
ENSG00000187601	MAGEH1	ENSMUSG00000047238	ENSRNOG00000003178
ENSG00000187605	TET3	ENSMUSG00000034832	ENSRNOG00000011387
ENSG00000187607	ZNF286A	ENSMUSG00000047342	ENSRNOG00000003218
ENSG00000187608	ISG15	ENSMUSG00000035692	ENSRNOG00000069527
ENSG00000187616	MYMK	ENSMUSG00000009214	ENSRNOG00000006142
ENSG00000187624	LIAT1	ENSMUSG00000053783	ENSRNOG00000025287
ENSG00000187634	SAMD11	ENSMUSG00000096351	ENSRNOG00000020342
ENSG00000187642	PERM1	ENSMUSG00000078486	ENSRNOG00000020244
ENSG00000187650	VMAC	ENSMUSG00000054723	ENSRNOG00000065863
ENSG00000187658	C5orf52	ENSMUSG00000020434	ENSRNOG00000004112
ENSG00000187664	HAPLN4	ENSMUSG00000007594	ENSRNOG00000049949
ENSG00000187672	ERC2	ENSMUSG00000040640	ENSRNOG00000015148
ENSG00000187676	B3GLCT	ENSMUSG00000051950	ENSRNOG00000061346
ENSG00000187678	SPRY4	ENSMUSG00000024427	ENSRNOG00000013851
ENSG00000187682	ERAS	ENSMUSG00000031160	ENSRNOG00000042470
ENSG00000187688	TRPV2	ENSMUSG00000018507	ENSRNOG00000003104
ENSG00000187689	AMTN	ENSMUSG00000029282	ENSRNOG00000003776
ENSG00000187699	AKAP19	ENSMUSG00000043629	ENSRNOG00000038738
ENSG00000187713	TMEM203	ENSMUSG00000078201	ENSRNOG00000072261
ENSG00000187715	KBTBD12	ENSMUSG00000033182	ENSRNOG00000061868
ENSG00000187720	THSD4	ENSMUSG00000032289	ENSRNOG00000053753
ENSG00000187726	DNAJB13	ENSMUSG00000030708	ENSRNOG00000017975
ENSG00000187730	GABRD	ENSMUSG00000029054	ENSRNOG00000016385
ENSG00000187736	NHEJ1	ENSMUSG00000026162	ENSRNOG00000018162
ENSG00000187741	FANCA	ENSMUSG00000032815	ENSRNOG00000016706
ENSG00000187742	SECISBP2	ENSMUSG00000035139	ENSRNOG00000013773
ENSG00000187764	SEMA4D	ENSMUSG00000021451	ENSRNOG00000013679
ENSG00000187772	LIN28B	ENSMUSG00000063804	ENSRNOG00000025938
ENSG00000187773	DIPK1C	ENSMUSG00000047992	ENSRNOG00000015448
ENSG00000187775	DNAH17	ENSMUSG00000033987	ENSRNOG00000003028
ENSG00000187778	MCRS1	ENSMUSG00000037570	ENSRNOG00000054838
ENSG00000187783	TMEM72	ENSMUSG00000048108	ENSRNOG00000023340
ENSG00000187790	FANCM	ENSMUSG00000055884	ENSRNOG00000056721
ENSG00000187796	CARD9	ENSMUSG00000026928	ENSRNOG00000051470
ENSG00000187800	PEAR1	ENSMUSG00000028073	ENSRNOG00000014243
ENSG00000187808	SOWAHD	ENSMUSG00000044400	ENSRNOG00000049392
ENSG00000187815	ZFP69	ENSMUSG00000064141	ENSRNOG00000028662
ENSG00000187821	HELT	ENSMUSG00000047171	ENSRNOG00000010785
ENSG00000187823	RTL4	ENSMUSG00000071679	ENSRNOG00000031638
ENSG00000187824	TMEM220	ENSMUSG00000050270	ENSRNOG00000003367
ENSG00000187837	H1-2	ENSMUSG00000036181	ENSRNOG00000067441
ENSG00000187838	PLSCR3	ENSMUSG00000019461	ENSRNOG00000027914
ENSG00000187840	EIF4EBP1	ENSMUSG00000031490	ENSRNOG00000081081
ENSG00000187848	P2RX2	ENSMUSG00000029503	ENSRNOG00000037456
ENSG00000187855	ASCL4	ENSMUSG00000085111	ENSRNOG00000086355
ENSG00000187857	OR6C75	ENSMUSG00000044025	ENSRNOG00000065865
ENSG00000187860	CCDC157	ENSMUSG00000051427	ENSRNOG00000005147
ENSG00000187866	PABIR1	ENSMUSG00000074922	ENSRNOG00000051051
ENSG00000187867	PALM3	ENSMUSG00000047986	ENSRNOG00000005729
ENSG00000187871	GFRAL	ENSMUSG00000059383	ENSRNOG00000032063
ENSG00000187889	FYB2	ENSMUSG00000078612	ENSRNOG00000030938
ENSG00000187902	SHISA7	ENSMUSG00000053550	ENSRNOG00000016877
ENSG00000187905	LRRC74B	ENSMUSG00000022759	ENSRNOG00000001872
ENSG00000187908	DMBT1	ENSMUSG00000047517	ENSRNOG00000074425
ENSG00000187918	OR51I2	ENSMUSG00000073932	ENSRNOG00000016964
ENSG00000187922	LCN10	ENSMUSG00000047356	ENSRNOG00000028074
ENSG00000187942	LDLRAD2	ENSMUSG00000094035	ENSRNOG00000033503
ENSG00000187944	C2orf66	ENSMUSG00000109809	ENSRNOG00000067303
ENSG00000187954	ZFTRAF1	ENSMUSG00000053929	ENSRNOG00000014811
ENSG00000187955	COL14A1	ENSMUSG00000022371	ENSRNOG00000026415
ENSG00000187957	DNER	ENSMUSG00000036766	ENSRNOG00000016640
ENSG00000187959	CPSF4L	ENSMUSG00000018727	ENSRNOG00000056582
ENSG00000187961	KLHL17	ENSMUSG00002076083	ENSRNOG00000020302
ENSG00000187969	ZCCHC13	ENSMUSG00000031330	ENSRNOG00000002923
ENSG00000187980	PLA2G2C	ENSMUSG00000028750	ENSRNOG00000016647
ENSG00000187994	RINL	ENSMUSG00000051735	ENSRNOG00000025354
ENSG00000187997	C17orf99	ENSMUSG00000025573	ENSRNOG00000045889
ENSG00000188001	TPRG1	ENSMUSG00000048399	ENSRNOG00000063970
ENSG00000188010	MORN2	ENSMUSG00000045257	ENSRNOG00000082556
ENSG00000188015	S100A3	ENSMUSG00000001021	ENSRNOG00000012008
ENSG00000188021	UBQLN2	ENSMUSG00000050148	ENSRNOG00000003099
ENSG00000188026	RILPL1	ENSMUSG00000029392	ENSRNOG00000001055
ENSG00000188032	C19orf67	ENSMUSG00000046408	ENSRNOG00000005533
ENSG00000188037	CLCN1	ENSMUSG00000029862	ENSRNOG00000016917
ENSG00000188039	NWD1	ENSMUSG00000048148	ENSRNOG00000048622
ENSG00000188042	ARL4C	ENSMUSG00000049866	ENSRNOG00000069663
ENSG00000188050	RNF133	ENSMUSG00000051956	ENSRNOG00000065130
ENSG00000188051	TMEM221	ENSMUSG00000043664	ENSRNOG00000018167
ENSG00000188056	TREML4	ENSMUSG00000051682	ENSRNOG00000042360
ENSG00000188060	RAB42	ENSMUSG00000089687	ENSRNOG00000063150
ENSG00000188064	WNT7B	ENSMUSG00000022382	ENSRNOG00000015750
ENSG00000188070	ZFTA	ENSMUSG00000053080	ENSRNOG00000032042
ENSG00000188089	PLA2G4E	ENSMUSG00000050211	ENSRNOG00000024904
ENSG00000188095	MESP2	ENSMUSG00000030543	ENSRNOG00000014925
ENSG00000188112	C6orf132	ENSMUSG00000034382	ENSRNOG00000015297
ENSG00000188130	MAPK12	ENSMUSG00000022610	ENSRNOG00000031233
ENSG00000188133	TMEM215	ENSMUSG00000046593	ENSRNOG00000042246
ENSG00000188153	COL4A5	ENSMUSG00000031274	ENSRNOG00000018951
ENSG00000188157	AGRN	ENSMUSG00000041936	ENSRNOG00000020205
ENSG00000188158	NHS	ENSMUSG00000059493	ENSRNOG00000030759
ENSG00000188162	OTOG	ENSMUSG00000009487	ENSRNOG00000010983
ENSG00000188163	CIMIP2A	ENSMUSG00000026969	ENSRNOG00000010019
ENSG00000188167	TMPPE	ENSMUSG00000079260	ENSRNOG00000066638
ENSG00000188175	HEPACAM2	ENSMUSG00000044156	ENSRNOG00000009711
ENSG00000188176	SMTNL2	ENSMUSG00000045667	ENSRNOG00000015157
ENSG00000188177	ZC3H6	ENSMUSG00000042851	ENSRNOG00000026277
ENSG00000188191	PRKAR1B	ENSMUSG00000025855	ENSRNOG00000028733
ENSG00000188229	TUBB4B	ENSMUSG00000036752	ENSRNOG00000010170
ENSG00000188243	COMMD6	ENSMUSG00000075486	ENSRNOG00000038012
ENSG00000188257	PLA2G2A	ENSMUSG00000058908	ENSRNOG00000016945
ENSG00000188266	HYKK	ENSMUSG00000035878	ENSRNOG00000013419
ENSG00000188277	C15orf62	ENSMUSG00000055926	ENSRNOG00000071065
ENSG00000188282	RUFY4	ENSMUSG00000061815	ENSRNOG00000032991
ENSG00000188283	ZNF383	ENSMUSG00000099689	ENSRNOG00000020774
ENSG00000188306	LRRIQ4	ENSMUSG00000027703	ENSRNOG00000009004
ENSG00000188312	CENPP	ENSMUSG00000021391	ENSRNOG00000062220
ENSG00000188315	C3orf62	ENSMUSG00000032611	ENSRNOG00000046155
ENSG00000188316	ENO4	ENSMUSG00000048029	ENSRNOG00000018310
ENSG00000188322	SBK1	ENSMUSG00000042978	ENSRNOG00000067387
ENSG00000188334	BSPH1	ENSMUSG00000074378	ENSRNOG00000052287
ENSG00000188338	SLC38A3	ENSMUSG00000010064	ENSRNOG00000016827
ENSG00000188340	OR6N2	ENSMUSG00000050134	ENSRNOG00000077027
ENSG00000188342	GTF2F2	ENSMUSG00000067995	ENSRNOG00000029316
ENSG00000188343	CIBAR1	ENSMUSG00000028218	ENSRNOG00000016338
ENSG00000188352	FOCAD	ENSMUSG00000038368	ENSRNOG00000024402
ENSG00000188368	PRR19	ENSMUSG00000058741	ENSRNOG00000043154
ENSG00000188373	GPR15LG	ENSMUSG00000096001	ENSRNOG00000043342
ENSG00000188385	JAKMIP3	ENSMUSG00000056856	ENSRNOG00000027590
ENSG00000188386	PPP3R2	ENSMUSG00000028310	ENSRNOG00000074514
ENSG00000188389	PDCD1	ENSMUSG00000026285	ENSRNOG00000019043
ENSG00000188394	GPR21	ENSMUSG00000053164	ENSRNOG00000078766
ENSG00000188396	DYNLT4	ENSMUSG00000047671	ENSRNOG00000018463
ENSG00000188404	SELL	ENSMUSG00000026581	ENSRNOG00000002776
ENSG00000188419	CHM	ENSMUSG00000025531	ENSRNOG00000000161
ENSG00000188425	NANOS2	ENSMUSG00000051965	ENSRNOG00000074804
ENSG00000188428	BLOC1S5	ENSMUSG00000038982	ENSRNOG00000016497
ENSG00000188452	CERKL	ENSMUSG00000075256	ENSRNOG00000030212
ENSG00000188467	SLC24A5	ENSMUSG00000035183	ENSRNOG00000005158
ENSG00000188483	IER5L	ENSMUSG00000089762	ENSRNOG00000073054
ENSG00000188486	H2AX	ENSMUSG00000049932	ENSRNOG00000074924
ENSG00000188487	INSC	ENSMUSG00000048782	ENSRNOG00000024712
ENSG00000188488	SERPINA5	ENSMUSG00000041550	ENSRNOG00000009855
ENSG00000188493	ACTMAP	ENSMUSG00000078786	ENSRNOG00000037715
ENSG00000188501	LCTL	ENSMUSG00000032401	ENSRNOG00000009193
ENSG00000188505	NCCRP1	ENSMUSG00000047586	ENSRNOG00000054506
ENSG00000188508	KRTDAP	ENSMUSG00000074199	ENSRNOG00000062262
ENSG00000188517	COL25A1	ENSMUSG00000058897	ENSRNOG00000050706
ENSG00000188522	FAM83G	ENSMUSG00000042377	ENSRNOG00000027924
ENSG00000188523	CFAP77	ENSMUSG00000079502	ENSRNOG00000028805
ENSG00000188529	SRSF10	ENSMUSG00000028676	ENSRNOG00000007992
ENSG00000188542	DUSP28	ENSMUSG00000047067	ENSRNOG00000090537
ENSG00000188549	CCDC9B	ENSMUSG00000045838	ENSRNOG00000028910
ENSG00000188554	NBR1	ENSMUSG00000017119	ENSRNOG00000020730
ENSG00000188559	RALGAPA2	ENSMUSG00000037110	ENSRNOG00000036964
ENSG00000188566	NDOR1	ENSMUSG00000006471	ENSRNOG00000010616
ENSG00000188573	FBLL1	ENSMUSG00000051062	ENSRNOG00000015303
ENSG00000188580	NKAIN2	ENSMUSG00000069670	ENSRNOG00000029608
ENSG00000188582	PAQR9	ENSMUSG00000064225	ENSRNOG00000085801
ENSG00000188596	CFAP54	ENSMUSG00000020014	ENSRNOG00000024494
ENSG00000188603	CLN3	ENSMUSG00000030720	ENSRNOG00000019103
ENSG00000188613	NANOS1	ENSMUSG00000072437	ENSRNOG00000082455
ENSG00000188620	HMX3	ENSMUSG00000040148	ENSRNOG00000020637
ENSG00000188636	RTL6	ENSMUSG00000055745	ENSRNOG00000064516
ENSG00000188641	DPYD	ENSMUSG00000033308	ENSRNOG00000017105
ENSG00000188643	S100A16	ENSMUSG00000074457	ENSRNOG00000012053
ENSG00000188647	PTAR1	ENSMUSG00000074925	ENSRNOG00000014891
ENSG00000188649	CC2D2B	ENSMUSG00000108929	ENSRNOG00000070964
ENSG00000188655	RNASE9	ENSMUSG00000052382	ENSRNOG00000029516
ENSG00000188659	SAXO2	ENSMUSG00000038570	ENSRNOG00000026296
ENSG00000188676	IDO2	ENSMUSG00000031549	ENSRNOG00000025365
ENSG00000188677	PARVB	ENSMUSG00000022438	ENSRNOG00000055305
ENSG00000188687	SLC4A5	ENSMUSG00000068323	ENSRNOG00000010378
ENSG00000188690	UROS	ENSMUSG00000030979	ENSRNOG00000017810
ENSG00000188694	KRTAP24-1	ENSMUSG00000050239	ENSRNOG00000048374
ENSG00000188706	ZDHHC9	ENSMUSG00000036985	ENSRNOG00000004581
ENSG00000188710	QRFP	ENSMUSG00000043102	ENSRNOG00000046473
ENSG00000188716	DUSP29	ENSMUSG00000063821	ENSRNOG00000013034
ENSG00000188725	SMIM15	ENSMUSG00000071180	ENSRNOG00000031995
ENSG00000188729	OSTN	ENSMUSG00000052276	ENSRNOG00000030462
ENSG00000188730	VWC2	ENSMUSG00000050830	ENSRNOG00000049076
ENSG00000188732	FAM221A	ENSMUSG00000047115	ENSRNOG00000009447
ENSG00000188735	TMEM120B	ENSMUSG00000054434	ENSRNOG00000048050
ENSG00000188738	FSIP2	ENSMUSG00000075249	ENSRNOG00000051199
ENSG00000188747	NOXA1	ENSMUSG00000036805	ENSRNOG00000009286
ENSG00000188760	TMEM198	ENSMUSG00000051703	ENSRNOG00000020061
ENSG00000188761	BCL2L15	ENSMUSG00000044165	ENSRNOG00000037149
ENSG00000188763	FZD9	ENSMUSG00000049551	ENSRNOG00000001452
ENSG00000188766	SPRED3	ENSMUSG00000037239	ENSRNOG00000051915
ENSG00000188770	OPTC	ENSMUSG00000010311	ENSRNOG00000003059
ENSG00000188771	PLET1	ENSMUSG00000032068	ENSRNOG00000024346
ENSG00000188778	ADRB3	ENSMUSG00000031489	ENSRNOG00000012674
ENSG00000188779	SKOR1	ENSMUSG00000022245	ENSRNOG00000013959
ENSG00000188782	CATSPER4	ENSMUSG00000048003	ENSRNOG00000016312
ENSG00000188783	PRELP	ENSMUSG00000041577	ENSRNOG00000003120
ENSG00000188784	PLA2G2E	ENSMUSG00000028751	ENSRNOG00000017024
ENSG00000188786	MTF1	ENSMUSG00000028890	ENSRNOG00000025724
ENSG00000188800	TMCO2	ENSMUSG00000078577	ENSRNOG00000012340
ENSG00000188803	SHISA6	ENSMUSG00000053930	ENSRNOG00000029012
ENSG00000188807	TMEM201	ENSMUSG00000044700	ENSRNOG00000023152
ENSG00000188811	NHLRC3	ENSMUSG00000042997	ENSRNOG00000010843
ENSG00000188816	HMX2	ENSMUSG00000050100	ENSRNOG00000020638
ENSG00000188817	SNTN	ENSMUSG00000044772	ENSRNOG00000027383
ENSG00000188820	CALHM6	ENSMUSG00000046031	ENSRNOG00000037757
ENSG00000188822	CNR2	ENSMUSG00000062585	ENSRNOG00000009260
ENSG00000188827	SLX4	ENSMUSG00000039738	ENSRNOG00000024445
ENSG00000188833	ENTPD8	ENSMUSG00000036813	ENSRNOG00000009239
ENSG00000188848	BEND4	ENSMUSG00000092060	ENSRNOG00000053303
ENSG00000188859	FAM78B	ENSMUSG00000060568	ENSRNOG00000068017
ENSG00000188869	TMC3	ENSMUSG00000038540	ENSRNOG00000025088
ENSG00000188878	FBF1	ENSMUSG00000020776	ENSRNOG00000008577
ENSG00000188883	KLRG2	ENSMUSG00000071537	ENSRNOG00000006814
ENSG00000188886	ASTL	ENSMUSG00000050468	ENSRNOG00000022603
ENSG00000188895	MSL1	ENSMUSG00000052915	ENSRNOG00000009643
ENSG00000188906	LRRK2	ENSMUSG00000036273	ENSRNOG00000004048
ENSG00000188909	BSX	ENSMUSG00000054360	ENSRNOG00000024438
ENSG00000188910	GJB3	ENSMUSG00000042367	ENSRNOG00000014372
ENSG00000188916	INSYN2A	ENSMUSG00000073805	ENSRNOG00000033881
ENSG00000188921	HACD4	ENSMUSG00000028497	ENSRNOG00000005772
ENSG00000188931	CFAP126	ENSMUSG00000026649	ENSRNOG00000034221
ENSG00000188937	NYX	ENSMUSG00000051228	ENSRNOG00000009646
ENSG00000188958	UTS2B	ENSMUSG00000056423	ENSRNOG00000038512
ENSG00000188959	C9orf152	ENSMUSG00000052117	ENSRNOG00000012068
ENSG00000188976	NOC2L	ENSMUSG00000095567	ENSRNOG00000021392
ENSG00000188981	MSANTD1	ENSMUSG00000051246	ENSRNOG00000064777
ENSG00000188984	AADACL3	ENSMUSG00000078507	ENSRNOG00000026613
ENSG00000188986	NELFB	ENSMUSG00000013465	ENSRNOG00000009377
ENSG00000188991	SLC15A5	ENSMUSG00000044378	ENSRNOG00000007717
ENSG00000188992	LIPI	ENSMUSG00000032948	ENSRNOG00000033441
ENSG00000188993	LRRC66	ENSMUSG00000067206	ENSRNOG00000026585
ENSG00000188994	ZNF292	ENSMUSG00000039967	ENSRNOG00000031031
ENSG00000188997	KCTD21	ENSMUSG00000044952	ENSRNOG00000024793
ENSG00000189001	SBSN	ENSMUSG00000046056	ENSRNOG00000021015
ENSG00000189007	ADAT2	ENSMUSG00000019808	ENSRNOG00000046983
ENSG00000189023	MAGEB16	ENSMUSG00000046942	ENSRNOG00000029408
ENSG00000189030	VHLL	ENSMUSG00000033933	ENSRNOG00000010258
ENSG00000189037	DUSP21	ENSMUSG00000025043	ENSRNOG00000024138
ENSG00000189043	COXFA4	ENSMUSG00000029632	ENSRNOG00000005512
ENSG00000189045	ANKDD1B	ENSMUSG00000047117	ENSRNOG00000025377
ENSG00000189046	ALKBH2	ENSMUSG00000044339	ENSRNOG00000028584
ENSG00000189050	RNFT1	ENSMUSG00000020521	ENSRNOG00000003805
ENSG00000189051	RNF222	ENSMUSG00000046490	ENSRNOG00000022964
ENSG00000189056	RELN	ENSMUSG00000042453	ENSRNOG00000021441
ENSG00000189058	APOD	ENSMUSG00000022548	ENSRNOG00000048273
ENSG00000189060	H1-0	ENSMUSG00000096210	ENSRNOG00000076993
ENSG00000189067	LITAF	ENSMUSG00000022500	ENSRNOG00000002520
ENSG00000189077	TMEM120A	ENSMUSG00000039886	ENSRNOG00000001441
ENSG00000189079	ARID2	ENSMUSG00000033237	ENSRNOG00000004831
ENSG00000189091	SF3B3	ENSMUSG00000033732	ENSRNOG00000017724
ENSG00000189099	PRSS48	ENSMUSG00000049013	ENSRNOG00000024208
ENSG00000189108	IL1RAPL2	ENSMUSG00000059203	ENSRNOG00000062221
ENSG00000189114	BLOC1S3	ENSMUSG00000057667	ENSRNOG00000017463
ENSG00000189120	SP6	ENSMUSG00000038560	ENSRNOG00000023551
ENSG00000189127	ANKRD34B	ENSMUSG00000045034	ENSRNOG00000040166
ENSG00000189129	PLAC9	ENSMUSG00000095304	ENSRNOG00000011263
ENSG00000189134	NKAPL	ENSMUSG00000059395	ENSRNOG00000056708
ENSG00000189139	FSCB	ENSMUSG00000043060	ENSRNOG00000086903
ENSG00000189143	CLDN4	ENSMUSG00000008843	ENSRNOG00000001476
ENSG00000189157	FAM47E	ENSMUSG00000057068	ENSRNOG00000062922
ENSG00000189159	JPT1	ENSMUSG00000020737	ENSRNOG00000003661
ENSG00000189167	ZAR1L	ENSMUSG00000056586	ENSRNOG00000051294
ENSG00000189171	S100A13	ENSMUSG00000042312	ENSRNOG00000079311
ENSG00000189182	KRT77	ENSMUSG00000067594	ENSRNOG00000036865
ENSG00000189184	PCDH18	ENSMUSG00000037892	ENSRNOG00000009949
ENSG00000189195	BTBD8	ENSMUSG00000111375	ENSRNOG00000023446
ENSG00000189221	MAOA	ENSMUSG00000025037	ENSRNOG00000002848
ENSG00000189227	C15orf61	ENSMUSG00000032403	ENSRNOG00000008340
ENSG00000189241	TSPYL1	ENSMUSG00000047514	ENSRNOG00000000549
ENSG00000189266	PNRC2	ENSMUSG00000028675	ENSRNOG00000070268
ENSG00000189280	GJB5	ENSMUSG00000042357	ENSRNOG00000059897
ENSG00000189283	FHIT	ENSMUSG00000060579	ENSRNOG00000064939
ENSG00000189292	ALKAL2	ENSMUSG00000054204	ENSRNOG00000005154
ENSG00000189299	FOXR2	ENSMUSG00000071665	ENSRNOG00000076722
ENSG00000189306	RRP7A	ENSMUSG00000018040	ENSRNOG00000022896
ENSG00000189308	LIN54	ENSMUSG00000118665	ENSRNOG00000002203
ENSG00000189319	FAM53B	ENSMUSG00000030956	ENSRNOG00000061348
ENSG00000189320	FAM180A	ENSMUSG00000047420	ENSRNOG00000011750
ENSG00000189325	BNIP5	ENSMUSG00000048905	ENSRNOG00000016997
ENSG00000189334	S100A14	ENSMUSG00000042306	ENSRNOG00000069413
ENSG00000189337	KAZN	ENSMUSG00000040606	ENSRNOG00000014322
ENSG00000189339	SLC35E2B	ENSMUSG00000042202	ENSRNOG00000062404
ENSG00000189350	TOGARAM2	ENSMUSG00000045761	ENSRNOG00000026344
ENSG00000189362	NEMP2	ENSMUSG00000043015	ENSRNOG00000012924
ENSG00000189367	KIAA0408	ENSMUSG00000004360	ENSRNOG00000042309
ENSG00000189369	GSPT2	ENSMUSG00000071723	ENSRNOG00000048817
ENSG00000189376	C8orf76	ENSMUSG00000101892	ENSRNOG00000006370
ENSG00000189377	CXCL17	ENSMUSG00000060188	ENSRNOG00000037814
ENSG00000189401	OTUD6A	ENSMUSG00000051582	ENSRNOG00000042687
ENSG00000189409	MMP23B	ENSMUSG00000029061	ENSRNOG00000017477
ENSG00000189410	SH2D5	ENSMUSG00000045349	ENSRNOG00000014909
ENSG00000189420	ZFP92	ENSMUSG00000031374	ENSRNOG00000051836
ENSG00000189430	NCR1	ENSMUSG00000062524	ENSRNOG00000027855
ENSG00000189431	RASSF10	ENSMUSG00000098132	ENSRNOG00000073349
ENSG00000189433	GJB4	ENSMUSG00000046623	ENSRNOG00000026910
ENSG00000194717	MIR494	ENSMUSG00000070141	ENSRNOG00000036244
ENSG00000195024	RNU1-15P	ENSMUSG00000087760	ENSRNOG00000059822
ENSG00000196072	BLOC1S2	ENSMUSG00000057506	ENSRNOG00000012684
ENSG00000196074	SYCP2	ENSMUSG00000060445	ENSRNOG00000061690
ENSG00000196083	IL1RAP	ENSMUSG00000022514	ENSRNOG00000001928
ENSG00000196090	PTPRT	ENSMUSG00000053141	ENSRNOG00000032656
ENSG00000196091	MYBPC1	ENSMUSG00000020061	ENSRNOG00000056493
ENSG00000196092	PAX5	ENSMUSG00000014030	ENSRNOG00000024729
ENSG00000196104	SPOCK3	ENSMUSG00000054162	ENSRNOG00000029903
ENSG00000196116	TDRD7	ENSMUSG00000035517	ENSRNOG00000055779
ENSG00000196118	CFAP119	ENSMUSG00000057176	ENSRNOG00000053015
ENSG00000196123	MATCAP1	ENSMUSG00000014837	ENSRNOG00000015625
ENSG00000196132	MYT1	ENSMUSG00000010505	ENSRNOG00000017346
ENSG00000196141	SPATS2L	ENSMUSG00000038305	ENSRNOG00000016012
ENSG00000196150	ZNF250	ENSMUSG00000054967	ENSRNOG00000068661
ENSG00000196151	WDSUB1	ENSMUSG00000026988	ENSRNOG00000005990
ENSG00000196154	S100A4	ENSMUSG00000001020	ENSRNOG00000011821
ENSG00000196155	PLEKHG4	ENSMUSG00000014782	ENSRNOG00000016479
ENSG00000196159	FAT4	ENSMUSG00000046743	ENSRNOG00000028335
ENSG00000196169	KIF19	ENSMUSG00000010021	ENSRNOG00000003105
ENSG00000196171	OR6K2	ENSMUSG00000055033	ENSRNOG00000089681
ENSG00000196177	ACADSB	ENSMUSG00000030861	ENSRNOG00000020624
ENSG00000196182	STK40	ENSMUSG00000042608	ENSRNOG00000025679
ENSG00000196187	TMEM63A	ENSMUSG00000026519	ENSRNOG00000003310
ENSG00000196188	CTSE	ENSMUSG00000004552	ENSRNOG00000006963
ENSG00000196189	SEMA4A	ENSMUSG00000028064	ENSRNOG00000019737
ENSG00000196196	HRCT1	ENSMUSG00000071001	ENSRNOG00000039336
ENSG00000196208	GREB1	ENSMUSG00000036523	ENSRNOG00000024651
ENSG00000196218	RYR1	ENSMUSG00000030592	ENSRNOG00000020557
ENSG00000196220	SRGAP3	ENSMUSG00000030257	ENSRNOG00000006509
ENSG00000196227	FAM217B	ENSMUSG00000070476	ENSRNOG00000053607
ENSG00000196228	SULT1C3	ENSMUSG00000023943	ENSRNOG00000011269
ENSG00000196230	TUBB	ENSMUSG00000001525	ENSRNOG00000061216
ENSG00000196233	LCOR	ENSMUSG00000025019	ENSRNOG00000042679
ENSG00000196235	SUPT5H	ENSMUSG00000003435	ENSRNOG00000032034
ENSG00000196236	XPNPEP3	ENSMUSG00000022401	ENSRNOG00000019196
ENSG00000196248	OR10S1	ENSMUSG00000049010	ENSRNOG00000058978
ENSG00000196260	SFTA2	ENSMUSG00000090509	ENSRNOG00000048987
ENSG00000196277	GRM7	ENSMUSG00000056755	ENSRNOG00000005662
ENSG00000196284	SUPT3H	ENSMUSG00000038954	ENSRNOG00000020153
ENSG00000196289	BECN2	ENSMUSG00000104158	ENSRNOG00000038076
ENSG00000196290	NIF3L1	ENSMUSG00000026036	ENSRNOG00000013446
ENSG00000196296	ATP2A1	ENSMUSG00000030730	ENSRNOG00000047124
ENSG00000196305	IARS1	ENSMUSG00000037851	ENSRNOG00000014616
ENSG00000196323	ZBTB44	ENSMUSG00000047412	ENSRNOG00000005578
ENSG00000196335	STK31	ENSMUSG00000023403	ENSRNOG00000057554
ENSG00000196338	NLGN3	ENSMUSG00000031302	ENSRNOG00000003812
ENSG00000196344	ADH7	ENSMUSG00000055301	ENSRNOG00000032959
ENSG00000196345	ZKSCAN7	ENSMUSG00000063488	ENSRNOG00000004104
ENSG00000196353	CPNE4	ENSMUSG00000032564	ENSRNOG00000026577
ENSG00000196358	NTNG2	ENSMUSG00000035513	ENSRNOG00000013694
ENSG00000196361	ELAVL3	ENSMUSG00000003410	ENSRNOG00000013752
ENSG00000196363	WDR5	ENSMUSG00000026917	ENSRNOG00000008212
ENSG00000196365	LONP1	ENSMUSG00000041168	ENSRNOG00000046502
ENSG00000196367	TRRAP	ENSMUSG00000045482	ENSRNOG00000025244
ENSG00000196371	FUT4	ENSMUSG00000049307	ENSRNOG00000009157
ENSG00000196372	ASB13	ENSMUSG00000033781	ENSRNOG00000017967
ENSG00000196376	SLC35F1	ENSMUSG00000038602	ENSRNOG00000000412
ENSG00000196388	INCA1	ENSMUSG00000057054	ENSRNOG00000037418
ENSG00000196396	PTPN1	ENSMUSG00000027540	ENSRNOG00000010574
ENSG00000196405	EVL	ENSMUSG00000021262	ENSRNOG00000014476
ENSG00000196407	THEM5	ENSMUSG00000028148	ENSRNOG00000043445
ENSG00000196408	NOXO1	ENSMUSG00000019320	ENSRNOG00000025117
ENSG00000196411	EPHB4	ENSMUSG00000029710	ENSRNOG00000045952
ENSG00000196415	PRTN3	ENSMUSG00000057729	ENSRNOG00000029814
ENSG00000196419	XRCC6	ENSMUSG00000022471	ENSRNOG00000006392
ENSG00000196420	S100A5	ENSMUSG00000001023	ENSRNOG00000011748
ENSG00000196422	PPP1R26	ENSMUSG00000035829	ENSRNOG00000027193
ENSG00000196428	TSC22D2	ENSMUSG00000027806	ENSRNOG00000038044
ENSG00000196431	CRYBA4	ENSMUSG00000066975	ENSRNOG00000049770
ENSG00000196433	ASMT	ENSMUSG00000093806	ENSRNOG00000001324
ENSG00000196437	ZNF569	ENSMUSG00000059975	ENSRNOG00000069539
ENSG00000196440	ARMCX4	ENSMUSG00000049804	ENSRNOG00000043128
ENSG00000196449	YRDC	ENSMUSG00000028889	ENSRNOG00000025424
ENSG00000196453	ZNF777	ENSMUSG00000071477	ENSRNOG00000033639
ENSG00000196455	PIK3R4	ENSMUSG00000032571	ENSRNOG00000013669
ENSG00000196458	ZNF605	ENSMUSG00000023284	ENSRNOG00000037428
ENSG00000196460	RFX8	ENSMUSG00000057173	ENSRNOG00000058243
ENSG00000196468	FGF16	ENSMUSG00000031230	ENSRNOG00000061530
ENSG00000196475	GK2	ENSMUSG00000050553	ENSRNOG00000029397
ENSG00000196476	C20orf96	ENSMUSG00000032680	ENSRNOG00000023721
ENSG00000196482	ESRRG	ENSMUSG00000026610	ENSRNOG00000002593
ENSG00000196497	IPO4	ENSMUSG00000002319	ENSRNOG00000019553
ENSG00000196498	NCOR2	ENSMUSG00000029478	ENSRNOG00000001004
ENSG00000196503	ARL9	ENSMUSG00000063820	ENSRNOG00000029628
ENSG00000196504	PRPF40A	ENSMUSG00000061136	ENSRNOG00000004864
ENSG00000196505	GDAP2	ENSMUSG00000027865	ENSRNOG00000019754
ENSG00000196510	ANAPC7	ENSMUSG00000029466	ENSRNOG00000001283
ENSG00000196511	TPK1	ENSMUSG00000029735	ENSRNOG00000029922
ENSG00000196517	SLC6A9	ENSMUSG00000028542	ENSRNOG00000019484
ENSG00000196526	AFAP1	ENSMUSG00000029094	ENSRNOG00000060665
ENSG00000196531	NACA	ENSMUSG00000061315	ENSRNOG00000002632
ENSG00000196535	MYO18A	ENSMUSG00000000631	ENSRNOG00000033101
ENSG00000196542	SPTSSB	ENSMUSG00000043461	ENSRNOG00000009388
ENSG00000196544	BORCS6	ENSMUSG00000045176	ENSRNOG00000006513
ENSG00000196547	MAN2A2	ENSMUSG00000038886	ENSRNOG00000012055
ENSG00000196549	MME	ENSMUSG00000027820	ENSRNOG00000009514
ENSG00000196553	CCDC196	ENSMUSG00000099418	ENSRNOG00000033423
ENSG00000196557	CACNA1H	ENSMUSG00000024112	ENSRNOG00000033893
ENSG00000196562	SULF2	ENSMUSG00000006800	ENSRNOG00000006052
ENSG00000196569	LAMA2	ENSMUSG00000019899	ENSRNOG00000011134
ENSG00000196570	PFN3	ENSMUSG00000044444	ENSRNOG00000082948
ENSG00000196576	PLXNB2	ENSMUSG00000036606	ENSRNOG00000007133
ENSG00000196581	AJAP1	ENSMUSG00000039546	ENSRNOG00000050137
ENSG00000196584	XRCC2	ENSMUSG00000028933	ENSRNOG00000007493
ENSG00000196586	MYO6	ENSMUSG00000033577	ENSRNOG00000011852
ENSG00000196588	MRTFA	ENSMUSG00000042292	ENSRNOG00000018803
ENSG00000196591	HDAC2	ENSMUSG00000019777	ENSRNOG00000000604
ENSG00000196628	TCF4	ENSMUSG00000053477	ENSRNOG00000012405
ENSG00000196632	WNK3	ENSMUSG00000041245	ENSRNOG00000002537
ENSG00000196636	SDHAF3	ENSMUSG00000042505	ENSRNOG00000011283
ENSG00000196639	HRH1	ENSMUSG00000053004	ENSRNOG00000007420
ENSG00000196642	RABL6	ENSMUSG00000015087	ENSRNOG00000016795
ENSG00000196652	ZKSCAN5	ENSMUSG00000055991	ENSRNOG00000059552
ENSG00000196655	TRAPPC4	ENSMUSG00000032112	ENSRNOG00000011904
ENSG00000196660	SLC30A10	ENSMUSG00000026614	ENSRNOG00000002397
ENSG00000196663	TECPR2	ENSMUSG00000021275	ENSRNOG00000021904
ENSG00000196664	TLR7	ENSMUSG00000044583	ENSRNOG00000004249
ENSG00000196670	ZFP62	ENSMUSG00000046311	ENSRNOG00000051756
ENSG00000196678	ERI2	ENSMUSG00000030929	ENSRNOG00000014673
ENSG00000196684	HSH2D	ENSMUSG00000062007	ENSRNOG00000023614
ENSG00000196689	TRPV1	ENSMUSG00000005952	ENSRNOG00000019486
ENSG00000196700	ZNF512B	ENSMUSG00000000823	ENSRNOG00000015558
ENSG00000196704	AMZ2	ENSMUSG00000020610	ENSRNOG00000000246
ENSG00000196711	ALKAL1	ENSMUSG00000087247	ENSRNOG00000048703
ENSG00000196712	NF1	ENSMUSG00000020716	ENSRNOG00000013780
ENSG00000196715	VKORC1L1	ENSMUSG00000066735	ENSRNOG00000083064
ENSG00000196730	DAPK1	ENSMUSG00000021559	ENSRNOG00000018198
ENSG00000196739	COL27A1	ENSMUSG00000045672	ENSRNOG00000007657
ENSG00000196743	GM2A	ENSMUSG00000000594	ENSRNOG00000052219
ENSG00000196748	CLPSL2	ENSMUSG00000024224	ENSRNOG00000038807
ENSG00000196757	ZNF700	ENSMUSG00000052446	ENSRNOG00000049856
ENSG00000196767	POU3F4	ENSMUSG00000056854	ENSRNOG00000002784
ENSG00000196781	TLE1	ENSMUSG00000008305	ENSRNOG00000005882
ENSG00000196782	MAML3	ENSMUSG00000061143	ENSRNOG00000067338
ENSG00000196792	STRN3	ENSMUSG00000020954	ENSRNOG00000060335
ENSG00000196793	ZNF239	ENSMUSG00000042097	ENSRNOG00000062429
ENSG00000196800	SPINK14	ENSMUSG00000051050	ENSRNOG00000028902
ENSG00000196811	CHRNG	ENSMUSG00000026253	ENSRNOG00000077483
ENSG00000196814	MVB12B	ENSMUSG00000038740	ENSRNOG00000017172
ENSG00000196821	ILRUN	ENSMUSG00000056692	ENSRNOG00000038883
ENSG00000196839	ADA	ENSMUSG00000017697	ENSRNOG00000010265
ENSG00000196843	ARID5A	ENSMUSG00000037447	ENSRNOG00000015382
ENSG00000196844	PATE2	ENSMUSG00000074452	ENSRNOG00000033981
ENSG00000196850	PPTC7	ENSMUSG00000038582	ENSRNOG00000021440
ENSG00000196859	KRT39	ENSMUSG00000064165	ENSRNOG00000031422
ENSG00000196860	TOMM20L	ENSMUSG00000021078	ENSRNOG00000054663
ENSG00000196865	NHLRC2	ENSMUSG00000025078	ENSRNOG00000016948
ENSG00000196867	ZFP28	ENSMUSG00000062861	ENSRNOG00000042777
ENSG00000196872	CRACDL	ENSMUSG00000026090	ENSRNOG00000018366
ENSG00000196876	SCN8A	ENSMUSG00000023033	ENSRNOG00000005309
ENSG00000196878	LAMB3	ENSMUSG00000026639	ENSRNOG00000006025
ENSG00000196890	H2BC26	ENSMUSG00000080712	ENSRNOG00000085593
ENSG00000196900	SPMIP10	ENSMUSG00000032900	ENSRNOG00000023034
ENSG00000196914	ARHGEF12	ENSMUSG00000059495	ENSRNOG00000008924
ENSG00000196917	HCAR1	ENSMUSG00000049241	ENSRNOG00000026661
ENSG00000196923	PDLIM7	ENSMUSG00000021493	ENSRNOG00000013653
ENSG00000196924	FLNA	ENSMUSG00000031328	ENSRNOG00000054890
ENSG00000196932	TMEM26	ENSMUSG00000060044	ENSRNOG00000027859
ENSG00000196935	SRGAP1	ENSMUSG00000020121	ENSRNOG00000004603
ENSG00000196937	FAM3C	ENSMUSG00000029672	ENSRNOG00000060349
ENSG00000196943	NOP9	ENSMUSG00000019297	ENSRNOG00000020321
ENSG00000196950	SLC39A10	ENSMUSG00000025986	ENSRNOG00000011677
ENSG00000196961	AP2A1	ENSMUSG00000060279	ENSRNOG00000026243
ENSG00000196968	POFUT4	ENSMUSG00000039357	ENSRNOG00000009274
ENSG00000196975	ANXA4	ENSMUSG00000029994	ENSRNOG00000018159
ENSG00000196981	WDR5B	ENSMUSG00000034379	ENSRNOG00000002253
ENSG00000196990	FAM163B	ENSMUSG00000009216	ENSRNOG00000065438
ENSG00000196998	WDR45	ENSMUSG00000039382	ENSRNOG00000009749
ENSG00000197006	METTL9	ENSMUSG00000030876	ENSRNOG00000025940
ENSG00000197019	SERTAD1	ENSMUSG00000008384	ENSRNOG00000024363
ENSG00000197024	ZNF398	ENSMUSG00000062519	ENSRNOG00000006703
ENSG00000197037	ZSCAN25	ENSMUSG00000070420	ENSRNOG00000042213
ENSG00000197043	ANXA6	ENSMUSG00000018340	ENSRNOG00000010668
ENSG00000197045	GMFB	ENSMUSG00000062014	ENSRNOG00000064480
ENSG00000197046	SIGLEC15	ENSMUSG00000091055	ENSRNOG00000033588
ENSG00000197056	ZMYM1	ENSMUSG00000043872	ENSRNOG00000013855
ENSG00000197062	ZSCAN26	ENSMUSG00000022228	ENSRNOG00000053518
ENSG00000197063	MAFG	ENSMUSG00000051510	ENSRNOG00000072854
ENSG00000197070	ARRDC1	ENSMUSG00000026972	ENSRNOG00000007622
ENSG00000197077	KIAA1671	ENSMUSG00000051339	ENSRNOG00000052424
ENSG00000197079	KRT35	ENSMUSG00000048013	ENSRNOG00000013754
ENSG00000197081	IGF2R	ENSMUSG00000023830	ENSRNOG00000014997
ENSG00000197093	GAL3ST4	ENSMUSG00000075593	ENSRNOG00000001375
ENSG00000197102	DYNC1H1	ENSMUSG00000018707	ENSRNOG00000006178
ENSG00000197106	SLC6A17	ENSMUSG00000027894	ENSRNOG00000050090
ENSG00000197114	ZGPAT	ENSMUSG00000027582	ENSRNOG00000014235
ENSG00000197119	SLC25A29	ENSMUSG00000021265	ENSRNOG00000004351
ENSG00000197121	PGAP1	ENSMUSG00000073678	ENSRNOG00000013388
ENSG00000197122	SRC	ENSMUSG00000027646	ENSRNOG00000009495
ENSG00000197125	OR8B8	ENSMUSG00000066748	ENSRNOG00000083397
ENSG00000197136	PCNX3	ENSMUSG00000054874	ENSRNOG00000020742
ENSG00000197140	ADAM32	ENSMUSG00000037437	ENSRNOG00000025728
ENSG00000197142	ACSL5	ENSMUSG00000024981	ENSRNOG00000016265
ENSG00000197147	LRRC8B	ENSMUSG00000070639	ENSRNOG00000002129
ENSG00000197150	ABCB8	ENSMUSG00000028973	ENSRNOG00000008557
ENSG00000197157	SND1	ENSMUSG00000001424	ENSRNOG00000031173
ENSG00000197168	NEK5	ENSMUSG00000037738	ENSRNOG00000048769
ENSG00000197170	PSMD12	ENSMUSG00000020720	ENSRNOG00000003117
ENSG00000197177	ADGRA1	ENSMUSG00000025475	ENSRNOG00000054955
ENSG00000197181	PIWIL2	ENSMUSG00000033644	ENSRNOG00000009871
ENSG00000197183	NOL4L	ENSMUSG00000061411	ENSRNOG00000010417
ENSG00000197191	CYSRT1	ENSMUSG00000036731	ENSRNOG00000010600
ENSG00000197208	SLC22A4	ENSMUSG00000020334	ENSRNOG00000046195
ENSG00000197223	C1D	ENSMUSG00000000581	ENSRNOG00000005982
ENSG00000197226	TBC1D9B	ENSMUSG00000036644	ENSRNOG00000003050
ENSG00000197241	SLC2A7	ENSMUSG00000062064	ENSRNOG00000036951
ENSG00000197245	FAM110D	ENSMUSG00000050105	ENSRNOG00000016491
ENSG00000197256	KANK2	ENSMUSG00000032194	ENSRNOG00000010643
ENSG00000197261	C6orf141	ENSMUSG00000054951	ENSRNOG00000048967
ENSG00000197265	GTF2E2	ENSMUSG00000031585	ENSRNOG00000014422
ENSG00000197272	IL27	ENSMUSG00000044701	ENSRNOG00000019170
ENSG00000197273	GUCA2A	ENSMUSG00000023247	ENSRNOG00000008849
ENSG00000197275	RAD54B	ENSMUSG00000078773	ENSRNOG00000039949
ENSG00000197283	SYNGAP1	ENSMUSG00000067629	ENSRNOG00000000483
ENSG00000197296	FITM2	ENSMUSG00000048486	ENSRNOG00000027434
ENSG00000197299	BLM	ENSMUSG00000030528	ENSRNOG00000011213
ENSG00000197309	OR10D3	ENSMUSG00000050853	ENSRNOG00000039236
ENSG00000197321	SVIL	ENSMUSG00000024236	ENSRNOG00000018110
ENSG00000197323	TRIM33	ENSMUSG00000033014	ENSRNOG00000018946
ENSG00000197324	LRP10	ENSMUSG00000022175	ENSRNOG00000011592
ENSG00000197329	PELI1	ENSMUSG00000020134	ENSRNOG00000006329
ENSG00000197343	ZNF655	ENSMUSG00000007812	ENSRNOG00000060129
ENSG00000197345	MRPL21	ENSMUSG00000024829	ENSRNOG00000013845
ENSG00000197353	LYPD2	ENSMUSG00000022595	ENSRNOG00000006058
ENSG00000197355	UAP1L1	ENSMUSG00000026956	ENSRNOG00000012960
ENSG00000197361	FBXL22	ENSMUSG00000050503	ENSRNOG00000017684
ENSG00000197362	ZNF786	ENSMUSG00000051499	ENSRNOG00000006925
ENSG00000197380	DACT3	ENSMUSG00000078794	ENSRNOG00000052256
ENSG00000197381	ADARB1	ENSMUSG00000020262	ENSRNOG00000001227
ENSG00000197386	HTT	ENSMUSG00000029104	ENSRNOG00000011073
ENSG00000197403	OR6N1	ENSMUSG00000049528	ENSRNOG00000022387
ENSG00000197405	C5AR1	ENSMUSG00000049130	ENSRNOG00000074439
ENSG00000197406	DIO3	ENSMUSG00000075707	ENSRNOG00000052017
ENSG00000197410	DCHS2	ENSMUSG00000102692	ENSRNOG00000047473
ENSG00000197415	VEPH1	ENSMUSG00000027831	ENSRNOG00000012427
ENSG00000197416	FABP12	ENSMUSG00000027530	ENSRNOG00000038825
ENSG00000197417	SHPK	ENSMUSG00000005951	ENSRNOG00000019458
ENSG00000197428	OR51D1	ENSMUSG00000073967	ENSRNOG00000048369
ENSG00000197429	IPP	ENSMUSG00000028696	ENSRNOG00000016183
ENSG00000197430	OPALIN	ENSMUSG00000050121	ENSRNOG00000022386
ENSG00000197437	OR13G1	ENSMUSG00000054054	ENSRNOG00000078562
ENSG00000197442	MAP3K5	ENSMUSG00000071369	ENSRNOG00000031700
ENSG00000197444	OGDHL	ENSMUSG00000021913	ENSRNOG00000019955
ENSG00000197446	CYP2F1	ENSMUSG00000052974	ENSRNOG00000032805
ENSG00000197448	GSTK1	ENSMUSG00000029864	ENSRNOG00000016484
ENSG00000197451	HNRNPAB	ENSMUSG00000020358	ENSRNOG00000003645
ENSG00000197457	STMN3	ENSMUSG00000027581	ENSRNOG00000013657
ENSG00000197461	PDGFA	ENSMUSG00000025856	ENSRNOG00000001312
ENSG00000197467	COL13A1	ENSMUSG00000058806	ENSRNOG00000000552
ENSG00000197483	ZNF628	ENSMUSG00000074406	ENSRNOG00000038622
ENSG00000197487	GALP	ENSMUSG00000034660	ENSRNOG00000022129
ENSG00000197496	SLC2A10	ENSMUSG00000027661	ENSRNOG00000025384
ENSG00000197498	RPF2	ENSMUSG00000038510	ENSRNOG00000000587
ENSG00000197506	SLC28A3	ENSMUSG00000021553	ENSRNOG00000018853
ENSG00000197530	MIB2	ENSMUSG00000029060	ENSRNOG00000017564
ENSG00000197532	OR6Y1	ENSMUSG00000051509	ENSRNOG00000077494
ENSG00000197535	MYO5A	ENSMUSG00000034593	ENSRNOG00000058866
ENSG00000197540	GZMM	ENSMUSG00000054206	ENSRNOG00000030530
ENSG00000197548	ATG7	ENSMUSG00000030314	ENSRNOG00000007486
ENSG00000197555	SIPA1L1	ENSMUSG00000042700	ENSRNOG00000007646
ENSG00000197561	ELANE	ENSMUSG00000020125	ENSRNOG00000033685
ENSG00000197563	PIGN	ENSMUSG00000056536	ENSRNOG00000014866
ENSG00000197565	COL4A6	ENSMUSG00000031273	ENSRNOG00000056772
ENSG00000197576	HOXA4	ENSMUSG00000000942	ENSRNOG00000027365
ENSG00000197579	TOPORS	ENSMUSG00000036822	ENSRNOG00000006485
ENSG00000197580	BCO2	ENSMUSG00000032066	ENSRNOG00000038746
ENSG00000197584	KCNMB2	ENSMUSG00000037610	ENSRNOG00000010094
ENSG00000197586	ENTPD6	ENSMUSG00000033068	ENSRNOG00000007427
ENSG00000197587	DMBX1	ENSMUSG00000028707	ENSRNOG00000010835
ENSG00000197591	OR11L1	ENSMUSG00000043880	ENSRNOG00000073000
ENSG00000197594	ENPP1	ENSMUSG00000037370	ENSRNOG00000013994
ENSG00000197599	CCDC154	ENSMUSG00000059562	ENSRNOG00000030541
ENSG00000197601	FAR1	ENSMUSG00000030759	ENSRNOG00000013176
ENSG00000197603	CPLANE1	ENSMUSG00000039801	ENSRNOG00000042118
ENSG00000197614	MFAP5	ENSMUSG00000030116	ENSRNOG00000015505
ENSG00000197616	MYH6	ENSMUSG00000040752	ENSRNOG00000025757
ENSG00000197622	CDC42SE1	ENSMUSG00000046722	ENSRNOG00000060538
ENSG00000197632	SERPINB2	ENSMUSG00000062345	ENSRNOG00000002460
ENSG00000197635	DPP4	ENSMUSG00000035000	ENSRNOG00000030763
ENSG00000197641	SERPINB13	ENSMUSG00000048775	ENSRNOG00000028194
ENSG00000197646	PDCD1LG2	ENSMUSG00000016498	ENSRNOG00000016136
ENSG00000197651	CCER1	ENSMUSG00000047025	ENSRNOG00000004875
ENSG00000197653	DNAH10	ENSMUSG00000038011	ENSRNOG00000052704
ENSG00000197683	KRTAP26-1	ENSMUSG00000071471	ENSRNOG00000048212
ENSG00000197694	SPTAN1	ENSMUSG00000057738	ENSRNOG00000015396
ENSG00000197696	NMB	ENSMUSG00000025723	ENSRNOG00000011011
ENSG00000197702	PARVA	ENSMUSG00000030770	ENSRNOG00000015713
ENSG00000197705	KLHL14	ENSMUSG00000042514	ENSRNOG00000015418
ENSG00000197706	OR6C74	ENSMUSG00000044897	ENSRNOG00000008499
ENSG00000197724	PHF2	ENSMUSG00000038025	ENSRNOG00000016816
ENSG00000197746	PSAP	ENSMUSG00000004207	ENSRNOG00000000571
ENSG00000197747	S100A10	ENSMUSG00000041959	ENSRNOG00000023226
ENSG00000197748	CFAP43	ENSMUSG00000044948	ENSRNOG00000036585
ENSG00000197753	LHFPL5	ENSMUSG00000062252	ENSRNOG00000022283
ENSG00000197757	HOXC6	ENSMUSG00000001661	ENSRNOG00000063956
ENSG00000197763	TXNRD3	ENSMUSG00000000811	ENSRNOG00000059810
ENSG00000197766	CFD	ENSMUSG00000061780	ENSRNOG00000033564
ENSG00000197768	STPG3	ENSMUSG00000036770	ENSRNOG00000010002
ENSG00000197771	MCMBP	ENSMUSG00000048170	ENSRNOG00000020394
ENSG00000197774	EME2	ENSMUSG00000073436	ENSRNOG00000024867
ENSG00000197776	KLHDC1	ENSMUSG00000051890	ENSRNOG00000004425
ENSG00000197780	TAF13	ENSMUSG00000048100	ENSRNOG00000020315
ENSG00000197785	ATAD3A	ENSMUSG00000029036	ENSRNOG00000018118
ENSG00000197790	OR52M1	ENSMUSG00000073971	ENSRNOG00000070164
ENSG00000197798	FAM118B	ENSMUSG00000050471	ENSRNOG00000011543
ENSG00000197816	CCDC180	ENSMUSG00000035539	ENSRNOG00000010412
ENSG00000197818	SLC9A8	ENSMUSG00000039463	ENSRNOG00000008354
ENSG00000197822	OCLN	ENSMUSG00000021638	ENSRNOG00000071323
ENSG00000197826	CFAP299	ENSMUSG00000057816	ENSRNOG00000067409
ENSG00000197852	INKA2	ENSMUSG00000048458	ENSRNOG00000015691
ENSG00000197858	GPAA1	ENSMUSG00000022561	ENSRNOG00000029280
ENSG00000197859	ADAMTSL2	ENSMUSG00000036040	ENSRNOG00000027742
ENSG00000197860	SGTB	ENSMUSG00000042743	ENSRNOG00000011937
ENSG00000197872	CYRIA	ENSMUSG00000020589	ENSRNOG00000052758
ENSG00000197879	MYO1C	ENSMUSG00000017774	ENSRNOG00000004072
ENSG00000197885	NKIRAS1	ENSMUSG00000021772	ENSRNOG00000008565
ENSG00000197889	MEIG1	ENSMUSG00000026650	ENSRNOG00000016283
ENSG00000197891	SLC22A12	ENSMUSG00000061742	ENSRNOG00000021108
ENSG00000197892	KIF13B	ENSMUSG00000060012	ENSRNOG00000013089
ENSG00000197893	NRAP	ENSMUSG00000049134	ENSRNOG00000016714
ENSG00000197894	ADH5	ENSMUSG00000028138	ENSRNOG00000089438
ENSG00000197901	SLC22A6	ENSMUSG00000024650	ENSRNOG00000018215
ENSG00000197905	TEAD4	ENSMUSG00000030353	ENSRNOG00000005608
ENSG00000197912	SPG7	ENSMUSG00000000738	ENSRNOG00000015150
ENSG00000197915	HRNR	ENSMUSG00000041991	ENSRNOG00000064486
ENSG00000197921	HES5	ENSMUSG00000048001	ENSRNOG00000013850
ENSG00000197930	ERO1A	ENSMUSG00000021831	ENSRNOG00000006462
ENSG00000197943	PLCG2	ENSMUSG00000034330	ENSRNOG00000051986
ENSG00000197948	FCHSD1	ENSMUSG00000038524	ENSRNOG00000039415
ENSG00000197953	AADACL2	ENSMUSG00000091376	ENSRNOG00000073541
ENSG00000197956	S100A6	ENSMUSG00000001025	ENSRNOG00000011647
ENSG00000197958	RPL12	ENSMUSG00000038900	ENSRNOG00000028993
ENSG00000197959	DNM3	ENSMUSG00000040265	ENSRNOG00000026490
ENSG00000197961	ZNF121	ENSMUSG00000045519	ENSRNOG00000048394
ENSG00000197965	MPZL1	ENSMUSG00000026566	ENSRNOG00000003248
ENSG00000197969	VPS13A	ENSMUSG00000046230	ENSRNOG00000025539
ENSG00000197971	MBP	ENSMUSG00000041607	ENSRNOG00000016516
ENSG00000197976	AKAP17A	ENSMUSG00000121606	ENSRNOG00000028211
ENSG00000197977	ELOVL2	ENSMUSG00000021364	ENSRNOG00000014702
ENSG00000197980	LEKR1	ENSMUSG00000074579	ENSRNOG00000031247
ENSG00000197982	C1orf122	ENSMUSG00000078570	ENSRNOG00000084397
ENSG00000197992	CLEC9A	ENSMUSG00000046080	ENSRNOG00000051690
ENSG00000197993	KEL	ENSMUSG00000029866	ENSRNOG00000015682
ENSG00000198000	NOL8	ENSMUSG00000021392	ENSRNOG00000046968
ENSG00000198001	IRAK4	ENSMUSG00000059883	ENSRNOG00000005965
ENSG00000198003	ODAD3	ENSMUSG00000039632	ENSRNOG00000013263
ENSG00000198010	DLGAP2	ENSMUSG00000047495	ENSRNOG00000012573
ENSG00000198018	ENTPD7	ENSMUSG00000025192	ENSRNOG00000016883
ENSG00000198026	ZNF335	ENSMUSG00000039834	ENSRNOG00000017290
ENSG00000198034	RPS4X	ENSMUSG00000031320	ENSRNOG00000003201
ENSG00000198042	MAK16	ENSMUSG00000031578	ENSRNOG00000010783
ENSG00000198046	ZNF667	ENSMUSG00000054893	ENSRNOG00000033906
ENSG00000198049	AVPR1B	ENSMUSG00000026432	ENSRNOG00000048522
ENSG00000198055	GRK6	ENSMUSG00000074886	ENSRNOG00000014615
ENSG00000198060	MARCHF5	ENSMUSG00000023307	ENSRNOG00000017396
ENSG00000198081	ZBTB14	ENSMUSG00000049672	ENSRNOG00000016719
ENSG00000198087	CD2AP	ENSMUSG00000061665	ENSRNOG00000011987
ENSG00000198088	NUP62CL	ENSMUSG00000072944	ENSRNOG00000057753
ENSG00000198089	SFI1	ENSMUSG00000023764	ENSRNOG00000018412
ENSG00000198092	TMPRSS11F	ENSMUSG00000048764	ENSRNOG00000002005
ENSG00000198099	ADH4	ENSMUSG00000037797	ENSRNOG00000046357
ENSG00000198104	OR2T6	ENSMUSG00000052417	ENSRNOG00000084296
ENSG00000198105	ZNF248	ENSMUSG00000030145	ENSRNOG00000037251
ENSG00000198108	CHSY3	ENSMUSG00000058152	ENSRNOG00000050152
ENSG00000198113	TOR4A	ENSMUSG00000059555	ENSRNOG00000009369
ENSG00000198121	LPAR1	ENSMUSG00000038668	ENSRNOG00000013656
ENSG00000198125	MB	ENSMUSG00000018893	ENSRNOG00000004583
ENSG00000198130	HIBCH	ENSMUSG00000041426	ENSRNOG00000028557
ENSG00000198133	TMEM229B	ENSMUSG00000046157	ENSRNOG00000010646
ENSG00000198142	SOWAHC	ENSMUSG00000098188	ENSRNOG00000064749
ENSG00000198146	ZNF770	ENSMUSG00000040321	ENSRNOG00000043037
ENSG00000198160	MIER1	ENSMUSG00000028522	ENSRNOG00000007175
ENSG00000198162	MAN1A2	ENSMUSG00000008763	ENSRNOG00000015226
ENSG00000198168	SVIP	ENSMUSG00000074093	ENSRNOG00000037137
ENSG00000198169	ZNF251	ENSMUSG00000022526	ENSRNOG00000030308
ENSG00000198171	DDRGK1	ENSMUSG00000068290	ENSRNOG00000021232
ENSG00000198176	TFDP1	ENSMUSG00000038482	ENSRNOG00000019222
ENSG00000198183	BPIFA1	ENSMUSG00000027483	ENSRNOG00000013859
ENSG00000198185	ZNF334	ENSMUSG00000017667	ENSRNOG00000019099
ENSG00000198189	HSD17B11	ENSMUSG00000029311	ENSRNOG00000002210
ENSG00000198198	SZT2	ENSMUSG00000033253	ENSRNOG00000028659
ENSG00000198208	RPS6KL1	ENSMUSG00000019235	ENSRNOG00000005530
ENSG00000198216	CACNA1E	ENSMUSG00000004110	ENSRNOG00000002863
ENSG00000198218	QRICH1	ENSMUSG00000006673	ENSRNOG00000025071
ENSG00000198223	CSF2RA	ENSMUSG00000059326	ENSRNOG00000049782
ENSG00000198231	DDX42	ENSMUSG00000020705	ENSRNOG00000009474
ENSG00000198246	SLC29A3	ENSMUSG00000020100	ENSRNOG00000000568
ENSG00000198265	HELZ	ENSMUSG00000020721	ENSRNOG00000003213
ENSG00000198270	TMEM116	ENSMUSG00000029452	ENSRNOG00000027480
ENSG00000198276	UCKL1	ENSMUSG00000089917	ENSRNOG00000050277
ENSG00000198283	OR5B21	ENSMUSG00000046272	ENSRNOG00000089519
ENSG00000198286	CARD11	ENSMUSG00000036526	ENSRNOG00000024277
ENSG00000198300	PEG3	ENSMUSG00000002265	ENSRNOG00000014791
ENSG00000198301	SDAD1	ENSMUSG00000029415	ENSRNOG00000022229
ENSG00000198315	ZKSCAN8	ENSMUSG00000063894	ENSRNOG00000053635
ENSG00000198324	PHETA1	ENSMUSG00000044134	ENSRNOG00000028206
ENSG00000198326	TMEM239	ENSMUSG00000049692	ENSRNOG00000047004
ENSG00000198331	HYLS1	ENSMUSG00000050555	ENSRNOG00000012980
ENSG00000198336	MYL4	ENSMUSG00000061086	ENSRNOG00000050675
ENSG00000198353	HOXC4	ENSMUSG00000075394	ENSRNOG00000016613
ENSG00000198355	PIM3	ENSMUSG00000035828	ENSRNOG00000029698
ENSG00000198356	GET3	ENSMUSG00000052456	ENSRNOG00000003747
ENSG00000198363	ASPH	ENSMUSG00000028207	ENSRNOG00000007445
ENSG00000198369	SPRED2	ENSMUSG00000045671	ENSRNOG00000004888
ENSG00000198373	WWP2	ENSMUSG00000031930	ENSRNOG00000012937
ENSG00000198380	GFPT1	ENSMUSG00000029992	ENSRNOG00000018507
ENSG00000198382	UVRAG	ENSMUSG00000035354	ENSRNOG00000016206
ENSG00000198398	TMEM207	ENSMUSG00000091972	ENSRNOG00000064931
ENSG00000198399	ITSN2	ENSMUSG00000020640	ENSRNOG00000046741
ENSG00000198400	NTRK1	ENSMUSG00000028072	ENSRNOG00000013953
ENSG00000198408	OGA	ENSMUSG00000025220	ENSRNOG00000017822
ENSG00000198420	TCAF1	ENSMUSG00000036667	ENSRNOG00000017911
ENSG00000198431	TXNRD1	ENSMUSG00000020250	ENSRNOG00000009088
ENSG00000198435	NRARP	ENSMUSG00000078202	ENSRNOG00000009354
ENSG00000198440	ZNF583	ENSMUSG00000030443	ENSRNOG00000034184
ENSG00000198445	CCT8L2	ENSMUSG00000038044	ENSRNOG00000047114
ENSG00000198467	TPM2	ENSMUSG00000028464	ENSRNOG00000016731
ENSG00000198471	RTP2	ENSMUSG00000047531	ENSRNOG00000022160
ENSG00000198478	SH3BGRL2	ENSMUSG00000032261	ENSRNOG00000009613
ENSG00000198483	ANKRD35	ENSMUSG00000038354	ENSRNOG00000025108
ENSG00000198488	B3GNT6	ENSMUSG00000074004	ENSRNOG00000014471
ENSG00000198492	YTHDF2	ENSMUSG00000040025	ENSRNOG00000010892
ENSG00000198498	TMA16	ENSMUSG00000025591	ENSRNOG00000089425
ENSG00000198513	ATL1	ENSMUSG00000021066	ENSRNOG00000005063
ENSG00000198515	CNGA1	ENSMUSG00000067220	ENSRNOG00000004778
ENSG00000198517	MAFK	ENSMUSG00000018143	ENSRNOG00000065794
ENSG00000198520	ARMH1	ENSMUSG00000060268	ENSRNOG00000031494
ENSG00000198522	GPN1	ENSMUSG00000064037	ENSRNOG00000004941
ENSG00000198523	PLN	ENSMUSG00000038583	ENSRNOG00000079579
ENSG00000198542	ITGBL1	ENSMUSG00000032925	ENSRNOG00000004516
ENSG00000198546	ZNF511	ENSMUSG00000025470	ENSRNOG00000018272
ENSG00000198554	WDHD1	ENSMUSG00000037572	ENSRNOG00000011167
ENSG00000198561	CTNND1	ENSMUSG00000034101	ENSRNOG00000030790
ENSG00000198563	DDX39B	ENSMUSG00000019432	ENSRNOG00000000841
ENSG00000198569	SLC34A3	ENSMUSG00000006469	ENSRNOG00000010451
ENSG00000198570	RD3	ENSMUSG00000049353	ENSRNOG00000050766
ENSG00000198576	ARC	ENSMUSG00000022602	ENSRNOG00000043465
ENSG00000198586	TLK1	ENSMUSG00000041997	ENSRNOG00000009300
ENSG00000198589	LRBA	ENSMUSG00000028080	ENSRNOG00000023453
ENSG00000198597	ZNF536	ENSMUSG00000043456	ENSRNOG00000014163
ENSG00000198598	MMP17	ENSMUSG00000029436	ENSRNOG00000023643
ENSG00000198604	BAZ1A	ENSMUSG00000035021	ENSRNOG00000006828
ENSG00000198612	COPS8	ENSMUSG00000034432	ENSRNOG00000019635
ENSG00000198624	CCDC69	ENSMUSG00000049588	ENSRNOG00000021370
ENSG00000198625	MDM4	ENSMUSG00000054387	ENSRNOG00000009696
ENSG00000198626	RYR2	ENSMUSG00000021313	ENSRNOG00000017060
ENSG00000198642	KLHL9	ENSMUSG00000070923	ENSRNOG00000081634
ENSG00000198643	FAM3D	ENSMUSG00000021749	ENSRNOG00000007320
ENSG00000198646	NCOA6	ENSMUSG00000038369	ENSRNOG00000018288
ENSG00000198648	STK39	ENSMUSG00000027030	ENSRNOG00000024808
ENSG00000198650	TAT	ENSMUSG00000001670	ENSRNOG00000016348
ENSG00000198663	C6orf89	ENSMUSG00000052712	ENSRNOG00000000524
ENSG00000198668	CALM1	ENSMUSG00000001175	ENSRNOG00000072513
ENSG00000198673	TAFA2	ENSMUSG00000044071	ENSRNOG00000064852
ENSG00000198674	OR10G6	ENSMUSG00000046678	ENSRNOG00000064020
ENSG00000198677	SKIC3	ENSMUSG00000033991	ENSRNOG00000040297
ENSG00000198678	OR5BS1	ENSMUSG00000108728	ENSRNOG00000062462
ENSG00000198680	TUSC1	ENSMUSG00000054000	ENSRNOG00000066328
ENSG00000198682	PAPSS2	ENSMUSG00000024899	ENSRNOG00000011068
ENSG00000198689	SLC9A6	ENSMUSG00000060681	ENSRNOG00000000879
ENSG00000198690	FAN1	ENSMUSG00000033458	ENSRNOG00000023985
ENSG00000198691	ABCA4	ENSMUSG00000028125	ENSRNOG00000012563
ENSG00000198695	MT-ND6	ENSMUSG00000064368	ENSRNOG00000029042
ENSG00000198700	IPO9	ENSMUSG00000041879	ENSRNOG00000007418
ENSG00000198704	GPX6	ENSMUSG00000004341	ENSRNOG00000060749
ENSG00000198707	CEP290	ENSMUSG00000019971	ENSRNOG00000056458
ENSG00000198712	MT-CO2	ENSMUSG00000064354	ENSRNOG00000030371
ENSG00000198715	GLMP	ENSMUSG00000001418	ENSRNOG00000019281
ENSG00000198718	TOGARAM1	ENSMUSG00000035614	ENSRNOG00000004415
ENSG00000198719	DLL1	ENSMUSG00000014773	ENSRNOG00000059984
ENSG00000198720	ANKRD13B	ENSMUSG00000037907	ENSRNOG00000014742
ENSG00000198722	UNC13B	ENSMUSG00000028456	ENSRNOG00000008237
ENSG00000198723	SAXO5	ENSMUSG00000040340	ENSRNOG00000000973
ENSG00000198727	MT-CYB	ENSMUSG00000064370	ENSRNOG00000031766
ENSG00000198728	LDB1	ENSMUSG00000025223	ENSRNOG00000018468
ENSG00000198729	PPP1R14C	ENSMUSG00000040653	ENSRNOG00000016368
ENSG00000198730	CTR9	ENSMUSG00000005609	ENSRNOG00000017195
ENSG00000198732	SMOC1	ENSMUSG00000021136	ENSRNOG00000005998
ENSG00000198734	F5	ENSMUSG00000026579	ENSRNOG00000057855
ENSG00000198736	MSRB1	ENSMUSG00000075705	ENSRNOG00000055314
ENSG00000198739	LRRTM3	ENSMUSG00000042846	ENSRNOG00000026466
ENSG00000198740	ZNF652	ENSMUSG00000075595	ENSRNOG00000017001
ENSG00000198742	SMURF1	ENSMUSG00000038780	ENSRNOG00000000999
ENSG00000198746	GPATCH3	ENSMUSG00000028850	ENSRNOG00000007097
ENSG00000198752	CDC42BPB	ENSMUSG00000021279	ENSRNOG00000009675
ENSG00000198753	PLXNB3	ENSMUSG00000031385	ENSRNOG00000061731
ENSG00000198755	RPL10A	ENSMUSG00000037805	ENSRNOG00000000505
ENSG00000198756	COLGALT2	ENSMUSG00000032649	ENSRNOG00000028207
ENSG00000198758	EPS8L3	ENSMUSG00000040600	ENSRNOG00000048209
ENSG00000198759	EGFL6	ENSMUSG00000000402	ENSRNOG00000004275
ENSG00000198763	MT-ND2	ENSMUSG00000064345	ENSRNOG00000031033
ENSG00000198765	SYCP1	ENSMUSG00000027855	ENSRNOG00000016835
ENSG00000198771	RCSD1	ENSMUSG00000040723	ENSRNOG00000003283
ENSG00000198774	RASSF9	ENSMUSG00000044921	ENSRNOG00000038574
ENSG00000198780	FAM169A	ENSMUSG00000041817	ENSRNOG00000016505
ENSG00000198783	ZNF830	ENSMUSG00000046010	ENSRNOG00000073735
ENSG00000198785	GRIN3A	ENSMUSG00000039579	ENSRNOG00000005723
ENSG00000198786	MT-ND5	ENSMUSG00000064367	ENSRNOG00000029971
ENSG00000198791	CNOT7	ENSMUSG00000031601	ENSRNOG00000012263
ENSG00000198792	TMEM184B	ENSMUSG00000009035	ENSRNOG00000022802
ENSG00000198793	MTOR	ENSMUSG00000028991	ENSRNOG00000009615
ENSG00000198794	SCAMP5	ENSMUSG00000040722	ENSRNOG00000054008
ENSG00000198795	ZNF521	ENSMUSG00000024420	ENSRNOG00000016874
ENSG00000198796	ALPK2	ENSMUSG00000032845	ENSRNOG00000017421
ENSG00000198797	BRINP2	ENSMUSG00000004031	ENSRNOG00000005592
ENSG00000198799	LRIG2	ENSMUSG00000032913	ENSRNOG00000019957
ENSG00000198804	MT-CO1	ENSMUSG00000064351	ENSRNOG00000034234
ENSG00000198807	PAX9	ENSMUSG00000001497	ENSRNOG00000065348
ENSG00000198815	FOXJ3	ENSMUSG00000032998	ENSRNOG00000061851
ENSG00000198816	ZNF358	ENSMUSG00000047264	ENSRNOG00000000974
ENSG00000198821	CD247	ENSMUSG00000005763	ENSRNOG00000003298
ENSG00000198822	GRM3	ENSMUSG00000003974	ENSRNOG00000005519
ENSG00000198824	CHAMP1	ENSMUSG00000047710	ENSRNOG00000000112
ENSG00000198825	INPP5F	ENSMUSG00000042105	ENSRNOG00000020388
ENSG00000198826	ARHGAP11A	ENSMUSG00000041219	ENSRNOG00000008115
ENSG00000198829	SUCNR1	ENSMUSG00000027762	ENSRNOG00000014039
ENSG00000198832	SELENOM	ENSMUSG00000075702	ENSRNOG00000061231
ENSG00000198833	UBE2J1	ENSMUSG00000028277	ENSRNOG00000007434
ENSG00000198835	GJC2	ENSMUSG00000043448	ENSRNOG00000038328
ENSG00000198836	OPA1	ENSMUSG00000038084	ENSRNOG00000001717
ENSG00000198837	DENND4B	ENSMUSG00000042404	ENSRNOG00000022373
ENSG00000198838	RYR3	ENSMUSG00000057378	ENSRNOG00000006645
ENSG00000198839	ZNF277	ENSMUSG00000055917	ENSRNOG00000045854
ENSG00000198840	MT-ND3	ENSMUSG00000064360	ENSRNOG00000033615
ENSG00000198841	KTI12	ENSMUSG00000073775	ENSRNOG00000070073
ENSG00000198842	STYXL2	ENSMUSG00000026564	ENSRNOG00000003722
ENSG00000198843	SELENOT	ENSMUSG00000075700	ENSRNOG00000013507
ENSG00000198844	ARHGEF15	ENSMUSG00000052921	ENSRNOG00000004566
ENSG00000198846	TOX	ENSMUSG00000041272	ENSRNOG00000010777
ENSG00000198851	CD3E	ENSMUSG00000032093	ENSRNOG00000016069
ENSG00000198853	RUSC2	ENSMUSG00000035969	ENSRNOG00000045843
ENSG00000198854	KPLCE	ENSMUSG00000090314	ENSRNOG00000023511
ENSG00000198855	FICD	ENSMUSG00000053334	ENSRNOG00000059799
ENSG00000198858	R3HDM4	ENSMUSG00000035781	ENSRNOG00000011489
ENSG00000198860	TSEN15	ENSMUSG00000014980	ENSRNOG00000002352
ENSG00000198862	LTN1	ENSMUSG00000052299	ENSRNOG00000001602
ENSG00000198863	RUNDC1	ENSMUSG00000035007	ENSRNOG00000023768
ENSG00000198865	CCDC152	ENSMUSG00000091119	ENSRNOG00000039473
ENSG00000198870	STKLD1	ENSMUSG00000049897	ENSRNOG00000027911
ENSG00000198873	GRK5	ENSMUSG00000003228	ENSRNOG00000011439
ENSG00000198876	DCAF12	ENSMUSG00000028436	ENSRNOG00000050790
ENSG00000198879	SFMBT2	ENSMUSG00000061186	ENSRNOG00000029235
ENSG00000198881	ASB12	ENSMUSG00000031204	ENSRNOG00000004197
ENSG00000198883	PNMA5	ENSMUSG00000050424	ENSRNOG00000058423
ENSG00000198885	ITPRIPL1	ENSMUSG00000074825	ENSRNOG00000012151
ENSG00000198886	MT-ND4	ENSMUSG00000064363	ENSRNOG00000029707
ENSG00000198888	MT-ND1	ENSMUSG00000064341	ENSRNOG00000030644
ENSG00000198890	PRMT6	ENSMUSG00000049300	ENSRNOG00000017187
ENSG00000198892	SHISA4	ENSMUSG00000041889	ENSRNOG00000007369
ENSG00000198894	CIPC	ENSMUSG00000034157	ENSRNOG00000011111
ENSG00000198898	CAPZA2	ENSMUSG00000015733	ENSRNOG00000056207
ENSG00000198899	MT-ATP6	ENSMUSG00000064357	ENSRNOG00000031979
ENSG00000198900	TOP1	ENSMUSG00000070544	ENSRNOG00000047611
ENSG00000198901	PRC1	ENSMUSG00000038943	ENSRNOG00000013057
ENSG00000198908	GPRASP3	ENSMUSG00000072964	ENSRNOG00000003191
ENSG00000198909	MAP3K3	ENSMUSG00000020700	ENSRNOG00000061424
ENSG00000198910	L1CAM	ENSMUSG00000031391	ENSRNOG00000061230
ENSG00000198911	SREBF2	ENSMUSG00000022463	ENSRNOG00000007400
ENSG00000198912	C1orf174	ENSMUSG00000047613	ENSRNOG00000025034
ENSG00000198914	POU3F3	ENSMUSG00000045515	ENSRNOG00000074419
ENSG00000198915	RASGEF1A	ENSMUSG00000030134	ENSRNOG00000031671
ENSG00000198917	SPOUT1	ENSMUSG00000039660	ENSRNOG00000025711
ENSG00000198919	DZIP3	ENSMUSG00000064061	ENSRNOG00000001956
ENSG00000198920	KIAA0753	ENSMUSG00000020807	ENSRNOG00000014027
ENSG00000198924	DCLRE1A	ENSMUSG00000025077	ENSRNOG00000026204
ENSG00000198925	ATG9A	ENSMUSG00000033124	ENSRNOG00000018975
ENSG00000198929	NOS1AP	ENSMUSG00000038473	ENSRNOG00000042929
ENSG00000198932	GPRASP1	ENSMUSG00000043384	ENSRNOG00000049985
ENSG00000198933	TBKBP1	ENSMUSG00000038517	ENSRNOG00000009370
ENSG00000198934	MAGEE1	ENSMUSG00000031227	ENSRNOG00000002660
ENSG00000198937	CCDC167	ENSMUSG00000024018	ENSRNOG00000068717
ENSG00000198938	MT-CO3	ENSMUSG00000064358	ENSRNOG00000030700
ENSG00000198939	ZFP2	ENSMUSG00000049321	ENSRNOG00000030750
ENSG00000198944	SOWAHA	ENSMUSG00000044352	ENSRNOG00000065856
ENSG00000198945	L3MBTL3	ENSMUSG00000039089	ENSRNOG00000011720
ENSG00000198947	DMD	ENSMUSG00000045103	ENSRNOG00000046366
ENSG00000198948	MFAP3L	ENSMUSG00000031647	ENSRNOG00000011775
ENSG00000198951	NAGA	ENSMUSG00000022453	ENSRNOG00000008064
ENSG00000198952	SMG5	ENSMUSG00000001415	ENSRNOG00000019590
ENSG00000198954	KIFBP	ENSMUSG00000036955	ENSRNOG00000000395
ENSG00000198960	ARMCX6	ENSMUSG00000050394	ENSRNOG00000037707
ENSG00000198961	PJA2	ENSMUSG00000024083	ENSRNOG00000015528
ENSG00000198963	RORB	ENSMUSG00000036192	ENSRNOG00000013413
ENSG00000198964	SGMS1	ENSMUSG00000040451	ENSRNOG00000012536
ENSG00000198967	OR10Z1	ENSMUSG00000050788	ENSRNOG00000077839
ENSG00000198984	MIR345	ENSMUSG00000065429	ENSRNOG00000035618
ENSG00000198987	MIR16-2	ENSMUSG00000065606	ENSRNOG00000035504
ENSG00000198995	MIR340	ENSMUSG00000065417	ENSRNOG00000065444
ENSG00000199001	MIR448	ENSMUSG00000065450	ENSRNOG00000035635
ENSG00000199005	MIR370	ENSMUSG00000065433	ENSRNOG00000035615
ENSG00000199012	MIR412	ENSMUSG00000065570	ENSRNOG00000035490
ENSG00000199017	MIR1-1	ENSMUSG00000070144	ENSRNOG00000057048
ENSG00000199023	MIR339	ENSMUSG00000065593	ENSRNOG00000035479
ENSG00000199024	MIR103A2	ENSMUSG00000065563	ENSRNOG00000035496
ENSG00000199030	MIRLET7C	ENSMUSG00000065557	ENSRNOG00000035500
ENSG00000199032	MIR425	ENSMUSG00000065579	ENSRNOG00000035484
ENSG00000199035	MIR103A1	ENSMUSG00000065553	ENSRNOG00000035503
ENSG00000199043	MIR335	ENSMUSG00000065501	ENSRNOG00000068719
ENSG00000199069	MIR323A	ENSMUSG00000065617	ENSRNOG00000035454
ENSG00000199075	MIR26A1	ENSMUSG00000065513	ENSRNOG00000035582
ENSG00000199080	MIR133B	ENSMUSG00000065480	ENSRNOG00000035571
ENSG00000199082	MIR342	ENSMUSG00000065436	ENSRNOG00000035612
ENSG00000199090	MIR326	ENSMUSG00000065571	ENSRNOG00000035506
ENSG00000199092	MIR410	ENSMUSG00000065497	ENSRNOG00000035557
ENSG00000199094	MIR30C2	ENSMUSG00000065567	ENSRNOG00000035562
ENSG00000199104	MIR346	ENSMUSG00000065481	ENSRNOG00000052819
ENSG00000199121	MIR26B	ENSMUSG00000065468	ENSRNOG00000035608
ENSG00000199122	MIR148B	ENSMUSG00000065560	ENSRNOG00000035525
ENSG00000199130	MIR365A	ENSMUSG00000065449	ENSRNOG00000047135
ENSG00000199133	MIRLET7D	ENSMUSG00000065453	ENSRNOG00000035594
ENSG00000199150	MIRLET7G	ENSMUSG00000065440	ENSRNOG00000050242
ENSG00000199151	MIR337	ENSMUSG00000065526	ENSRNOG00000035527
ENSG00000199157	MIR208A	ENSMUSG00000065432	ENSRNOG00000035583
ENSG00000199165	MIRLET7A1	ENSMUSG00000065421	ENSRNOG00000035632
ENSG00000199177	MIR31	ENSMUSG00000065408	ENSRNOG00000035606
ENSG00000199266	SNORA60	ENSMUSG00000064585	ENSRNOG00000056518
ENSG00000199279	RNU6-661P	ENSMUSG00000089124	ENSRNOG00000053255
ENSG00000199293	SNORA21	ENSMUSG00000064901	ENSRNOG00000052741
ENSG00000199313	RNU4-82P	ENSMUSG00000084703	ENSRNOG00000054960
ENSG00000199366	Y_RNA	ENSMUSG00000064527	ENSRNOG00000061074
ENSG00000199468	RNU6-556P	ENSMUSG00002075246	ENSRNOG00000056776
ENSG00000199471	Y_RNA	ENSMUSG00000087897	ENSRNOG00000061624
ENSG00000199593	SNORD114-14	ENSMUSG00000084487	ENSRNOG00000065719
ENSG00000199631	SNORD33	ENSMUSG00002076766	ENSRNOG00000053764
ENSG00000199673	SNORD16	ENSMUSG00000119388	ENSRNOG00000075279
ENSG00000199731	RNU6-1079P	ENSMUSG00000084607	ENSRNOG00000060779
ENSG00000199753	SNORD104	ENSMUSG00000065126	ENSRNOG00000056422
ENSG00000199773	RNU1-76P	ENSMUSG00000065764	ENSRNOG00000061470
ENSG00000199892	RNU1-17P	ENSMUSG00000064485	ENSRNOG00000053120
ENSG00000200106	RNU6-984P	ENSMUSG00000065130	ENSRNOG00000078370
ENSG00000200220	RNU6-179P	ENSMUSG00000118779	ENSRNOG00000056743
ENSG00000200231	RNU1-23P	ENSMUSG00000064565	ENSRNOG00000054431
ENSG00000200259	SNORD35A	ENSMUSG00000065818	ENSRNOG00000060031
ENSG00000200295	RNU6-527P	ENSMUSG00000089346	ENSRNOG00000052335
ENSG00000200296	RNU1-83P	ENSMUSG00000065389	ENSRNOG00000064021
ENSG00000200320	SNORA63	ENSMUSG00000064382	ENSRNOG00000056834
ENSG00000200381	RNA5S4	ENSMUSG00000119493	ENSRNOG00000073668
ENSG00000200418	SNORA63B	ENSMUSG00000064880	ENSRNOG00000052714
ENSG00000200597	RNVU1-33	ENSMUSG00000064555	ENSRNOG00000059285
ENSG00000200623	SNORD18A	ENSMUSG00000065752	ENSRNOG00000052983
ENSG00000200779	RNU6-105P	ENSMUSG00000065111	ENSRNOG00000061333
ENSG00000200785	SNORD8	ENSMUSG00000093044	ENSRNOG00000057709
ENSG00000200800	RNU1-130P	ENSMUSG00000065937	ENSRNOG00000059208
ENSG00000200831	SNORD36B	ENSMUSG00000064829	ENSRNOG00000063782
ENSG00000200877	RNU6-560P	ENSMUSG00000075832	ENSRNOG00000079367
ENSG00000200882	RNU6-681P	ENSMUSG00000088183	ENSRNOG00000052770
ENSG00000200959	SNORA74A	ENSMUSG00000065649	ENSRNOG00000051492
ENSG00000200972	RNU5A-8P	ENSMUSG00000119403	ENSRNOG00000058970
ENSG00000201044	RNU6-268P	ENSMUSG00000088997	ENSRNOG00000058754
ENSG00000201113	RNU6-647P	ENSMUSG00000118948	ENSRNOG00000052986
ENSG00000201155	RNU1-24P	ENSMUSG00002074995	ENSRNOG00000056635
ENSG00000201255	RNU6-990P	ENSMUSG00000077299	ENSRNOG00000072740
ENSG00000201264	SNORD73B	ENSMUSG00000064390	ENSRNOG00000052487
ENSG00000201296	RNU4-41P	ENSMUSG00000093137	ENSRNOG00000064280
ENSG00000201317	RNU4-59P	ENSMUSG00000084589	ENSRNOG00000059105
ENSG00000201433	RNU6-335P	ENSMUSG00000089269	ENSRNOG00000053050
ENSG00000201441	RNU6-646P	ENSMUSG00000118827	ENSRNOG00000054707
ENSG00000201457	SNORA55	ENSMUSG00000065778	ENSRNOG00000058533
ENSG00000201487	SNORD45B	ENSMUSG00000064731	ENSRNOG00000060388
ENSG00000201517	RNU6-707P	ENSMUSG00000084638	ENSRNOG00000051946
ENSG00000201588	RNA5S2	ENSMUSG00000119615	ENSRNOG00000090229
ENSG00000201737	RNU1-133P	ENSMUSG00000088121	ENSRNOG00000054969
ENSG00000201744	RNU6-34P	ENSMUSG00000065220	ENSRNOG00000078502
ENSG00000201754	SNORD52	ENSMUSG00000093009	ENSRNOG00000053988
ENSG00000201772	SNORA5C	ENSMUSG00000065686	ENSRNOG00000057537
ENSG00000201785	SNORD117	ENSMUSG00000065273	ENSRNOG00000055027
ENSG00000201823	SNORD48	ENSMUSG00000092687	ENSRNOG00000061471
ENSG00000201825	RNU6-1131P	ENSMUSG00000089422	ENSRNOG00000085829
ENSG00000201922	RNU1-43P	ENSMUSG00000065803	ENSRNOG00000055477
ENSG00000201998	SNORA23	ENSMUSG00000064451	ENSRNOG00000057923
ENSG00000202031	SNORD38A	ENSMUSG00000065680	ENSRNOG00000055378
ENSG00000202070	RNU6-1175P	ENSMUSG00000119629	ENSRNOG00000076543
ENSG00000202082	RNU6-290P	ENSMUSG00000070173	ENSRNOG00000057033
ENSG00000202199	RNU1-115P	ENSMUSG00000087894	ENSRNOG00000058813
ENSG00000202205	RNU6-1034P	ENSMUSG00000065800	ENSRNOG00000052793
ENSG00000202245	RNU6-728P	ENSMUSG00002075394	ENSRNOG00000052808
ENSG00000202252	SNORD14C	ENSMUSG00000119805	ENSRNOG00000074723
ENSG00000202313	RNU1-64P	ENSMUSG00002076455	ENSRNOG00000057436
ENSG00000202317	RNU1-84P	ENSMUSG00000065079	ENSRNOG00000060964
ENSG00000202329	RNU6-609P	ENSMUSG00000118793	ENSRNOG00000078107
ENSG00000202363	SNORA62	ENSMUSG00000064925	ENSRNOG00000055465
ENSG00000202400	SNORD82	ENSMUSG00000064823	ENSRNOG00000055464
ENSG00000202423	RNU6-827P	ENSMUSG00000119452	ENSRNOG00000059230
ENSG00000202490	RNU6-597P	ENSMUSG00000065714	ENSRNOG00000064492
ENSG00000202513	RNU6-805P	ENSMUSG00000088154	ENSRNOG00000060848
ENSG00000202534	RNU6-1329P	ENSMUSG00000065012	ENSRNOG00000052863
ENSG00000202569	MIR146B	ENSMUSG00000070127	ENSRNOG00000040448
ENSG00000202601	MIR582	ENSMUSG00000076946	ENSRNOG00000040434
ENSG00000202609	MIR488	ENSMUSG00000070103	ENSRNOG00000036265
ENSG00000203485	INF2	ENSMUSG00000037679	ENSRNOG00000028650
ENSG00000203499	IQANK1	ENSMUSG00000102018	ENSRNOG00000063360
ENSG00000203666	DRC8	ENSMUSG00000026495	ENSRNOG00000042201
ENSG00000203668	CHML	ENSMUSG00000078185	ENSRNOG00000067369
ENSG00000203685	STUM	ENSMUSG00000053963	ENSRNOG00000074432
ENSG00000203697	CAPN8	ENSMUSG00000038599	ENSRNOG00000003468
ENSG00000203705	TATDN3	ENSMUSG00000026632	ENSRNOG00000046460
ENSG00000203710	CR1	ENSMUSG00000016481	ENSRNOG00000008193
ENSG00000203724	C1orf53	ENSMUSG00000079283	ENSRNOG00000043374
ENSG00000203727	SAMD5	ENSMUSG00000060487	ENSRNOG00000023549
ENSG00000203733	GJE1	ENSMUSG00000019867	ENSRNOG00000012092
ENSG00000203734	ECT2L	ENSMUSG00000071392	ENSRNOG00000055142
ENSG00000203737	GPR52	ENSMUSG00000118401	ENSRNOG00000055673
ENSG00000203740	NTMT2	ENSMUSG00000040113	ENSRNOG00000025415
ENSG00000203757	OR6K3	ENSMUSG00000051528	ENSRNOG00000066569
ENSG00000203772	SPRN	ENSMUSG00000045733	ENSRNOG00000067971
ENSG00000203778	FAM229B	ENSMUSG00000051736	ENSRNOG00000024918
ENSG00000203780	FANK1	ENSMUSG00000053111	ENSRNOG00000018327
ENSG00000203783	PRR9	ENSMUSG00000056270	ENSRNOG00000012312
ENSG00000203786	KPRP	ENSMUSG00000059832	ENSRNOG00000028865
ENSG00000203791	EEF1AKMT2	ENSMUSG00000030960	ENSRNOG00000017137
ENSG00000203797	DDO	ENSMUSG00000063428	ENSRNOG00000000582
ENSG00000203805	PLPP4	ENSMUSG00000070366	ENSRNOG00000020424
ENSG00000203811	H3C14	ENSMUSG00000069267	ENSRNOG00000063016
ENSG00000203867	RBM20	ENSMUSG00000043639	ENSRNOG00000014705
ENSG00000203872	C6orf163	ENSMUSG00000071015	ENSRNOG00000009178
ENSG00000203877	RIPPLY2	ENSMUSG00000047897	ENSRNOG00000010004
ENSG00000203879	GDI1	ENSMUSG00000015291	ENSRNOG00000056870
ENSG00000203880	PCMTD2	ENSMUSG00000027589	ENSRNOG00000017404
ENSG00000203883	SOX18	ENSMUSG00000046470	ENSRNOG00000016248
ENSG00000203896	LIME1	ENSMUSG00000090077	ENSRNOG00000049336
ENSG00000203907	OOEP	ENSMUSG00000032346	ENSRNOG00000025957
ENSG00000203908	KHDC3L	ENSMUSG00000092622	ENSRNOG00000054460
ENSG00000203910	C1orf146	ENSMUSG00000089798	ENSRNOG00000074494
ENSG00000203933	CXorf66	ENSMUSG00000079583	ENSRNOG00000037399
ENSG00000203942	C10orf62	ENSMUSG00000090369	ENSRNOG00000069762
ENSG00000203943	SAMD13	ENSMUSG00000048652	ENSRNOG00000016432
ENSG00000203952	CCDC160	ENSMUSG00000073207	ENSRNOG00000046484
ENSG00000203963	C1orf141	ENSMUSG00000028520	ENSRNOG00000022890
ENSG00000203965	EFCAB7	ENSMUSG00000073791	ENSRNOG00000009782
ENSG00000203970	DEFB110	ENSMUSG00000067773	ENSRNOG00000079073
ENSG00000203972	GLYATL3	ENSMUSG00000091043	ENSRNOG00000050990
ENSG00000203985	LDLRAD1	ENSMUSG00000070877	ENSRNOG00000037795
ENSG00000203995	ZYG11A	ENSMUSG00000034645	ENSRNOG00000010885
ENSG00000204001	LCN8	ENSMUSG00000036449	ENSRNOG00000017161
ENSG00000204006	C1orf185	ENSMUSG00000060491	ENSRNOG00000009138
ENSG00000204007	GLT6D1	ENSMUSG00000036401	ENSRNOG00000027900
ENSG00000204020	LIPN	ENSMUSG00000024770	ENSRNOG00000057173
ENSG00000204021	LIPK	ENSMUSG00000024771	ENSRNOG00000019409
ENSG00000204025	TRPC5OS	ENSMUSG00000072934	ENSRNOG00000064383
ENSG00000204033	LRIT2	ENSMUSG00000043418	ENSRNOG00000022726
ENSG00000204052	LRRC73	ENSMUSG00000071073	ENSRNOG00000039856
ENSG00000204060	FOXO6	ENSMUSG00000052135	ENSRNOG00000032639
ENSG00000204070	SYS1	ENSMUSG00000045503	ENSRNOG00000014480
ENSG00000204084	INPP5B	ENSMUSG00000028894	ENSRNOG00000048506
ENSG00000204099	NEU4	ENSMUSG00000034000	ENSRNOG00000019031
ENSG00000204103	MAFB	ENSMUSG00000074622	ENSRNOG00000016037
ENSG00000204104	TRAF3IP1	ENSMUSG00000034292	ENSRNOG00000024468
ENSG00000204116	CHIC1	ENSMUSG00000031327	ENSRNOG00000037919
ENSG00000204120	GIGYF2	ENSMUSG00000048000	ENSRNOG00000023577
ENSG00000204128	C2orf72	ENSMUSG00000026227	ENSRNOG00000017557
ENSG00000204130	RUFY2	ENSMUSG00000020070	ENSRNOG00000065563
ENSG00000204131	NHSL2	ENSMUSG00000079481	ENSRNOG00000037951
ENSG00000204138	PHACTR4	ENSMUSG00000066043	ENSRNOG00000046922
ENSG00000204160	ZDHHC18	ENSMUSG00000037553	ENSRNOG00000058156
ENSG00000204161	TMEM273	ENSMUSG00000041707	ENSRNOG00000042628
ENSG00000204165	CXorf65	ENSMUSG00000090141	ENSRNOG00000084557
ENSG00000204175	GPRIN2	ENSMUSG00000071531	ENSRNOG00000077378
ENSG00000204178	MACO1	ENSMUSG00000028826	ENSRNOG00000056156
ENSG00000204179	PTPN20	ENSMUSG00000021940	ENSRNOG00000020203
ENSG00000204186	ZDBF2	ENSMUSG00000027520	ENSRNOG00000024114
ENSG00000204193	TXNDC8	ENSMUSG00000038709	ENSRNOG00000029073
ENSG00000204195	AWAT1	ENSMUSG00000015665	ENSRNOG00000026231
ENSG00000204209	DAXX	ENSMUSG00000002307	ENSRNOG00000000477
ENSG00000204217	BMPR2	ENSMUSG00000067336	ENSRNOG00000022196
ENSG00000204219	TCEA3	ENSMUSG00000001604	ENSRNOG00000011794
ENSG00000204220	PFDN6	ENSMUSG00000024309	ENSRNOG00000000473
ENSG00000204227	RING1	ENSMUSG00000024325	ENSRNOG00000000467
ENSG00000204228	HSD17B8	ENSMUSG00000073422	ENSRNOG00000000466
ENSG00000204231	RXRB	ENSMUSG00000039656	ENSRNOG00000000464
ENSG00000204237	OXLD1	ENSMUSG00000039670	ENSRNOG00000047517
ENSG00000204248	COL11A2	ENSMUSG00000024330	ENSRNOG00000000463
ENSG00000204252	HLA-DOA	ENSMUSG00000024334	ENSRNOG00000026762
ENSG00000204256	BRD2	ENSMUSG00000024335	ENSRNOG00000000461
ENSG00000204257	HLA-DMA	ENSMUSG00000037649	ENSRNOG00000066773
ENSG00000204262	COL5A2	ENSMUSG00000026042	ENSRNOG00000003736
ENSG00000204264	PSMB8	ENSMUSG00000024338	ENSRNOG00000000456
ENSG00000204267	TAP2	ENSMUSG00000024339	ENSRNOG00000000455
ENSG00000204278	TMEM235	ENSMUSG00000070330	ENSRNOG00000048231
ENSG00000204287	HLA-DRA	ENSMUSG00000036322	ENSRNOG00000032844
ENSG00000204290	BTNL2	ENSMUSG00000024340	ENSRNOG00000028541
ENSG00000204291	COL15A1	ENSMUSG00000028339	ENSRNOG00000060381
ENSG00000204296	TSBP1	ENSMUSG00000057246	ENSRNOG00000039398
ENSG00000204300	TMEM225	ENSMUSG00000040541	ENSRNOG00000054439
ENSG00000204304	PBX2	ENSMUSG00000034673	ENSRNOG00000000440
ENSG00000204305	AGER	ENSMUSG00000015452	ENSRNOG00000000439
ENSG00000204308	RNF5	ENSMUSG00000015478	ENSRNOG00000000438
ENSG00000204310	AGPAT1	ENSMUSG00000034254	ENSRNOG00000000437
ENSG00000204311	PJVK	ENSMUSG00000075267	ENSRNOG00000038165
ENSG00000204314	PRRT1	ENSMUSG00000015476	ENSRNOG00000000433
ENSG00000204315	FKBPL	ENSMUSG00000033739	ENSRNOG00000000432
ENSG00000204316	MRPL38	ENSMUSG00000020775	ENSRNOG00000008256
ENSG00000204323	SMIM5	ENSMUSG00000048442	ENSRNOG00000049642
ENSG00000204334	ERICH2	ENSMUSG00000075302	ENSRNOG00000056087
ENSG00000204335	SP5	ENSMUSG00000075304	ENSRNOG00000054086
ENSG00000204344	WHR1	ENSMUSG00000061207	ENSRNOG00000048929
ENSG00000204347	BTBD17	ENSMUSG00000000202	ENSRNOG00000003109
ENSG00000204348	DXO	ENSMUSG00000040482	ENSRNOG00000000422
ENSG00000204351	SKIC2	ENSMUSG00000040356	ENSRNOG00000000421
ENSG00000204356	NELFE	ENSMUSG00000024369	ENSRNOG00000000420
ENSG00000204361	NXPE2	ENSMUSG00000032028	ENSRNOG00000027847
ENSG00000204366	ZBTB12	ENSMUSG00000049823	ENSRNOG00000071232
ENSG00000204370	SDHD	ENSMUSG00000000171	ENSRNOG00000084067
ENSG00000204371	EHMT2	ENSMUSG00000013787	ENSRNOG00000030630
ENSG00000204381	LAYN	ENSMUSG00000060594	ENSRNOG00000011228
ENSG00000204385	SLC44A4	ENSMUSG00000007034	ENSRNOG00000000878
ENSG00000204386	NEU1	ENSMUSG00000007038	ENSRNOG00000032942
ENSG00000204390	HSPA1L	ENSMUSG00000007033	ENSRNOG00000047966
ENSG00000204392	LSM2	ENSMUSG00000007050	ENSRNOG00000048725
ENSG00000204394	VARS1	ENSMUSG00000007029	ENSRNOG00000000867
ENSG00000204396	VWA7	ENSMUSG00000007030	ENSRNOG00000000860
ENSG00000204403	CASP12	ENSMUSG00000025887	ENSRNOG00000033434
ENSG00000204406	MBD5	ENSMUSG00000036792	ENSRNOG00000027596
ENSG00000204410	MSH5	ENSMUSG00000007035	ENSRNOG00000000857
ENSG00000204420	MPIG6B	ENSMUSG00000073414	ENSRNOG00000026936
ENSG00000204421	LY6G6C	ENSMUSG00000092586	ENSRNOG00000070605
ENSG00000204424	LY6G6F	ENSMUSG00000034923	ENSRNOG00000027225
ENSG00000204427	ABHD16A	ENSMUSG00000007036	ENSRNOG00000056637
ENSG00000204428	LY6G5C	ENSMUSG00000034482	ENSRNOG00000000846
ENSG00000204435	CSNK2B	ENSMUSG00000024387	ENSRNOG00000000847
ENSG00000204438	GPANK1	ENSMUSG00000092417	ENSRNOG00000000848
ENSG00000204439	C6orf47	ENSMUSG00000043311	ENSRNOG00000039658
ENSG00000204442	NALF1	ENSMUSG00000079157	ENSRNOG00000066120
ENSG00000204444	APOM	ENSMUSG00000024391	ENSRNOG00000000850
ENSG00000204463	BAG6	ENSMUSG00000024392	ENSRNOG00000000851
ENSG00000204469	PRRC2A	ENSMUSG00000024393	ENSRNOG00000000852
ENSG00000204472	AIF1	ENSMUSG00000024397	ENSRNOG00000000853
ENSG00000204482	LST1	ENSMUSG00000073412	ENSRNOG00000000855
ENSG00000204498	NFKBIL1	ENSMUSG00000042419	ENSRNOG00000000839
ENSG00000204519	ZNF551	ENSMUSG00000034071	ENSRNOG00000068425
ENSG00000204536	CCHCR1	ENSMUSG00000040312	ENSRNOG00000050233
ENSG00000204538	PSORS1C2	ENSMUSG00000024409	ENSRNOG00000048579
ENSG00000204539	CDSN	ENSMUSG00000039518	ENSRNOG00000050215
ENSG00000204542	C6orf15	ENSMUSG00000039269	ENSRNOG00000030676
ENSG00000204560	DHX16	ENSMUSG00000024422	ENSRNOG00000030157
ENSG00000204564	C6orf136	ENSMUSG00000050705	ENSRNOG00000071271
ENSG00000204568	MRPS18B	ENSMUSG00000024436	ENSRNOG00000000804
ENSG00000204569	PPP1R10	ENSMUSG00000039220	ENSRNOG00000059268
ENSG00000204574	ABCF1	ENSMUSG00000038762	ENSRNOG00000000799
ENSG00000204580	DDR1	ENSMUSG00000003534	ENSRNOG00000057125
ENSG00000204583	LRCOL1	ENSMUSG00000072754	ENSRNOG00000037466
ENSG00000204590	GNL1	ENSMUSG00000024429	ENSRNOG00000000798
ENSG00000204599	TRIM39	ENSMUSG00000045409	ENSRNOG00000000785
ENSG00000204610	TRIM15	ENSMUSG00000050747	ENSRNOG00000031689
ENSG00000204612	FOXB2	ENSMUSG00000056829	ENSRNOG00000032137
ENSG00000204613	TRIM10	ENSMUSG00000073400	ENSRNOG00000000782
ENSG00000204614	TRIM40	ENSMUSG00000073399	ENSRNOG00000000783
ENSG00000204616	TRIM31	ENSMUSG00000058063	ENSRNOG00000021518
ENSG00000204618	RNF39	ENSMUSG00000036492	ENSRNOG00000000781
ENSG00000204619	PPP1R11	ENSMUSG00000036398	ENSRNOG00000082306
ENSG00000204624	DISP3	ENSMUSG00000041544	ENSRNOG00000026447
ENSG00000204628	RACK1	ENSMUSG00000020372	ENSRNOG00000052620
ENSG00000204634	TBC1D8	ENSMUSG00000003134	ENSRNOG00000013583
ENSG00000204640	NMS	ENSMUSG00000067604	ENSRNOG00000038979
ENSG00000204642	HLA-F	ENSMUSG00000016283	ENSRNOG00000049590
ENSG00000204644	ZFP57	ENSMUSG00000036036	ENSRNOG00000022730
ENSG00000204653	ASPDH	ENSMUSG00000038704	ENSRNOG00000019424
ENSG00000204655	MOG	ENSMUSG00000076439	ENSRNOG00000078049
ENSG00000204659	CBY3	ENSMUSG00000050087	ENSRNOG00000066223
ENSG00000204671	IL31	ENSMUSG00000029437	ENSRNOG00000026192
ENSG00000204673	AKT1S1	ENSMUSG00000011096	ENSRNOG00000020289
ENSG00000204681	GABBR1	ENSMUSG00000024462	ENSRNOG00000000774
ENSG00000204694	OR11A1	ENSMUSG00000064121	ENSRNOG00000000765
ENSG00000204695	OR14J1	ENSMUSG00000050613	ENSRNOG00000073425
ENSG00000204711	CFAP95	ENSMUSG00000033053	ENSRNOG00000036615
ENSG00000204713	TRIM27	ENSMUSG00000021326	ENSRNOG00000055917
ENSG00000204740	MALRD1	ENSMUSG00000075520	ENSRNOG00000052916
ENSG00000204764	RANBP17	ENSMUSG00000040594	ENSRNOG00000005042
ENSG00000204767	INSYN2B	ENSMUSG00000069911	ENSRNOG00000032329
ENSG00000204815	ODAD4	ENSMUSG00000006784	ENSRNOG00000017473
ENSG00000204839	MROH6	ENSMUSG00000098678	ENSRNOG00000032231
ENSG00000204842	ATXN2	ENSMUSG00000042605	ENSRNOG00000001256
ENSG00000204843	DCTN1	ENSMUSG00000031865	ENSRNOG00000010048
ENSG00000204851	PNMA8B	ENSMUSG00000070802	ENSRNOG00000016863
ENSG00000204852	TCTN1	ENSMUSG00000038593	ENSRNOG00000028523
ENSG00000204856	FAM216A	ENSMUSG00000029463	ENSRNOG00000031731
ENSG00000204859	ZBTB48	ENSMUSG00000028952	ENSRNOG00000009595
ENSG00000204869	IGFL4	ENSMUSG00000066756	ENSRNOG00000032940
ENSG00000204882	GPR20	ENSMUSG00000045281	ENSRNOG00000007795
ENSG00000204889	KRT40	ENSMUSG00000059169	ENSRNOG00000013896
ENSG00000204897	KRT25	ENSMUSG00000035831	ENSRNOG00000011196
ENSG00000204899	MZT1	ENSMUSG00000033186	ENSRNOG00000068487
ENSG00000204913	LRRC3C	ENSMUSG00000086545	ENSRNOG00000069314
ENSG00000204923	FBXO48	ENSMUSG00000044966	ENSRNOG00000075916
ENSG00000204928	GRXCR2	ENSMUSG00000073574	ENSRNOG00000039325
ENSG00000204930	FAM221B	ENSMUSG00000043633	ENSRNOG00000025453
ENSG00000204936	CD177	ENSMUSG00000052212	ENSRNOG00000022669
ENSG00000204950	LRRC10B	ENSMUSG00000090291	ENSRNOG00000030180
ENSG00000204952	FBXO47	ENSMUSG00000070336	ENSRNOG00000036882
ENSG00000204954	UQCC6	ENSMUSG00000063320	ENSRNOG00000026982
ENSG00000204977	TRIM13	ENSMUSG00000035235	ENSRNOG00000009075
ENSG00000204978	ERICH4	ENSMUSG00000074261	ENSRNOG00000037798
ENSG00000204979	MS4A13	ENSMUSG00000057240	ENSRNOG00000033714
ENSG00000204991	SPIRE2	ENSMUSG00000010154	ENSRNOG00000016920
ENSG00000205002	AARD	ENSMUSG00000068522	ENSRNOG00000004708
ENSG00000205022	PABPN1L	ENSMUSG00000069867	ENSRNOG00000029558
ENSG00000205038	PKHD1L1	ENSMUSG00000038725	ENSRNOG00000004398
ENSG00000205060	SLC35B4	ENSMUSG00000018999	ENSRNOG00000008851
ENSG00000205078	SYCE1L	ENSMUSG00000033409	ENSRNOG00000075594
ENSG00000205084	TMEM231	ENSMUSG00000031951	ENSRNOG00000021517
ENSG00000205085	GARIN1A	ENSMUSG00000079652	ENSRNOG00000039383
ENSG00000205090	TMEM240	ENSMUSG00000084845	ENSRNOG00000066137
ENSG00000205111	CDKL4	ENSMUSG00000033966	ENSRNOG00000040266
ENSG00000205116	TMEM278	ENSMUSG00000073680	ENSRNOG00000036869
ENSG00000205129	CFAP96	ENSMUSG00000071103	ENSRNOG00000038819
ENSG00000205133	TRIQK	ENSMUSG00000055963	ENSRNOG00000039924
ENSG00000205138	SDHAF1	ENSMUSG00000074211	ENSRNOG00000047045
ENSG00000205143	ARID3C	ENSMUSG00000066224	ENSRNOG00000013416
ENSG00000205155	PSENEN	ENSMUSG00000036835	ENSRNOG00000020941
ENSG00000205177	C11orf91	ENSMUSG00000032671	ENSRNOG00000010963
ENSG00000205186	FABP9	ENSMUSG00000027528	ENSRNOG00000011082
ENSG00000205189	ZBTB10	ENSMUSG00000069114	ENSRNOG00000061862
ENSG00000205208	C4orf46	ENSMUSG00000027811	ENSRNOG00000010071
ENSG00000205213	LGR4	ENSMUSG00000050199	ENSRNOG00000005715
ENSG00000205220	PSMB10	ENSMUSG00000031897	ENSRNOG00000078638
ENSG00000205221	VIT	ENSMUSG00000024076	ENSRNOG00000004706
ENSG00000205250	E2F4	ENSMUSG00000014859	ENSRNOG00000015708
ENSG00000205268	PDE7A	ENSMUSG00000069094	ENSRNOG00000013048
ENSG00000205269	TMEM170B	ENSMUSG00000087370	ENSRNOG00000031495
ENSG00000205279	CTXN3	ENSMUSG00000069372	ENSRNOG00000022957
ENSG00000205301	MGAT4D	ENSMUSG00000035057	ENSRNOG00000003695
ENSG00000205302	SNX2	ENSMUSG00000034484	ENSRNOG00000017832
ENSG00000205307	SAP25	ENSMUSG00000079165	ENSRNOG00000089441
ENSG00000205309	NT5M	ENSMUSG00000032615	ENSRNOG00000003332
ENSG00000205323	SARNP	ENSMUSG00000078427	ENSRNOG00000030520
ENSG00000205327	OR6C68	ENSMUSG00000049573	ENSRNOG00000032428
ENSG00000205328	OR6C65	ENSMUSG00000049894	ENSRNOG00000002333
ENSG00000205336	ADGRG1	ENSMUSG00000031785	ENSRNOG00000014963
ENSG00000205339	IPO7	ENSMUSG00000066232	ENSRNOG00000010427
ENSG00000205356	TECPR1	ENSMUSG00000066621	ENSRNOG00000001010
ENSG00000205363	INSYN1	ENSMUSG00000066607	ENSRNOG00000068374
ENSG00000205403	CFI	ENSMUSG00000058952	ENSRNOG00000053400
ENSG00000205423	CNEP1R1	ENSMUSG00000036810	ENSRNOG00000015534
ENSG00000205436	EXOC3L4	ENSMUSG00000021280	ENSRNOG00000010111
ENSG00000205442	IZUMO3	ENSMUSG00000028533	ENSRNOG00000022488
ENSG00000205476	CCDC85C	ENSMUSG00000084883	ENSRNOG00000065213
ENSG00000205517	RGL3	ENSMUSG00000040146	ENSRNOG00000013027
ENSG00000205531	NAP1L4	ENSMUSG00000059119	ENSRNOG00000020615
ENSG00000205542	TMSB4X	ENSMUSG00000049775	ENSRNOG00000047931
ENSG00000205544	TMEM256	ENSMUSG00000070394	ENSRNOG00000037540
ENSG00000205560	CPT1B	ENSMUSG00000078937	ENSRNOG00000010438
ENSG00000205592	MUC19	ENSMUSG00000118670	ENSRNOG00000054624
ENSG00000205593	DENND6B	ENSMUSG00000015377	ENSRNOG00000029866
ENSG00000205629	LCMT1	ENSMUSG00000030763	ENSRNOG00000014565
ENSG00000205639	MFSD2B	ENSMUSG00000037336	ENSRNOG00000023508
ENSG00000205643	CDPF1	ENSMUSG00000064284	ENSRNOG00000032846
ENSG00000205659	LIN52	ENSMUSG00000085793	ENSRNOG00000043441
ENSG00000205670	SMIM11	ENSMUSG00000051989	ENSRNOG00000039877
ENSG00000205678	TECRL	ENSMUSG00000049537	ENSRNOG00000001912
ENSG00000205683	DPF3	ENSMUSG00000021221	ENSRNOG00000008086
ENSG00000205693	MANSC4	ENSMUSG00000072662	ENSRNOG00000036925
ENSG00000205704	SMIM45	ENSMUSG00000068099	ENSRNOG00000043197
ENSG00000205707	ETFRF1	ENSMUSG00000040370	ENSRNOG00000063524
ENSG00000205726	ITSN1	ENSMUSG00000022957	ENSRNOG00000002001
ENSG00000205730	ITPRIPL2	ENSMUSG00000095115	ENSRNOG00000069633
ENSG00000205744	DENND1C	ENSMUSG00000002668	ENSRNOG00000046050
ENSG00000205755	CRLF2	ENSMUSG00000033467	ENSRNOG00000049828
ENSG00000205765	RIMOC1	ENSMUSG00000041935	ENSRNOG00000052775
ENSG00000205784	ARRDC5	ENSMUSG00000073380	ENSRNOG00000047223
ENSG00000205795	CYS1	ENSMUSG00000062563	ENSRNOG00000058891
ENSG00000205808	PLPP6	ENSMUSG00000040105	ENSRNOG00000015268
ENSG00000205832	C16orf96	ENSMUSG00000022518	ENSRNOG00000084991
ENSG00000205835	GMNC	ENSMUSG00000068428	ENSRNOG00000038505
ENSG00000205838	TTC23L	ENSMUSG00000022249	ENSRNOG00000055986
ENSG00000205846	CLEC6A	ENSMUSG00000023349	ENSRNOG00000010057
ENSG00000205883	DEFB135	ENSMUSG00000075571	ENSRNOG00000038758
ENSG00000205884	DEFB136	ENSMUSG00000054763	ENSRNOG00000038757
ENSG00000205899	BHLHA9	ENSMUSG00000044243	ENSRNOG00000022232
ENSG00000205903	ZNF316	ENSMUSG00000046658	ENSRNOG00000001094
ENSG00000205922	ONECUT3	ENSMUSG00000045518	ENSRNOG00000068848
ENSG00000205927	OLIG2	ENSMUSG00000039830	ENSRNOG00000028658
ENSG00000205929	EPCIP	ENSMUSG00000039851	ENSRNOG00000028670
ENSG00000205978	NYNRIN	ENSMUSG00000075592	ENSRNOG00000048431
ENSG00000205981	DNAJC19	ENSMUSG00000027679	ENSRNOG00000049819
ENSG00000206013	IFITM5	ENSMUSG00000025489	ENSRNOG00000014923
ENSG00000206043	C18orf63	ENSMUSG00000117781	ENSRNOG00000038241
ENSG00000206052	DOK6	ENSMUSG00000073514	ENSRNOG00000038190
ENSG00000206069	LHFPL7	ENSMUSG00000066964	ENSRNOG00000087492
ENSG00000206072	SERPINB11	ENSMUSG00000026327	ENSRNOG00000002583
ENSG00000206075	SERPINB5	ENSMUSG00000067006	ENSRNOG00000002640
ENSG00000206107	KRTAP27-1	ENSMUSG00000090515	ENSRNOG00000086824
ENSG00000206113	CFAP99	ENSMUSG00000109572	ENSRNOG00000058434
ENSG00000206150	RNASE13	ENSMUSG00000068392	ENSRNOG00000039500
ENSG00000206190	ATP10A	ENSMUSG00000025324	ENSRNOG00000056228
ENSG00000206199	ANKUB1	ENSMUSG00000074591	ENSRNOG00000070034
ENSG00000206203	TSSK2	ENSMUSG00000045521	ENSRNOG00000068894
ENSG00000206384	COL6A6	ENSMUSG00000043719	ENSRNOG00000023007
ENSG00000206418	RAB12	ENSMUSG00000023460	ENSRNOG00000019295
ENSG00000206422	LRRC30	ENSMUSG00000073375	ENSRNOG00000030389
ENSG00000206432	TMEM200C	ENSMUSG00000095407	ENSRNOG00000049880
ENSG00000206474	OR10C1	ENSMUSG00000049561	ENSRNOG00000029420
ENSG00000206527	HACD2	ENSMUSG00000035376	ENSRNOG00000038761
ENSG00000206530	CFAP44	ENSMUSG00000071550	ENSRNOG00000028077
ENSG00000206535	LNP1	ENSMUSG00000109588	ENSRNOG00000039649
ENSG00000206538	VGLL3	ENSMUSG00000091243	ENSRNOG00000028774
ENSG00000206559	ZCWPW2	ENSMUSG00000032443	ENSRNOG00000053820
ENSG00000206560	ANKRD28	ENSMUSG00000014496	ENSRNOG00000019697
ENSG00000206561	COLQ	ENSMUSG00000057606	ENSRNOG00000019615
ENSG00000206562	METTL6	ENSMUSG00000021891	ENSRNOG00000089254
ENSG00000206579	XKR4	ENSMUSG00000051951	ENSRNOG00000027276
ENSG00000206597	SNORA57	ENSMUSG00000070167	ENSRNOG00000054533
ENSG00000206602	SNORD58A	ENSMUSG00000064647	ENSRNOG00000059171
ENSG00000206603	SNORA22B	ENSMUSG00000065304	ENSRNOG00000051585
ENSG00000206611	SNORD24	ENSMUSG00000065258	ENSRNOG00000070841
ENSG00000206630	SNORD60	ENSMUSG00000064768	ENSRNOG00000057905
ENSG00000206675	RNU6-32P	ENSMUSG00000119199	ENSRNOG00000054755
ENSG00000206680	SNORD21	ENSMUSG00000064453	ENSRNOG00000058679
ENSG00000206684	RNU6-157P	ENSMUSG00000075983	ENSRNOG00000053104
ENSG00000206716	RNU6-133P	ENSMUSG00000064391	ENSRNOG00000054499
ENSG00000206745	RNU6-643P	ENSMUSG00000084648	ENSRNOG00000058061
ENSG00000206746	RNU6-142P	ENSMUSG00000089296	ENSRNOG00000089880
ENSG00000206747	RNU6-245P	ENSMUSG00000088622	ENSRNOG00000069622
ENSG00000206749	RNU6-1083P	ENSMUSG00000118715	ENSRNOG00000051796
ENSG00000206754	SNORD101	ENSMUSG00000077440	ENSRNOG00000057952
ENSG00000206760	SNORA6	ENSMUSG00000065041	ENSRNOG00000058283
ENSG00000206763	RNU6-10P	ENSMUSG00000118906	ENSRNOG00000064523
ENSG00000206775	SNORD37	ENSMUSG00000064441	ENSRNOG00000060818
ENSG00000206819	RNU6-260P	ENSMUSG00002075879	ENSRNOG00000058336
ENSG00000206838	SNORA5A	ENSMUSG00000064495	ENSRNOG00000057816
ENSG00000206885	SNORA75	ENSMUSG00000064837	ENSRNOG00000052748
ENSG00000206889	RNU6-1200P	ENSMUSG00000065090	ENSRNOG00000053579
ENSG00000206892	RNU6-42P	ENSMUSG00000118972	ENSRNOG00000084591
ENSG00000206900	RNU6-98P	ENSMUSG00000088499	ENSRNOG00000057785
ENSG00000206917	RNU1-52P	ENSMUSG00000077338	ENSRNOG00000054968
ENSG00000206921	RNU6-481P	ENSMUSG00000119820	ENSRNOG00000091102
ENSG00000206941	SNORD15A	ENSMUSG00000065822	ENSRNOG00000052293
ENSG00000206974	RNU6-1144P	ENSMUSG00001118663	ENSRNOG00000056927
ENSG00000206975	RNU6-13P	ENSMUSG00000119395	ENSRNOG00000087045
ENSG00000206979	SNORD61	ENSMUSG00000065110	ENSRNOG00000054559
ENSG00000206989	SNORD63	ENSMUSG00000065904	ENSRNOG00000069327
ENSG00000206997	RNU6-524P	ENSMUSG00000119862	ENSRNOG00000072817
ENSG00000207008	SNORA54	ENSMUSG00000065118	ENSRNOG00000052577
ENSG00000207031	SNORD59A	ENSMUSG00000064778	ENSRNOG00000058093
ENSG00000207041	RNU6-3P	ENSMUSG00000119376	ENSRNOG00000081334
ENSG00000207042	RNU6-196P	ENSMUSG00000089437	ENSRNOG00000077336
ENSG00000207047	SNORD51	ENSMUSG00000064612	ENSRNOG00000052156
ENSG00000207051	SNORA27	ENSMUSG00000077564	ENSRNOG00000058033
ENSG00000207058	RNU6-784P	ENSMUSG00000084505	ENSRNOG00000058134
ENSG00000207075	Y_RNA	ENSMUSG00002075548	ENSRNOG00000056311
ENSG00000207089	RNU6-921P	ENSMUSG00000077334	ENSRNOG00000056367
ENSG00000207099	RNU6-166P	ENSMUSG00000119906	ENSRNOG00000085996
ENSG00000207118	SNORD14D	ENSMUSG00000118706	ENSRNOG00000074897
ENSG00000207124	RNU6-163P	ENSMUSG00002076653	ENSRNOG00000061765
ENSG00000207144	RNU6-1297P	ENSMUSG00000088001	ENSRNOG00000055550
ENSG00000207156	RNU6-505P	ENSMUSG00002075570	ENSRNOG00000056078
ENSG00000207158	RNU6-929P	ENSMUSG00000065192	ENSRNOG00000059918
ENSG00000207166	SNORA68	ENSMUSG00000077563	ENSRNOG00000051532
ENSG00000207169	RNU6-24P	ENSMUSG00000119593	ENSRNOG00000091186
ENSG00000207198	RNU6-1195P	ENSMUSG00000119314	ENSRNOG00000085749
ENSG00000207204	RNU6-393P	ENSMUSG00000119383	ENSRNOG00000090675
ENSG00000207237	RNU6-110P	ENSMUSG00000077433	ENSRNOG00000057648
ENSG00000207241	SNORD45A	ENSMUSG00000065738	ENSRNOG00000053795
ENSG00000207249	SNORA72	ENSMUSG00000088979	ENSRNOG00000057812
ENSG00000207280	SNORD20	ENSMUSG00002076827	ENSRNOG00000060216
ENSG00000207291	RNU6-30P	ENSMUSG00000119825	ENSRNOG00000083884
ENSG00000207297	SNORD7	ENSMUSG00000065715	ENSRNOG00000053353
ENSG00000207298	RNU6-83P	ENSMUSG00002076599	ENSRNOG00000055276
ENSG00000207308	RNU6-878P	ENSMUSG00000119176	ENSRNOG00000077416
ENSG00000207313	SNORA2B	ENSMUSG00000065939	ENSRNOG00000063116
ENSG00000207318	RNU6-1184P	ENSMUSG00002075013	ENSRNOG00000054577
ENSG00000207357	RNU6-2	ENSMUSG00000118764	ENSRNOG00000073665
ENSG00000207392	SNORA20	ENSMUSG00000064637	ENSRNOG00000074495
ENSG00000207405	SNORA64	ENSMUSG00000077709	ENSRNOG00000059404
ENSG00000207445	SNORD15B	ENSMUSG00000064966	ENSRNOG00000055569
ENSG00000207459	RNU6-1311P	ENSMUSG00000077207	ENSRNOG00000051971
ENSG00000207500	SNORD102	ENSMUSG00000077185	ENSRNOG00000059804
ENSG00000207523	SNORA66	ENSMUSG00000077426	ENSRNOG00000078195
ENSG00000207550	MIR99B	ENSMUSG00000065396	ENSRNOG00000035654
ENSG00000207569	MIR433	ENSMUSG00000070072	ENSRNOG00000036497
ENSG00000207587	MIR544A	ENSMUSG00002075105	ENSRNOG00000036487
ENSG00000207597	MIR490	ENSMUSG00000070075	ENSRNOG00000036272
ENSG00000207598	MIR124-3	ENSMUSG00000065454	ENSRNOG00000035593
ENSG00000207600	MIR598	ENSMUSG00000076049	ENSRNOG00000067234
ENSG00000207604	MIR206	ENSMUSG00000065559	ENSRNOG00000035498
ENSG00000207607	MIR200A	ENSMUSG00000065400	ENSRNOG00000035650
ENSG00000207608	MIR127	ENSMUSG00000070076	ENSRNOG00000036496
ENSG00000207613	MIR181C	ENSMUSG00000065483	ENSRNOG00000035569
ENSG00000207624	MIR194-1	ENSMUSG00000065581	ENSRNOG00000035482
ENSG00000207638	MIR99A	ENSMUSG00000065530	ENSRNOG00000035524
ENSG00000207639	MIR193B	ENSMUSG00000076972	ENSRNOG00000046587
ENSG00000207654	MIR128-1	ENSMUSG00000065520	ENSRNOG00000035534
ENSG00000207705	MIR129-1	ENSMUSG00000065469	ENSRNOG00000035598
ENSG00000207713	MIR200C	ENSMUSG00000065462	ENSRNOG00000035587
ENSG00000207721	MIR186	ENSMUSG00000065431	ENSRNOG00000035617
ENSG00000207725	MIR222	ENSMUSG00000065471	ENSRNOG00000035581
ENSG00000207726	MIR455	ENSMUSG00000070102	ENSRNOG00000036266
ENSG00000207737	MIR181B2	ENSMUSG00000065578	ENSRNOG00000035563
ENSG00000207739	MIR218-2	ENSMUSG00000065583	ENSRNOG00000035481
ENSG00000207744	MIR10B	ENSMUSG00000065500	ENSRNOG00000035554
ENSG00000207758	MIR532	ENSMUSG00000070139	ENSRNOG00000036245
ENSG00000207768	MIR188	ENSMUSG00000065398	ENSRNOG00000035652
ENSG00000207779	MIR15B	ENSMUSG00000065580	ENSRNOG00000035483
ENSG00000207782	MIR150	ENSMUSG00000065495	ENSRNOG00000035560
ENSG00000207789	MIR26A2	ENSMUSG00000065430	ENSRNOG00000047216
ENSG00000207798	MIR216A	ENSMUSG00000065539	ENSRNOG00000035514
ENSG00000207816	MIR124-2	ENSMUSG00000093073	ENSRNOG00000035499
ENSG00000207827	MIR30A	ENSMUSG00000065405	ENSRNOG00000035646
ENSG00000207870	MIR221	ENSMUSG00000065422	ENSRNOG00000035631
ENSG00000207924	MIR196A2	ENSMUSG00000065488	ENSRNOG00000035614
ENSG00000207932	MIR33A	ENSMUSG00000065465	ENSRNOG00000035547
ENSG00000207935	MIR204	ENSMUSG00000065507	ENSRNOG00000035472
ENSG00000207947	MIR152	ENSMUSG00000065515	ENSRNOG00000035539
ENSG00000207961	MIR496	ENSMUSG00000070136	ENSRNOG00000040406
ENSG00000207971	MIR125B1	ENSMUSG00000093354	ENSRNOG00000035550
ENSG00000207975	MIR181B1	ENSMUSG00000065458	ENSRNOG00000035590
ENSG00000207978	MIR154	ENSMUSG00000065448	ENSRNOG00000035600
ENSG00000207994	MIR100	ENSMUSG00000093011	ENSRNOG00000035502
ENSG00000208001	MIR431	ENSMUSG00000070080	ENSRNOG00000036498
ENSG00000208008	MIR125A	ENSMUSG00000065479	ENSRNOG00000035572
ENSG00000208012	MIRLET7F2	ENSMUSG00000065602	ENSRNOG00000035464
ENSG00000208013	MIR652	ENSMUSG00000076011	ENSRNOG00000040458
ENSG00000208017	MIR140	ENSMUSG00000065439	ENSRNOG00000035609
ENSG00000208023	MIR185	ENSMUSG00000065464	ENSRNOG00000035585
ENSG00000208024	MIR199A2	ENSMUSG00000070126	ENSRNOG00000036364
ENSG00000208772	SNORD94	ENSMUSG00000080465	ENSRNOG00000055675
ENSG00000208797	SNORD73A	ENSMUSG00000064984	ENSRNOG00000058816
ENSG00000208839	SNORA35	ENSMUSG00000077767	ENSRNOG00000057599
ENSG00000208892	SNORA49	ENSMUSG00000077254	ENSRNOG00000054746
ENSG00000209042	SNORD12C	ENSMUSG00000077515	ENSRNOG00000056200
ENSG00000209480	SNORD83B	ENSMUSG00000077734	ENSRNOG00000058269
ENSG00000209645	SNORD105	ENSMUSG00000077702	ENSRNOG00000060532
ENSG00000209702	SNORD41	ENSMUSG00000077527	ENSRNOG00000056475
ENSG00000211445	GPX3	ENSMUSG00000018339	ENSRNOG00000052564
ENSG00000211448	DIO2	ENSMUSG00000007682	ENSRNOG00000062383
ENSG00000211452	DIO1	ENSMUSG00000034785	ENSRNOG00000061237
ENSG00000211454	AKR7L	ENSMUSG00000028743	ENSRNOG00000017780
ENSG00000211455	STK38L	ENSMUSG00000001630	ENSRNOG00000001828
ENSG00000211456	SACM1L	ENSMUSG00000025240	ENSRNOG00000005149
ENSG00000211460	TSN	ENSMUSG00000026374	ENSRNOG00000002319
ENSG00000211520	MIR216B	ENSMUSG00000076318	ENSRNOG00000036371
ENSG00000211574	MIR770	ENSMUSG00000076451	ENSRNOG00000040384
ENSG00000211584	SLC48A1	ENSMUSG00000081534	ENSRNOG00000053196
ENSG00000211592	IGKC	ENSMUSG00000076609	ENSRNOG00000078333
ENSG00000211753	TRBV28	ENSMUSG00000076480	ENSRNOG00000033815
ENSG00000211778	TRAV4	ENSMUSG00000076759	ENSRNOG00000062840
ENSG00000211810	TRAV29DV5	ENSMUSG00000076862	ENSRNOG00000065769
ENSG00000211813	TRAV34	ENSMUSG00000076864	ENSRNOG00000089630
ENSG00000211818	TRAV39	ENSMUSG00000106289	ENSRNOG00000066946
ENSG00000211891	IGHE	ENSMUSG00000087642	ENSRNOG00000070986
ENSG00000211899	IGHM	ENSMUSG00000076617	ENSRNOG00000034190
ENSG00000211997	MIR708	ENSMUSG00000076143	ENSRNOG00000040447
ENSG00000212102	MIR301B	ENSMUSG00000076288	ENSRNOG00000040402
ENSG00000212123	PRR22	ENSMUSG00000090273	ENSRNOG00000047295
ENSG00000212135	SNORD67	ENSMUSG00000077221	ENSRNOG00000052617
ENSG00000212147	RNU6-1106P	ENSMUSG00000119255	ENSRNOG00000052234
ENSG00000212158	SNORD66	ENSMUSG00000077239	ENSRNOG00000056119
ENSG00000212172	RNU1-149P	ENSMUSG00000087808	ENSRNOG00000052012
ENSG00000212189	RNU6-328P	ENSMUSG00002074907	ENSRNOG00000055263
ENSG00000212232	SNORD17	ENSMUSG00000077714	ENSRNOG00000052573
ENSG00000212282	RNU6-578P	ENSMUSG00002076242	ENSRNOG00000056858
ENSG00000212283	SNORD89	ENSMUSG00000077704	ENSRNOG00000055019
ENSG00000212296	SNORD72	ENSMUSG00000077737	ENSRNOG00000060919
ENSG00000212304	SNORD12	ENSMUSG00000077698	ENSRNOG00000054081
ENSG00000212309	SNORD70B	ENSMUSG00000077358	ENSRNOG00000051367
ENSG00000212327	RNU6-882P	ENSMUSG00000065656	ENSRNOG00000051896
ENSG00000212384	SNORD113-2	ENSMUSG00000064452	ENSRNOG00000061433
ENSG00000212388	RNU6-796P	ENSMUSG00000088879	ENSRNOG00000052147
ENSG00000212443	SNORA53	ENSMUSG00000077167	ENSRNOG00000056599
ENSG00000212447	SNORD90	ENSMUSG00000077756	ENSRNOG00000058017
ENSG00000212452	SNORD69	ENSMUSG00000077212	ENSRNOG00000055658
ENSG00000212464	SNORA12	ENSMUSG00000077391	ENSRNOG00000052607
ENSG00000212468	RNU6-754P	ENSMUSG00000089607	ENSRNOG00000054670
ENSG00000212473	RNU1-101P	ENSMUSG00000077666	ENSRNOG00000059888
ENSG00000212493	SNORD19	ENSMUSG00000077797	ENSRNOG00000053586
ENSG00000212498	SNORD86	ENSMUSG00000093645	ENSRNOG00000051605
ENSG00000212534	SNORD70	ENSMUSG00000077345	ENSRNOG00000060578
ENSG00000212657	KRTAP16-1	ENSMUSG00000078253	ENSRNOG00000070593
ENSG00000212864	RNF208	ENSMUSG00000044628	ENSRNOG00000010607
ENSG00000212901	KRTAP3-1	ENSMUSG00000047564	ENSRNOG00000012544
ENSG00000212907	MT-ND4L	ENSMUSG00000065947	ENSRNOG00000031053
ENSG00000212916	MAP10	ENSMUSG00000050930	ENSRNOG00000028652
ENSG00000213015	ZNF580	ENSMUSG00000055633	ENSRNOG00000016274
ENSG00000213022	KLK9	ENSMUSG00000047884	ENSRNOG00000022313
ENSG00000213023	SYT3	ENSMUSG00000030731	ENSRNOG00000019318
ENSG00000213024	NUP62	ENSMUSG00000109511	ENSRNOG00000048733
ENSG00000213047	DENND1B	ENSMUSG00000056268	ENSRNOG00000011063
ENSG00000213064	SFT2D2	ENSMUSG00000040848	ENSRNOG00000003038
ENSG00000213066	CEP43	ENSMUSG00000069135	ENSRNOG00000055093
ENSG00000213079	SCAF8	ENSMUSG00000046201	ENSRNOG00000016919
ENSG00000213085	CFAP45	ENSMUSG00000026546	ENSRNOG00000008492
ENSG00000213088	ACKR1	ENSMUSG00000037872	ENSRNOG00000069330
ENSG00000213139	CRYGS	ENSMUSG00000033501	ENSRNOG00000038355
ENSG00000213145	CRIP1	ENSMUSG00000006360	ENSRNOG00000027990
ENSG00000213160	KLHL23	ENSMUSG00000042155	ENSRNOG00000007981
ENSG00000213171	LINGO4	ENSMUSG00000044505	ENSRNOG00000022863
ENSG00000213186	TRIM59	ENSMUSG00000034317	ENSRNOG00000010515
ENSG00000213190	MLLT11	ENSMUSG00000053192	ENSRNOG00000021110
ENSG00000213199	ASIC3	ENSMUSG00000038276	ENSRNOG00000008380
ENSG00000213203	GIMAP1	ENSMUSG00000090019	ENSRNOG00000042229
ENSG00000213221	DNLZ	ENSMUSG00000075467	ENSRNOG00000018791
ENSG00000213265	TSGA13	ENSMUSG00000039032	ENSRNOG00000011108
ENSG00000213281	NRAS	ENSMUSG00000027852	ENSRNOG00000023079
ENSG00000213337	ANKRD39	ENSMUSG00000079610	ENSRNOG00000064008
ENSG00000213339	QTRT1	ENSMUSG00000002825	ENSRNOG00000007158
ENSG00000213341	CHUK	ENSMUSG00000025199	ENSRNOG00000022485
ENSG00000213347	MXD3	ENSMUSG00000021485	ENSRNOG00000070523
ENSG00000213366	GSTM2	ENSMUSG00000004035	ENSRNOG00000018937
ENSG00000213380	COG8	ENSMUSG00000031916	ENSRNOG00000020379
ENSG00000213390	ARHGAP19	ENSMUSG00000025154	ENSRNOG00000048166
ENSG00000213397	HAUS7	ENSMUSG00000031371	ENSRNOG00000055648
ENSG00000213398	LCAT	ENSMUSG00000035237	ENSRNOG00000019573
ENSG00000213402	PTPRCAP	ENSMUSG00000045826	ENSRNOG00000021724
ENSG00000213413	PVRIG	ENSMUSG00000109713	ENSRNOG00000051906
ENSG00000213420	GPC2	ENSMUSG00000029510	ENSRNOG00000001367
ENSG00000213424	KRT222	ENSMUSG00000035849	ENSRNOG00000010839
ENSG00000213445	SIPA1	ENSMUSG00000056917	ENSRNOG00000020726
ENSG00000213463	SYNJ2BP	ENSMUSG00000090935	ENSRNOG00000006399
ENSG00000213465	ARL2	ENSMUSG00000024944	ENSRNOG00000021010
ENSG00000213471	TTLL13	ENSMUSG00000045467	ENSRNOG00000056362
ENSG00000213523	SRA1	ENSMUSG00000006050	ENSRNOG00000018089
ENSG00000213533	STIMATE	ENSMUSG00000006526	ENSRNOG00000017051
ENSG00000213551	DNAJC9	ENSMUSG00000021811	ENSRNOG00000006619
ENSG00000213563	C8orf82	ENSMUSG00000116138	ENSRNOG00000068599
ENSG00000213578	CPLX3	ENSMUSG00000039714	ENSRNOG00000019317
ENSG00000213585	VDAC1	ENSMUSG00000020402	ENSRNOG00000006375
ENSG00000213588	ZBTB9	ENSMUSG00000079605	ENSRNOG00000026799
ENSG00000213593	TMX2	ENSMUSG00000050043	ENSRNOG00000005308
ENSG00000213614	HEXA	ENSMUSG00000025232	ENSRNOG00000010252
ENSG00000213619	NDUFS3	ENSMUSG00000005510	ENSRNOG00000009155
ENSG00000213625	LEPROT	ENSMUSG00000035212	ENSRNOG00000050849
ENSG00000213626	LBH	ENSMUSG00000024063	ENSRNOG00000075058
ENSG00000213658	LAT	ENSMUSG00000030742	ENSRNOG00000017429
ENSG00000213672	NCKIPSD	ENSMUSG00000032598	ENSRNOG00000031816
ENSG00000213676	ATF6B	ENSMUSG00000015461	ENSRNOG00000000431
ENSG00000213689	TREX1	ENSMUSG00000049734	ENSRNOG00000022540
ENSG00000213694	S1PR3	ENSMUSG00000067586	ENSRNOG00000014524
ENSG00000213699	SLC35F6	ENSMUSG00000029175	ENSRNOG00000009459
ENSG00000213719	CLIC1	ENSMUSG00000007041	ENSRNOG00000029682
ENSG00000213722	DDAH2	ENSMUSG00000007039	ENSRNOG00000000842
ENSG00000213760	ATP6V1G2	ENSMUSG00000024403	ENSRNOG00000000840
ENSG00000213780	GTF2H4	ENSMUSG00000001524	ENSRNOG00000000831
ENSG00000213782	DDX47	ENSMUSG00000030204	ENSRNOG00000007838
ENSG00000213809	KLRK1	ENSMUSG00000030149	ENSRNOG00000061739
ENSG00000213822	CEACAM18	ENSMUSG00000030472	ENSRNOG00000022701
ENSG00000213853	EMP2	ENSMUSG00000022505	ENSRNOG00000002664
ENSG00000213859	KCTD11	ENSMUSG00000046731	ENSRNOG00000015669
ENSG00000213886	UBD	ENSMUSG00000035186	ENSRNOG00000000767
ENSG00000213889	PPM1N	ENSMUSG00000030402	ENSRNOG00000058133
ENSG00000213892	CEACAM16	ENSMUSG00000014686	ENSRNOG00000031391
ENSG00000213901	SLC23A3	ENSMUSG00000026205	ENSRNOG00000018266
ENSG00000213906	LTB4R2	ENSMUSG00000040432	ENSRNOG00000020382
ENSG00000213918	DNASE1	ENSMUSG00000005980	ENSRNOG00000006873
ENSG00000213923	CSNK1E	ENSMUSG00000022433	ENSRNOG00000013076
ENSG00000213928	IRF9	ENSMUSG00000002325	ENSRNOG00000019478
ENSG00000213930	GALT	ENSMUSG00000036073	ENSRNOG00000014766
ENSG00000213931	HBE1	ENSMUSG00000052187	ENSRNOG00000029286
ENSG00000213937	CLDN9	ENSMUSG00000066720	ENSRNOG00000089717
ENSG00000213949	ITGA1	ENSMUSG00000042284	ENSRNOG00000053550
ENSG00000213965	NUDT19	ENSMUSG00000034875	ENSRNOG00000059386
ENSG00000213977	TAX1BP3	ENSMUSG00000040158	ENSRNOG00000019357
ENSG00000213983	AP1G2	ENSMUSG00000040701	ENSRNOG00000025589
ENSG00000213995	NAXD	ENSMUSG00000031505	ENSRNOG00000015021
ENSG00000213996	TM6SF2	ENSMUSG00000036151	ENSRNOG00000042237
ENSG00000213999	MEF2B	ENSMUSG00000079033	ENSRNOG00000020400
ENSG00000214013	GANC	ENSMUSG00000062646	ENSRNOG00000024563
ENSG00000214021	TTLL3	ENSMUSG00000030276	ENSRNOG00000009032
ENSG00000214022	REPIN1	ENSMUSG00000052751	ENSRNOG00000008239
ENSG00000214050	FBXO16	ENSMUSG00000034532	ENSRNOG00000014003
ENSG00000214063	TSPAN4	ENSMUSG00000025511	ENSRNOG00000029810
ENSG00000214087	ARL16	ENSMUSG00000057594	ENSRNOG00000049235
ENSG00000214097	SMCO1	ENSMUSG00000046345	ENSRNOG00000024960
ENSG00000214102	WEE2	ENSMUSG00000037159	ENSRNOG00000026446
ENSG00000214113	LYRM4	ENSMUSG00000046573	ENSRNOG00000047970
ENSG00000214114	MYCBP	ENSMUSG00000028647	ENSRNOG00000065724
ENSG00000214128	TMEM213	ENSMUSG00000029829	ENSRNOG00000085221
ENSG00000214140	PRCD	ENSMUSG00000075410	ENSRNOG00000090755
ENSG00000214160	ALG3	ENSMUSG00000033809	ENSRNOG00000001712
ENSG00000214193	SH3D21	ENSMUSG00000073758	ENSRNOG00000024566
ENSG00000214212	C19orf38	ENSMUSG00000057191	ENSRNOG00000033256
ENSG00000214216	IQCJ	ENSMUSG00000051777	ENSRNOG00000083869
ENSG00000214226	C17orf67	ENSMUSG00000072553	ENSRNOG00000064206
ENSG00000214237	MINDY4B	ENSMUSG00000101860	ENSRNOG00000043502
ENSG00000214253	FIS1	ENSMUSG00000019054	ENSRNOG00000001420
ENSG00000214279	SCART1	ENSMUSG00000025461	ENSRNOG00000018978
ENSG00000214285	NPS	ENSMUSG00000073804	ENSRNOG00000036653
ENSG00000214290	POU2AF3	ENSMUSG00000079559	ENSRNOG00000042165
ENSG00000214309	MBLAC1	ENSMUSG00000049285	ENSRNOG00000082402
ENSG00000214336	FOXI3	ENSMUSG00000055874	ENSRNOG00000006491
ENSG00000214338	MTCL3	ENSMUSG00000038916	ENSRNOG00000012324
ENSG00000214357	NEURL1B	ENSMUSG00000034413	ENSRNOG00000027606
ENSG00000214360	EFCAB9	ENSMUSG00000044056	ENSRNOG00000004142
ENSG00000214376	VSTM5	ENSMUSG00000031937	ENSRNOG00000010480
ENSG00000214413	BBIP1	ENSMUSG00000084957	ENSRNOG00000047019
ENSG00000214415	GNAT3	ENSMUSG00000028777	ENSRNOG00000005268
ENSG00000214435	AS3MT	ENSMUSG00000003559	ENSRNOG00000020081
ENSG00000214447	FAM187A	ENSMUSG00000075510	ENSRNOG00000002918
ENSG00000214456	PLIN5	ENSMUSG00000011305	ENSRNOG00000047860
ENSG00000214510	SPINK13	ENSMUSG00000073551	ENSRNOG00000038793
ENSG00000214511	HIGD1C	ENSMUSG00000093550	ENSRNOG00000046069
ENSG00000214513	NOTO	ENSMUSG00000068302	ENSRNOG00000037863
ENSG00000214517	PPME1	ENSMUSG00000030718	ENSRNOG00000017227
ENSG00000214530	STARD10	ENSMUSG00000030688	ENSRNOG00000019491
ENSG00000214575	CPEB1	ENSMUSG00000025586	ENSRNOG00000019161
ENSG00000214595	EML6	ENSMUSG00000044072	ENSRNOG00000037462
ENSG00000214642	DEFB113	ENSMUSG00000073735	ENSRNOG00000039650
ENSG00000214654	B3GALT9	ENSMUSG00000107167	ENSRNOG00000069270
ENSG00000214655	ZSWIM8	ENSMUSG00000021819	ENSRNOG00000056617
ENSG00000214681	IQCF5	ENSMUSG00000066382	ENSRNOG00000013164
ENSG00000214686	IQCF6	ENSMUSG00000091129	ENSRNOG00000042065
ENSG00000214688	C10orf105	ENSMUSG00000090439	ENSRNOG00000074800
ENSG00000214694	ARHGEF33	ENSMUSG00000054901	ENSRNOG00000007061
ENSG00000214700	C12orf71	ENSMUSG00000040163	ENSRNOG00000026864
ENSG00000214706	IFRD2	ENSMUSG00000010048	ENSRNOG00000016150
ENSG00000214753	HNRNPUL2	ENSMUSG00000071659	ENSRNOG00000019507
ENSG00000214782	MS4A18	ENSMUSG00000094584	ENSRNOG00000042330
ENSG00000214814	FER1L6	ENSMUSG00000037106	ENSRNOG00000025300
ENSG00000214827	MTCP1	ENSMUSG00000031200	ENSRNOG00000056435
ENSG00000214842	RAD51AP2	ENSMUSG00000086022	ENSRNOG00000049271
ENSG00000214866	DCDC2C	ENSMUSG00000020633	ENSRNOG00000067604
ENSG00000214872	SMTNL1	ENSMUSG00000027077	ENSRNOG00000007516
ENSG00000214941	ZSWIM7	ENSMUSG00000014243	ENSRNOG00000002970
ENSG00000214944	ARHGEF28	ENSMUSG00000021662	ENSRNOG00000016544
ENSG00000214954	LRRC69	ENSMUSG00000023151	ENSRNOG00000006498
ENSG00000214960	CRPPA	ENSMUSG00000043153	ENSRNOG00000006199
ENSG00000214978	GSG1L2	ENSMUSG00000097886	ENSRNOG00000062399
ENSG00000215009	ACSM4	ENSMUSG00000047026	ENSRNOG00000014726
ENSG00000215018	COL28A1	ENSMUSG00000068794	ENSRNOG00000033618
ENSG00000215021	PHB2	ENSMUSG00000004264	ENSRNOG00000012999
ENSG00000215041	NEURL4	ENSMUSG00000047284	ENSRNOG00000016109
ENSG00000215045	GRID2IP	ENSMUSG00000010825	ENSRNOG00000030927
ENSG00000215114	UBXN2B	ENSMUSG00000028243	ENSRNOG00000064562
ENSG00000215131	C16orf90	ENSMUSG00000005983	ENSRNOG00000007268
ENSG00000215148	PRSS41	ENSMUSG00000024114	ENSRNOG00000033690
ENSG00000215182	MUC5AC	ENSMUSG00000037974	ENSRNOG00000055996
ENSG00000215183	MSMP	ENSMUSG00000078719	ENSRNOG00000043023
ENSG00000215187	CIMIP2B	ENSMUSG00000042788	ENSRNOG00000065204
ENSG00000215193	PEX26	ENSMUSG00000067825	ENSRNOG00000049982
ENSG00000215203	GRXCR1	ENSMUSG00000068082	ENSRNOG00000038891
ENSG00000215217	CFAP90	ENSMUSG00000021534	ENSRNOG00000047406
ENSG00000215218	UBE2QL1	ENSMUSG00000052981	ENSRNOG00000071530
ENSG00000215251	FASTKD5	ENSMUSG00000079043	ENSRNOG00000053270
ENSG00000215262	KCNU1	ENSMUSG00000031576	ENSRNOG00000014741
ENSG00000215277	RNF212B	ENSMUSG00000112858	ENSRNOG00000066673
ENSG00000215305	VPS16	ENSMUSG00000027411	ENSRNOG00000021222
ENSG00000215397	SCRT2	ENSMUSG00000060257	ENSRNOG00000005148
ENSG00000215421	ZNF407	ENSMUSG00000048410	ENSRNOG00000043357
ENSG00000215440	NPEPL1	ENSMUSG00000039263	ENSRNOG00000028384
ENSG00000215474	SKOR2	ENSMUSG00000091519	ENSRNOG00000018006
ENSG00000215475	SIAH3	ENSMUSG00000091722	ENSRNOG00000082882
ENSG00000215529	EFCAB8	ENSMUSG00000044083	ENSRNOG00000070431
ENSG00000215545	DEFB116	ENSMUSG00000044249	ENSRNOG00000023195
ENSG00000215547	DEFB115	ENSMUSG00000074679	ENSRNOG00000036900
ENSG00000215595	C20orf202	ENSMUSG00000087035	ENSRNOG00000064629
ENSG00000215612	HMX1	ENSMUSG00000067438	ENSRNOG00000009154
ENSG00000215644	GCGR	ENSMUSG00000025127	ENSRNOG00000036692
ENSG00000215695	RSC1A1	ENSMUSG00000078515	ENSRNOG00000012274
ENSG00000215712	TMEM242	ENSMUSG00000004945	ENSRNOG00000016973
ENSG00000215788	TNFRSF25	ENSMUSG00000024793	ENSRNOG00000021814
ENSG00000215845	TSTD1	ENSMUSG00000103711	ENSRNOG00000076904
ENSG00000215853	RPTN	ENSMUSG00000041984	ENSRNOG00000018679
ENSG00000215883	CYB5RL	ENSMUSG00000028621	ENSRNOG00000009148
ENSG00000215906	LACTBL1	ENSMUSG00000070683	ENSRNOG00000088766
ENSG00000215912	TTC34	ENSMUSG00000046637	ENSRNOG00000024526
ENSG00000216009	MIR874	ENSMUSG00000077962	ENSRNOG00000041300
ENSG00000216101	MIR877	ENSMUSG00000077931	ENSRNOG00000041223
ENSG00000216179	MIR541	ENSMUSG00000076052	ENSRNOG00000036486
ENSG00000216490	IFI30	ENSMUSG00000031838	ENSRNOG00000019387
ENSG00000216588	IGSF23	ENSMUSG00000040498	ENSRNOG00000024630
ENSG00000217128	FNIP1	ENSMUSG00000035992	ENSRNOG00000009104
ENSG00000217236	SP9	ENSMUSG00000068859	ENSRNOG00000028187
ENSG00000217442	SYCE3	ENSMUSG00000078938	ENSRNOG00000042056
ENSG00000217555	CKLF	ENSMUSG00000054400	ENSRNOG00000012752
ENSG00000218336	TENM3	ENSMUSG00000031561	ENSRNOG00000012802
ENSG00000218739	CEBPZOS	ENSMUSG00000062691	ENSRNOG00000064368
ENSG00000218823	PAPOLB	ENSMUSG00000074817	ENSRNOG00000082193
ENSG00000218891	ZNF579	ENSMUSG00000051550	ENSRNOG00000016608
ENSG00000219200	RNASEK	ENSMUSG00000093989	ENSRNOG00000076162
ENSG00000219435	CATSPERZ	ENSMUSG00000050623	ENSRNOG00000089798
ENSG00000219438	TAFA5	ENSMUSG00000054863	ENSRNOG00000049349
ENSG00000219545	UMAD1	ENSMUSG00000089862	ENSRNOG00000008524
ENSG00000219607	PPP1R3G	ENSMUSG00000050423	ENSRNOG00000088982
ENSG00000219626	FAM228B	ENSMUSG00000050545	ENSRNOG00000049615
ENSG00000220008	LINGO3	ENSMUSG00000051067	ENSRNOG00000032569
ENSG00000220201	ZGLP1	ENSMUSG00000079681	ENSRNOG00000042601
ENSG00000220205	VAMP2	ENSMUSG00000020894	ENSRNOG00000006989
ENSG00000220988	SNORD88C	ENSMUSG00000080352	ENSRNOG00000057316
ENSG00000221116	SNORD110	ENSMUSG00000080610	ENSRNOG00000054739
ENSG00000221491	SNORA2C	ENSMUSG00002076288	ENSRNOG00000070636
ENSG00000221500	SNORD100	ENSMUSG00002076971	ENSRNOG00000061678
ENSG00000221514	SNORD111B	ENSMUSG00000080518	ENSRNOG00000057770
ENSG00000221539	SNORD99	ENSMUSG00000080615	ENSRNOG00000070286
ENSG00000221803	SNORD23	ENSMUSG00000080478	ENSRNOG00000059444
ENSG00000221813	OR6B1	ENSMUSG00000049168	ENSRNOG00000086599
ENSG00000221818	EBF2	ENSMUSG00000022053	ENSRNOG00000011548
ENSG00000221821	PEX39	ENSMUSG00000062619	ENSRNOG00000079593
ENSG00000221823	PPP3R1	ENSMUSG00000033953	ENSRNOG00000065686
ENSG00000221829	FANCG	ENSMUSG00000028453	ENSRNOG00000057945
ENSG00000221836	OR2A5	ENSMUSG00000043119	ENSRNOG00000086140
ENSG00000221838	AP4M1	ENSMUSG00000019518	ENSRNOG00000001353
ENSG00000221855	TAS2R41	ENSMUSG00000048284	ENSRNOG00000017881
ENSG00000221866	PLXNA4	ENSMUSG00000029765	ENSRNOG00000013072
ENSG00000221869	CEBPD	ENSMUSG00000071637	ENSRNOG00000086729
ENSG00000221890	NPTXR	ENSMUSG00000022421	ENSRNOG00000016156
ENSG00000221900	POM121L12	ENSMUSG00000084135	ENSRNOG00000050580
ENSG00000221914	PPP2R2A	ENSMUSG00000022052	ENSRNOG00000011158
ENSG00000221931	OR6X1	ENSMUSG00000051095	ENSRNOG00000088842
ENSG00000221933	OR2A25	ENSMUSG00000045708	ENSRNOG00000005412
ENSG00000221937	TAS2R40	ENSMUSG00000051917	ENSRNOG00000028130
ENSG00000221946	FXYD7	ENSMUSG00000036578	ENSRNOG00000021067
ENSG00000221947	XKR9	ENSMUSG00000067813	ENSRNOG00000040289
ENSG00000221955	SLC12A8	ENSMUSG00000035506	ENSRNOG00000001792
ENSG00000221968	FADS3	ENSMUSG00000024664	ENSRNOG00000020385
ENSG00000221977	OR4E2	ENSMUSG00000035626	ENSRNOG00000071420
ENSG00000221978	CCNL2	ENSMUSG00000029068	ENSRNOG00000018691
ENSG00000221986	MYBPHL	ENSMUSG00000068745	ENSRNOG00000037082
ENSG00000221988	PPT2	ENSMUSG00000015474	ENSRNOG00000000435
ENSG00000221989	OR2A2	ENSMUSG00000071481	ENSRNOG00000074634
ENSG00000222009	BTBD19	ENSMUSG00000073771	ENSRNOG00000042163
ENSG00000222011	FAM185A	ENSMUSG00000047221	ENSRNOG00000048371
ENSG00000222018	C21orf140	ENSMUSG00000051728	ENSRNOG00000001986
ENSG00000222028	PSMB11	ENSMUSG00000072423	ENSRNOG00000072044
ENSG00000222126	RNU2-9P	ENSMUSG00000064550	ENSRNOG00000055205
ENSG00000222276	RNU2-33P	ENSMUSG00000065238	ENSRNOG00000056893
ENSG00000222300	RNU2-21P	ENSMUSG00000084669	ENSRNOG00000064651
ENSG00000222361	RNU6-1186P	ENSMUSG00000089314	ENSRNOG00000052529
ENSG00000222363	RNU4-34P	ENSMUSG00000084515	ENSRNOG00000058642
ENSG00000222370	SNORA36B	ENSMUSG00002075146	ENSRNOG00000059556
ENSG00000222426	RNU2-50P	ENSMUSG00000084617	ENSRNOG00000071810
ENSG00000222477	RNU2-23P	ENSMUSG00000065232	ENSRNOG00000061161
ENSG00000222652	RNU6-248P	ENSMUSG00000089413	ENSRNOG00000055073
ENSG00000222679	RNU6-1267P	ENSMUSG00002075658	ENSRNOG00000085780
ENSG00000223156	RNU2-18P	ENSMUSG00000065751	ENSRNOG00000066200
ENSG00000223224	SNORD71	ENSMUSG00000077549	ENSRNOG00000059926
ENSG00000223496	EXOSC6	ENSMUSG00000109941	ENSRNOG00000018582
ENSG00000223501	VPS52	ENSMUSG00000024319	ENSRNOG00000000470
ENSG00000223573	TINCR	ENSMUSG00000110218	ENSRNOG00000087313
ENSG00000223802	CERS1	ENSMUSG00000087408	ENSRNOG00000070518
ENSG00000223953	C1QTNF5	ENSMUSG00000079592	ENSRNOG00000007613
ENSG00000224383	PRR29	ENSMUSG00000009210	ENSRNOG00000060193
ENSG00000224470	ATXN1L	ENSMUSG00000069895	ENSRNOG00000038766
ENSG00000224877	NDUFAF8	ENSMUSG00000078572	ENSRNOG00000084928
ENSG00000224940	PRRT4	ENSMUSG00000079654	ENSRNOG00000039388
ENSG00000224982	TMEM233	ENSMUSG00000079278	ENSRNOG00000053974
ENSG00000225190	PLEKHM1	ENSMUSG00000034247	ENSRNOG00000028521
ENSG00000225526	MKRN2OS	ENSMUSG00000068011	ENSRNOG00000070957
ENSG00000225556	C2CD4D	ENSMUSG00000091648	ENSRNOG00000020832
ENSG00000225614	ZNF469	ENSMUSG00000043903	ENSRNOG00000084845
ENSG00000225697	SLC26A6	ENSMUSG00000023259	ENSRNOG00000020450
ENSG00000225828	FAM229A	ENSMUSG00000078554	ENSRNOG00000042787
ENSG00000225830	ERCC6	ENSMUSG00000054051	ENSRNOG00000030017
ENSG00000225921	NOL7	ENSMUSG00000063200	ENSRNOG00000017904
ENSG00000225950	NTF4	ENSMUSG00000074121	ENSRNOG00000020783
ENSG00000225968	ELFN1	ENSMUSG00000048988	ENSRNOG00000022767
ENSG00000225973	PIGBOS1	ENSMUSG00000098332	ENSRNOG00000067122
ENSG00000226174	TEX22	ENSMUSG00000012211	ENSRNOG00000028158
ENSG00000226321	CROCC2	ENSMUSG00000084989	ENSRNOG00000063752
ENSG00000226479	TMEM185B	ENSMUSG00000098923	ENSRNOG00000067956
ENSG00000226490	C8orf90	ENSMUSG00000086361	ENSRNOG00000065138
ENSG00000226572	SNORD57	ENSMUSG00000065272	ENSRNOG00000056237
ENSG00000226650	KIF4B	ENSMUSG00000092054	ENSRNOG00000064692
ENSG00000226660	TRBV2	ENSMUSG00000076463	ENSRNOG00000082984
ENSG00000226742	HSBP1L1	ENSMUSG00000078963	ENSRNOG00000059055
ENSG00000226763	SRRM5	ENSMUSG00000117477	ENSRNOG00000050032
ENSG00000226792	C13orf42	ENSMUSG00000100486	ENSRNOG00000070558
ENSG00000226807	MROH5	ENSMUSG00000072487	ENSRNOG00000032827
ENSG00000226979	LTA	ENSMUSG00000024402	ENSRNOG00000000838
ENSG00000227051	C14orf132	ENSMUSG00000094910	ENSRNOG00000089537
ENSG00000227057	WDR46	ENSMUSG00000024312	ENSRNOG00000031171
ENSG00000227345	PARG	ENSMUSG00000021911	ENSRNOG00000019978
ENSG00000227500	SCAMP4	ENSMUSG00000113949	ENSRNOG00000018271
ENSG00000227507	LTB	ENSMUSG00000024399	ENSRNOG00000070531
ENSG00000227729	RD3L	ENSMUSG00000091402	ENSRNOG00000043031
ENSG00000227868	TEX46	ENSMUSG00000036921	ENSRNOG00000022257
ENSG00000227877	MRLN	ENSMUSG00000019933	ENSRNOG00000069916
ENSG00000228253	MT-ATP8	ENSMUSG00000064356	ENSRNOG00000033299
ENSG00000228336	OR9H1	ENSMUSG00000049806	ENSRNOG00000073716
ENSG00000228474	OST4	ENSMUSG00000038803	ENSRNOG00000074074
ENSG00000228486	C2orf92	ENSMUSG00000102416	ENSRNOG00000052570
ENSG00000228594	FNDC10	ENSMUSG00000074738	ENSRNOG00000030447
ENSG00000228607	CLDN25	ENSMUSG00000105298	ENSRNOG00000057454
ENSG00000228623	ZNF883	ENSMUSG00000031365	ENSRNOG00000061073
ENSG00000228672	PROB1	ENSMUSG00000073600	ENSRNOG00000039596
ENSG00000228727	SAPCD1	ENSMUSG00000036185	ENSRNOG00000000858
ENSG00000229453	SPINK8	ENSMUSG00000050074	ENSRNOG00000037199
ENSG00000229474	PATL2	ENSMUSG00000027233	ENSRNOG00000017061
ENSG00000229544	NKX1-2	ENSMUSG00000048528	ENSRNOG00000071386
ENSG00000229686	SNORD56	ENSMUSG00000065289	ENSRNOG00000054607
ENSG00000229809	ZNF688	ENSMUSG00000045251	ENSRNOG00000018379
ENSG00000229833	PET100	ENSMUSG00000087687	ENSRNOG00000050169
ENSG00000229937	PRPS1L1	ENSMUSG00000092305	ENSRNOG00000032513
ENSG00000230062	ANKRD66	ENSMUSG00000096140	ENSRNOG00000068669
ENSG00000230124	ACBD6	ENSMUSG00000033701	ENSRNOG00000003550
ENSG00000230561	CCDC192	ENSMUSG00000058925	ENSRNOG00000065037
ENSG00000230707	HAPSTR2	ENSMUSG00000082226	ENSRNOG00000043487
ENSG00000230778	ANKRD63	ENSMUSG00000078137	ENSRNOG00000062526
ENSG00000230873	STMND1	ENSMUSG00000063529	ENSRNOG00000031595
ENSG00000230989	HSBP1	ENSMUSG00000031839	ENSRNOG00000014415
ENSG00000231213	PLSCR5	ENSMUSG00000095654	ENSRNOG00000047917
ENSG00000231256	CFAP97D1	ENSMUSG00000010841	ENSRNOG00000036796
ENSG00000231274	SBK3	ENSMUSG00000085272	ENSRNOG00000042927
ENSG00000231500	RPS18	ENSMUSG00000008668	ENSRNOG00000033152
ENSG00000231824	AKAIN1	ENSMUSG00000091636	ENSRNOG00000063808
ENSG00000231852	CYP21A2	ENSMUSG00000024365	ENSRNOG00000000428
ENSG00000231925	TAPBP	ENSMUSG00000024308	ENSRNOG00000029500
ENSG00000232040	SCAND3	ENSMUSG00000034173	ENSRNOG00000000918
ENSG00000232070	TMEM253	ENSMUSG00000072571	ENSRNOG00000039489
ENSG00000232113	TEX50	ENSMUSG00000049160	ENSRNOG00000038786
ENSG00000232125	DYTN	ENSMUSG00000069085	ENSRNOG00000042181
ENSG00000232237	ASCL5	ENSMUSG00000097918	ENSRNOG00000033391
ENSG00000232258	TMEM114	ENSMUSG00000022715	ENSRNOG00000002768
ENSG00000232388	SMIM26	ENSMUSG00000074754	ENSRNOG00000036971
ENSG00000232434	AJM1	ENSMUSG00000029419	ENSRNOG00000033863
ENSG00000232593	KANTR	ENSMUSG00000087403	ENSRNOG00000083228
ENSG00000232810	TNF	ENSMUSG00000024401	ENSRNOG00000070745
ENSG00000232838	PET117	ENSMUSG00000098387	ENSRNOG00000077573
ENSG00000232859	LYRM9	ENSMUSG00000072640	ENSRNOG00000037204
ENSG00000232869	TRBV29-1	ENSMUSG00000076481	ENSRNOG00000075798
ENSG00000233198	RNF224	ENSMUSG00000089953	ENSRNOG00000072192
ENSG00000233276	GPX1	ENSMUSG00000063856	ENSRNOG00000048812
ENSG00000233436	BTBD18	ENSMUSG00000086598	ENSRNOG00000043106
ENSG00000233493	TMEM238	ENSMUSG00000030431	ENSRNOG00000070914
ENSG00000233608	TWIST2	ENSMUSG00000007805	ENSRNOG00000020355
ENSG00000233670	PIRT	ENSMUSG00000048070	ENSRNOG00000063443
ENSG00000233927	RPS28	ENSMUSG00000067288	ENSRNOG00000049442
ENSG00000233932	CTXN2	ENSMUSG00000074872	ENSRNOG00000037146
ENSG00000234127	TRIM26	ENSMUSG00000024457	ENSRNOG00000032930
ENSG00000234224	TMEM229A	ENSMUSG00000048022	ENSRNOG00000078723
ENSG00000234284	ZNF879	ENSMUSG00000044296	ENSRNOG00000030517
ENSG00000234409	CCDC188	ENSMUSG00000090777	ENSRNOG00000042711
ENSG00000234465	PINLYP	ENSMUSG00000011632	ENSRNOG00000019862
ENSG00000234602	MCIDAS	ENSMUSG00000074651	ENSRNOG00000039588
ENSG00000234616	JRK	ENSMUSG00000046380	ENSRNOG00000027238
ENSG00000234776	FREY1	ENSMUSG00000044916	ENSRNOG00000006884
ENSG00000234906	APOC2	ENSMUSG00000002992	ENSRNOG00000018402
ENSG00000234965	SHISA8	ENSMUSG00000096883	ENSRNOG00000049407
ENSG00000235034	C19orf81	ENSMUSG00000008028	ENSRNOG00000037298
ENSG00000235098	ANKRD65	ENSMUSG00000078487	ENSRNOG00000043331
ENSG00000235118	FAM237A	ENSMUSG00000115378	ENSRNOG00000054699
ENSG00000235162	C12orf75	ENSMUSG00000087651	ENSRNOG00000060879
ENSG00000235169	SMIM1	ENSMUSG00000078350	ENSRNOG00000080057
ENSG00000235173	HGH1	ENSMUSG00000022554	ENSRNOG00000029238
ENSG00000235284	SNORD62A	ENSMUSG00000119688	ENSRNOG00000083274
ENSG00000235387	SPAAR	ENSMUSG00000028475	ENSRNOG00000070391
ENSG00000235568	NFAM1	ENSMUSG00000058099	ENSRNOG00000022975
ENSG00000235608	NKX1-1	ENSMUSG00000029112	ENSRNOG00000005113
ENSG00000235711	ANKRD34C	ENSMUSG00000047606	ENSRNOG00000013937
ENSG00000235718	MFRP	ENSMUSG00000034739	ENSRNOG00000039107
ENSG00000235750	KIAA0040	ENSMUSG00000090394	ENSRNOG00000049537
ENSG00000235863	B3GALT4	ENSMUSG00000067370	ENSRNOG00000071248
ENSG00000236027	PATE3	ENSMUSG00000094995	ENSRNOG00000087356
ENSG00000236104	ZBTB22	ENSMUSG00000051390	ENSRNOG00000000476
ENSG00000236279	CLEC2L	ENSMUSG00000079598	ENSRNOG00000029644
ENSG00000236320	SLFN14	ENSMUSG00000082101	ENSRNOG00000009709
ENSG00000236383	CCDC200	ENSMUSG00000085486	ENSRNOG00000061008
ENSG00000236398	TAS2R39	ENSMUSG00000047102	ENSRNOG00000028135
ENSG00000236609	ZNF853	ENSMUSG00000093910	ENSRNOG00000030579
ENSG00000236699	ARHGEF38	ENSMUSG00000040969	ENSRNOG00000023965
ENSG00000236782	ZNF593OS	ENSMUSG00000086322	ENSRNOG00000078201
ENSG00000237110	TAAR9	ENSMUSG00000037424	ENSRNOG00000026096
ENSG00000237136	C4orf51	ENSMUSG00000031682	ENSRNOG00000011671
ENSG00000237172	B3GNT9	ENSMUSG00000069920	ENSRNOG00000053895
ENSG00000237190	CDKN2AIPNL	ENSMUSG00000020392	ENSRNOG00000005024
ENSG00000237254	TRBV30	ENSMUSG00000076499	ENSRNOG00000081198
ENSG00000237330	RNF223	ENSMUSG00000110404	ENSRNOG00000036856
ENSG00000237388	OR4A47	ENSMUSG00000075073	ENSRNOG00000080289
ENSG00000237412	PRSS56	ENSMUSG00000036480	ENSRNOG00000029865
ENSG00000237441	RGL2	ENSMUSG00000041354	ENSRNOG00000000474
ENSG00000237452	MEIOSIN	ENSMUSG00000085601	ENSRNOG00000067421
ENSG00000237489	C10orf143	ENSMUSG00000040139	ENSRNOG00000050554
ENSG00000237515	SHISA9	ENSMUSG00000022494	ENSRNOG00000063400
ENSG00000237524	TEX51	ENSMUSG00000109238	ENSRNOG00000061675
ENSG00000237651	C2orf74	ENSMUSG00000020286	ENSRNOG00000051590
ENSG00000237702	TRBV3-1	ENSMUSG00000107486	ENSRNOG00000085509
ENSG00000237988	OR2I1	ENSMUSG00000043827	ENSRNOG00000084481
ENSG00000238205	MPC1L	ENSMUSG00000079871	ENSRNOG00000023163
ENSG00000238227	TMEM250	ENSMUSG00000087679	ENSRNOG00000042501
ENSG00000238300	SNORD121B	ENSMUSG00000089265	ENSRNOG00000061024
ENSG00000238531	SNORD105B	ENSMUSG00000089571	ENSRNOG00000055949
ENSG00000238578	SNORD4A	ENSMUSG00000077625	ENSRNOG00000055429
ENSG00000238622	SNORD97	ENSMUSG00000088948	ENSRNOG00000069135
ENSG00000238649	SNORD42A	ENSMUSG00000064540	ENSRNOG00000056377
ENSG00000238650	SNORD54	ENSMUSG00000088351	ENSRNOG00000059478
ENSG00000238754	SCARNA18B	ENSMUSG00000088323	ENSRNOG00000056434
ENSG00000238793	SNORD124	ENSMUSG00000088169	ENSRNOG00000055792
ENSG00000238795	SCARNA12	ENSMUSG00000088835	ENSRNOG00000052563
ENSG00000238835	SCARNA18	ENSMUSG00000088308	ENSRNOG00000060638
ENSG00000238862	SNORD19B	ENSMUSG00000087912	ENSRNOG00000057398
ENSG00000238882	RNU6-329P	ENSMUSG00000088160	ENSRNOG00000059298
ENSG00000238886	SNORD121A	ENSMUSG00000089308	ENSRNOG00000053973
ENSG00000238917	SNORD10	ENSMUSG00000089542	ENSRNOG00000055390
ENSG00000238941	RNU6-953P	ENSMUSG00001118661	ENSRNOG00000081917
ENSG00000238942	SNORD2	ENSMUSG00000088524	ENSRNOG00000053621
ENSG00000238961	SNORA47	ENSMUSG00000088108	ENSRNOG00000044194
ENSG00000239001	RNU6-420P	ENSMUSG00000087839	ENSRNOG00000056646
ENSG00000239002	SCARNA10	ENSMUSG00000089617	ENSRNOG00000060559
ENSG00000239043	SNORD127	ENSMUSG00000087790	ENSRNOG00000055941
ENSG00000239112	SNORD123	ENSMUSG00000089317	ENSRNOG00000061186
ENSG00000239127	SNORD125	ENSMUSG00000088634	ENSRNOG00000051515
ENSG00000239183	SNORA84	ENSMUSG00000087963	ENSRNOG00000067485
ENSG00000239195	SNORD5	ENSMUSG00000088929	ENSRNOG00000052161
ENSG00000239264	TXNDC5	ENSMUSG00000038991	ENSRNOG00000013469
ENSG00000239282	CASTOR1	ENSMUSG00000020424	ENSRNOG00000006740
ENSG00000239305	RNF103	ENSMUSG00000052656	ENSRNOG00000007272
ENSG00000239306	RBM14	ENSMUSG00000006456	ENSRNOG00000045568
ENSG00000239382	ALKBH6	ENSMUSG00000042831	ENSRNOG00000025216
ENSG00000239388	ASB14	ENSMUSG00000021898	ENSRNOG00000013346
ENSG00000239474	KLHL41	ENSMUSG00000075307	ENSRNOG00000007127
ENSG00000239590	OR1J4	ENSMUSG00000050015	ENSRNOG00000082562
ENSG00000239605	STPG4	ENSMUSG00000036557	ENSRNOG00000040136
ENSG00000239642	MEIKIN	ENSMUSG00000020332	ENSRNOG00000026596
ENSG00000239697	TNFSF12	ENSMUSG00000097328	ENSRNOG00000045670
ENSG00000239704	CDRT4	ENSMUSG00000042200	ENSRNOG00000003294
ENSG00000239732	TLR9	ENSMUSG00000045322	ENSRNOG00000048161
ENSG00000239779	WBP1	ENSMUSG00000030035	ENSRNOG00000008720
ENSG00000239789	MRPS17	ENSMUSG00000034211	ENSRNOG00000066020
ENSG00000239900	ADSL	ENSMUSG00000022407	ENSRNOG00000018655
ENSG00000240021	TEX35	ENSMUSG00000026592	ENSRNOG00000038921
ENSG00000240053	LY6G5B	ENSMUSG00000043807	ENSRNOG00000027516
ENSG00000240065	PSMB9	ENSMUSG00000096727	ENSRNOG00000000459
ENSG00000240303	ACAD11	ENSMUSG00000090150	ENSRNOG00000010940
ENSG00000240505	TNFRSF13B	ENSMUSG00000010142	ENSRNOG00000063438
ENSG00000240563	L1TD1	ENSMUSG00000087166	ENSRNOG00000050670
ENSG00000240583	AQP1	ENSMUSG00000004655	ENSRNOG00000011648
ENSG00000240682	ISY1	ENSMUSG00000030056	ENSRNOG00000037768
ENSG00000240694	PNMA2	ENSMUSG00000046204	ENSRNOG00000009815
ENSG00000240720	LRRD1	ENSMUSG00000040367	ENSRNOG00000026196
ENSG00000240771	ARHGEF25	ENSMUSG00000019467	ENSRNOG00000005034
ENSG00000240849	PEDS1	ENSMUSG00000090213	ENSRNOG00000025580
ENSG00000240857	RDH14	ENSMUSG00000020621	ENSRNOG00000039551
ENSG00000240891	PLCXD2	ENSMUSG00000087141	ENSRNOG00000042289
ENSG00000241058	NSUN6	ENSMUSG00000026707	ENSRNOG00000018520
ENSG00000241106	HLA-DOB	ENSMUSG00000041538	ENSRNOG00000000454
ENSG00000241224	C3orf85	ENSMUSG00000110573	ENSRNOG00000066784
ENSG00000241258	CRCP	ENSMUSG00000025532	ENSRNOG00000071267
ENSG00000241343	RPL36A	ENSMUSG00000049751	ENSRNOG00000072895
ENSG00000241360	PDXP	ENSMUSG00000116165	ENSRNOG00000009570
ENSG00000241370	RPP21	ENSMUSG00000024446	ENSRNOG00000000786
ENSG00000241399	CD302	ENSMUSG00000060703	ENSRNOG00000006623
ENSG00000241404	EGFL8	ENSMUSG00000015467	ENSRNOG00000000436
ENSG00000241484	ARHGAP8	ENSMUSG00000078954	ENSRNOG00000033570
ENSG00000241529	RN7SL767P	ENSMUSG00000093112	ENSRNOG00000051865
ENSG00000241553	ARPC4	ENSMUSG00000079426	ENSRNOG00000008994
ENSG00000241635	UGT1A1	ENSMUSG00000089960	ENSRNOG00000018740
ENSG00000241644	INMT	ENSMUSG00000003477	ENSRNOG00000011250
ENSG00000241685	ARPC1A	ENSMUSG00000029621	ENSRNOG00000000996
ENSG00000241697	TMEFF1	ENSMUSG00000028347	ENSRNOG00000008034
ENSG00000241837	ATP5PO	ENSMUSG00000022956	ENSRNOG00000001991
ENSG00000241839	PLEKHO2	ENSMUSG00000050721	ENSRNOG00000029242
ENSG00000241852	C8orf58	ENSMUSG00000044551	ENSRNOG00000008351
ENSG00000241935	HOGA1	ENSMUSG00000025176	ENSRNOG00000029501
ENSG00000241945	PWP2	ENSMUSG00000032834	ENSRNOG00000001210
ENSG00000241973	PI4KA	ENSMUSG00000041720	ENSRNOG00000060045
ENSG00000242028	HYPK	ENSMUSG00000027245	ENSRNOG00000072345
ENSG00000242110	AMACR	ENSMUSG00000022244	ENSRNOG00000018662
ENSG00000242114	MTFP1	ENSMUSG00000004748	ENSRNOG00000004640
ENSG00000242120	MDFIC2	ENSMUSG00000090667	ENSRNOG00000064294
ENSG00000242173	ARHGDIG	ENSMUSG00000073433	ENSRNOG00000068707
ENSG00000242247	ARFGAP3	ENSMUSG00000054277	ENSRNOG00000046472
ENSG00000242372	EIF6	ENSMUSG00000027613	ENSRNOG00000058513
ENSG00000242441	GTF2A1L	ENSMUSG00000024154	ENSRNOG00000016703
ENSG00000242485	MRPL20	ENSMUSG00000029066	ENSRNOG00000018647
ENSG00000242498	ARPIN	ENSMUSG00000039043	ENSRNOG00000014589
ENSG00000242550	SERPINB10	ENSMUSG00000092572	ENSRNOG00000002417
ENSG00000242612	DECR2	ENSMUSG00000036775	ENSRNOG00000088984
ENSG00000242689	CNTF	ENSMUSG00000079415	ENSRNOG00000012460
ENSG00000242715	CCDC169	ENSMUSG00000048655	ENSRNOG00000038095
ENSG00000242732	RTL5	ENSMUSG00000049191	ENSRNOG00000045779
ENSG00000242802	AP5Z1	ENSMUSG00000039623	ENSRNOG00000056768
ENSG00000242866	STRC	ENSMUSG00000033498	ENSRNOG00000014845
ENSG00000243056	EIF4EBP3	ENSMUSG00000090264	ENSRNOG00000030247
ENSG00000243156	MICAL3	ENSMUSG00000051586	ENSRNOG00000053203
ENSG00000243244	STON1	ENSMUSG00000033855	ENSRNOG00000016688
ENSG00000243279	PRAF2	ENSMUSG00000031149	ENSRNOG00000057147
ENSG00000243284	VSIG8	ENSMUSG00000049598	ENSRNOG00000008668
ENSG00000243335	KCTD7	ENSMUSG00000034110	ENSRNOG00000042384
ENSG00000243364	EFNA4	ENSMUSG00000028040	ENSRNOG00000020588
ENSG00000243449	NICOL1	ENSMUSG00000070858	ENSRNOG00000074184
ENSG00000243477	NAA80	ENSMUSG00000079334	ENSRNOG00000054063
ENSG00000243566	UPK3B	ENSMUSG00000042985	ENSRNOG00000023686
ENSG00000243646	IL10RB	ENSMUSG00000022969	ENSRNOG00000028638
ENSG00000243667	DNAAF10	ENSMUSG00000078970	ENSRNOG00000085590
ENSG00000243708	PLA2G4B	ENSMUSG00000098488	ENSRNOG00000007447
ENSG00000243710	CFAP57	ENSMUSG00000028730	ENSRNOG00000007037
ENSG00000243725	TTC4	ENSMUSG00000025413	ENSRNOG00000042467
ENSG00000243749	TMEM35B	ENSMUSG00000070737	ENSRNOG00000028083
ENSG00000243789	JMJD7	ENSMUSG00000098789	ENSRNOG00000050072
ENSG00000243927	MRPS6	ENSMUSG00000039680	ENSRNOG00000059381
ENSG00000243943	ZNF512	ENSMUSG00000062761	ENSRNOG00000039815
ENSG00000243978	RTL9	ENSMUSG00000085584	ENSRNOG00000049853
ENSG00000243989	ACY1	ENSMUSG00000023262	ENSRNOG00000011189
ENSG00000244005	NFS1	ENSMUSG00000027618	ENSRNOG00000045686
ENSG00000244038	DDOST	ENSMUSG00000028757	ENSRNOG00000015079
ENSG00000244045	VMA12	ENSMUSG00000051232	ENSRNOG00000009896
ENSG00000244187	TMEM141	ENSMUSG00000026939	ENSRNOG00000028254
ENSG00000244242	IFITM10	ENSMUSG00000045777	ENSRNOG00000020164
ENSG00000244274	DBNDD2	ENSMUSG00000017734	ENSRNOG00000087784
ENSG00000244405	ETV5	ENSMUSG00000013089	ENSRNOG00000001785
ENSG00000244486	SCARF2	ENSMUSG00000012017	ENSRNOG00000000288
ENSG00000244588	RAD21L1	ENSMUSG00000074704	ENSRNOG00000022335
ENSG00000244607	CCDC13	ENSMUSG00000079235	ENSRNOG00000025643
ENSG00000244617	ASPRV1	ENSMUSG00000033508	ENSRNOG00000017710
ENSG00000244694	PTCHD4	ENSMUSG00000042256	ENSRNOG00000012708
ENSG00000244752	CRYBB2	ENSMUSG00000042240	ENSRNOG00000050023
ENSG00000244754	N4BP2L2	ENSMUSG00000029655	ENSRNOG00000001108
ENSG00000245848	CEBPA	ENSMUSG00000034957	ENSRNOG00000010918
ENSG00000246705	H2AJ	ENSMUSG00000060032	ENSRNOG00000078093
ENSG00000246922	UBAP1L	ENSMUSG00000086228	ENSRNOG00000050979
ENSG00000247077	PGAM5	ENSMUSG00000029500	ENSRNOG00000037443
ENSG00000247315	ZCCHC3	ENSMUSG00000074682	ENSRNOG00000068900
ENSG00000247596	TWF2	ENSMUSG00000023277	ENSRNOG00000048915
ENSG00000247626	MARS2	ENSMUSG00000046994	ENSRNOG00000065339
ENSG00000247746	USP51	ENSMUSG00000067215	ENSRNOG00000021434
ENSG00000248098	BCKDHA	ENSMUSG00000060376	ENSRNOG00000020607
ENSG00000248099	INSL3	ENSMUSG00000079019	ENSRNOG00000072911
ENSG00000248109	MARCOL	ENSMUSG00000110628	ENSRNOG00000067712
ENSG00000248385	TARM1	ENSMUSG00000053338	ENSRNOG00000055581
ENSG00000248485	PCP4L1	ENSMUSG00000038370	ENSRNOG00000003209
ENSG00000248487	ABHD14A	ENSMUSG00000042210	ENSRNOG00000011936
ENSG00000248712	DRC12	ENSMUSG00000070306	ENSRNOG00000039086
ENSG00000248713	C4orf54	ENSMUSG00000090066	ENSRNOG00000063384
ENSG00000248746	ACTN3	ENSMUSG00000006457	ENSRNOG00000019745
ENSG00000248767	FOXL3	ENSMUSG00000094504	ENSRNOG00000039296
ENSG00000248771	SMIM31	ENSMUSG00000074300	ENSRNOG00000057966
ENSG00000248905	FMN1	ENSMUSG00000044042	ENSRNOG00000031760
ENSG00000249115	HAUS5	ENSMUSG00000078762	ENSRNOG00000024266
ENSG00000249242	TMEM150C	ENSMUSG00000050640	ENSRNOG00000002258
ENSG00000249481	SPATS1	ENSMUSG00000023935	ENSRNOG00000019963
ENSG00000249581	CLRN2	ENSMUSG00000049530	ENSRNOG00000027195
ENSG00000249693	SPMAP2L	ENSMUSG00000029248	ENSRNOG00000002085
ENSG00000249715	FER1L5	ENSMUSG00000037432	ENSRNOG00000024201
ENSG00000249751	ECSCR	ENSMUSG00000073599	ENSRNOG00000039593
ENSG00000249853	HS3ST5	ENSMUSG00000044499	ENSRNOG00000000605
ENSG00000249915	PDCD6	ENSMUSG00000021576	ENSRNOG00000014485
ENSG00000249961	TERB1	ENSMUSG00000052616	ENSRNOG00000055097
ENSG00000249992	TMEM158	ENSMUSG00000054871	ENSRNOG00000072779
ENSG00000250298	GIMD1	ENSMUSG00000091721	ENSRNOG00000042721
ENSG00000250305	TRMT9B	ENSMUSG00000039620	ENSRNOG00000011253
ENSG00000250317	SMIM20	ENSMUSG00000061461	ENSRNOG00000051190
ENSG00000250366	TUNAR	ENSMUSG00000097929	ENSRNOG00000083299
ENSG00000250423	KIAA1210	ENSMUSG00000091556	ENSRNOG00000027837
ENSG00000250479	CHCHD10	ENSMUSG00000049422	ENSRNOG00000028356
ENSG00000250510	GPR162	ENSMUSG00000038390	ENSRNOG00000016143
ENSG00000250565	ATP6V1E2	ENSMUSG00000053375	ENSRNOG00000015566
ENSG00000250719	P3R3URF	ENSMUSG00000078593	ENSRNOG00000049874
ENSG00000250722	SELENOP	ENSMUSG00000064373	ENSRNOG00000053086
ENSG00000250799	PRODH2	ENSMUSG00000036892	ENSRNOG00000057578
ENSG00000250821	EXOC1L	ENSMUSG00000091204	ENSRNOG00000050100
ENSG00000250878	METTL21EP	ENSMUSG00000046828	ENSRNOG00000090851
ENSG00000251154	PTTG1IP2	ENSMUSG00000079666	ENSRNOG00000051419
ENSG00000251247	ZNF345	ENSMUSG00000051034	ENSRNOG00000051442
ENSG00000251258	RFPL4B	ENSMUSG00000094311	ENSRNOG00000058648
ENSG00000251322	SHANK3	ENSMUSG00000022623	ENSRNOG00000052296
ENSG00000251493	FOXD1	ENSMUSG00000078302	ENSRNOG00000043332
ENSG00000251692	PTX4	ENSMUSG00000044172	ENSRNOG00000060934
ENSG00000251719	RNU6-408P	ENSMUSG00000088167	ENSRNOG00000053445
ENSG00000251878	SNORD79	ENSMUSG00000065160	ENSRNOG00000040595
ENSG00000251907	RNU6-240P	ENSMUSG00000119332	ENSRNOG00000055896
ENSG00000251958	RNU6-1102P	ENSMUSG00000089125	ENSRNOG00000062497
ENSG00000252066	RNU2-53P	ENSMUSG00000084610	ENSRNOG00000060275
ENSG00000252074	RNU6-416P	ENSMUSG00000087718	ENSRNOG00000060183
ENSG00000252081	RNU6-277P	ENSMUSG00002075997	ENSRNOG00000056965
ENSG00000252158	SNORA72	ENSMUSG00000088114	ENSRNOG00000058540
ENSG00000252214	RNU6-542P	ENSMUSG00002076486	ENSRNOG00000061258
ENSG00000252284	SNORA108	ENSMUSG00000065280	ENSRNOG00000060156
ENSG00000252395	RNU6-1007P	ENSMUSG00000065162	ENSRNOG00000079534
ENSG00000252415	RNU6-1012P	ENSMUSG00000077518	ENSRNOG00000075335
ENSG00000252611	RNU6-1121P	ENSMUSG00000087796	ENSRNOG00000057694
ENSG00000252641	RNU6-678P	ENSMUSG00000089513	ENSRNOG00000053821
ENSG00000252743	RNU6-850P	ENSMUSG00002075277	ENSRNOG00000051656
ENSG00000252768	RNU6-856P	ENSMUSG00000089162	ENSRNOG00000055338
ENSG00000252783	RNU6-835P	ENSMUSG00000088961	ENSRNOG00000053333
ENSG00000252823	RNU6-148P	ENSMUSG00000089476	ENSRNOG00000058380
ENSG00000252908	RNU6-1003P	ENSMUSG00000088620	ENSRNOG00000054554
ENSG00000252984	RNU6-844P	ENSMUSG00000075958	ENSRNOG00000052195
ENSG00000252998	RNU6-889P	ENSMUSG00002075139	ENSRNOG00000058745
ENSG00000253005	RNU6-176P	ENSMUSG00000089593	ENSRNOG00000070400
ENSG00000253070	RNU6-794P	ENSMUSG00000089438	ENSRNOG00000058680
ENSG00000253117	OC90	ENSMUSG00000015001	ENSRNOG00000025516
ENSG00000253148	RGS21	ENSMUSG00000098509	ENSRNOG00000056369
ENSG00000253250	C8orf88	ENSMUSG00000086587	ENSRNOG00000007256
ENSG00000253251	SHLD3	ENSMUSG00000118537	ENSRNOG00000072257
ENSG00000253276	CCDC71L	ENSMUSG00000090946	ENSRNOG00000065519
ENSG00000253293	HOXA10	ENSMUSG00000000938	ENSRNOG00000065199
ENSG00000253304	TMEM200B	ENSMUSG00000070720	ENSRNOG00000065288
ENSG00000253309	SERPINE3	ENSMUSG00000091155	ENSRNOG00000009814
ENSG00000253313	C1orf210	ENSMUSG00000028536	ENSRNOG00000020259
ENSG00000253352	TUG1	ENSMUSG00000056579	ENSRNOG00000064262
ENSG00000253368	TRNP1	ENSMUSG00000056596	ENSRNOG00000055936
ENSG00000253457	SMIM18	ENSMUSG00000094500	ENSRNOG00000049689
ENSG00000253537	PCDHGA7	ENSMUSG00000103472	ENSRNOG00000083692
ENSG00000253598	SLC10A5	ENSMUSG00000058921	ENSRNOG00000067758
ENSG00000253649	PRSS51	ENSMUSG00000052099	ENSRNOG00000047637
ENSG00000253710	ALG11	ENSMUSG00000063362	ENSRNOG00000012841
ENSG00000253719	ATXN7L3B	ENSMUSG00000074748	ENSRNOG00000083408
ENSG00000253729	PRKDC	ENSMUSG00000022672	ENSRNOG00000025028
ENSG00000253831	ETV3L	ENSMUSG00000118505	ENSRNOG00000043511
ENSG00000253958	CLDN23	ENSMUSG00000055976	ENSRNOG00000011424
ENSG00000254004	ZNF260	ENSMUSG00000049421	ENSRNOG00000020762
ENSG00000254087	LYN	ENSMUSG00000042228	ENSRNOG00000008180
ENSG00000254093	PINX1	ENSMUSG00000021958	ENSRNOG00000012012
ENSG00000254341	SNORD87	ENSMUSG00000093178	ENSRNOG00000060290
ENSG00000254402	LRRC24	ENSMUSG00000033707	ENSRNOG00000016204
ENSG00000254470	AP5B1	ENSMUSG00000049562	ENSRNOG00000026114
ENSG00000254535	PABPC4L	ENSMUSG00000090919	ENSRNOG00000075303
ENSG00000254585	MAGEL2	ENSMUSG00000056972	ENSRNOG00000010158
ENSG00000254685	FPGT	ENSMUSG00000053870	ENSRNOG00000009548
ENSG00000254726	MEX3A	ENSMUSG00000074480	ENSRNOG00000058654
ENSG00000254858	MPV17L2	ENSMUSG00000035559	ENSRNOG00000019394
ENSG00000254901	BORCS8	ENSMUSG00000002345	ENSRNOG00000020427
ENSG00000254999	BRK1	ENSMUSG00000033940	ENSRNOG00000010184
ENSG00000255072	PIGY	ENSMUSG00000010607	ENSRNOG00000052134
ENSG00000255112	CHMP1B	ENSMUSG00000109901	ENSRNOG00000074953
ENSG00000255150	EID3	ENSMUSG00000109864	ENSRNOG00000075657
ENSG00000255154	HTD2	ENSMUSG00000144287	ENSRNOG00000063660
ENSG00000255274	SMIM35	ENSMUSG00000091996	ENSRNOG00000076991
ENSG00000255302	EID1	ENSMUSG00000091337	ENSRNOG00000008452
ENSG00000255307	OR52B2	ENSMUSG00000043948	ENSRNOG00000025819
ENSG00000255359	CCDC179	ENSMUSG00000094445	ENSRNOG00000049297
ENSG00000255408	PCDHA3	ENSMUSG00000102312	ENSRNOG00000020119
ENSG00000255587	RAB44	ENSMUSG00000064147	ENSRNOG00000001869
ENSG00000255690	TRIL	ENSMUSG00000043496	ENSRNOG00000026941
ENSG00000255833	TIFAB	ENSMUSG00000049625	ENSRNOG00000011947
ENSG00000256043	CTSO	ENSMUSG00000028015	ENSRNOG00000066128
ENSG00000256053	COA8	ENSMUSG00000037787	ENSRNOG00000011542
ENSG00000256061	DNAAF4	ENSMUSG00000092192	ENSRNOG00000056654
ENSG00000256162	SMLR1	ENSMUSG00000096546	ENSRNOG00000077441
ENSG00000256235	SMIM3	ENSMUSG00000038059	ENSRNOG00000019536
ENSG00000256269	HMBS	ENSMUSG00000032126	ENSRNOG00000010390
ENSG00000256394	ASIC5	ENSMUSG00000028008	ENSRNOG00000011842
ENSG00000256453	DND1	ENSMUSG00000044595	ENSRNOG00000016894
ENSG00000256463	SALL3	ENSMUSG00000024565	ENSRNOG00000026116
ENSG00000256525	POLG2	ENSMUSG00000020718	ENSRNOG00000013728
ENSG00000256537	SMIM10L1	ENSMUSG00000072704	ENSRNOG00000047309
ENSG00000256574	OR13A1	ENSMUSG00000053391	ENSRNOG00000088485
ENSG00000256590	TRDV3	ENSMUSG00000076873	ENSRNOG00000033109
ENSG00000256660	CLEC12B	ENSMUSG00000030158	ENSRNOG00000053638
ENSG00000256806	C17orf100	ENSMUSG00000053574	ENSRNOG00000080030
ENSG00000256870	SLC5A8	ENSMUSG00000020062	ENSRNOG00000006367
ENSG00000257008	GPR142	ENSMUSG00000034677	ENSRNOG00000024446
ENSG00000257057	C11orf97	ENSMUSG00000031927	ENSRNOG00000009203
ENSG00000257093	DENND11	ENSMUSG00000037172	ENSRNOG00000011854
ENSG00000257103	LSM14A	ENSMUSG00000066568	ENSRNOG00000021133
ENSG00000257108	NHLRC4	ENSMUSG00000090113	ENSRNOG00000067173
ENSG00000257218	GATC	ENSMUSG00000029536	ENSRNOG00000045621
ENSG00000257315	ZBED6	ENSMUSG00000094410	ENSRNOG00000053210
ENSG00000257335	MGAM	ENSMUSG00000068587	ENSRNOG00000026177
ENSG00000257365	FNTB	ENSMUSG00000033373	ENSRNOG00000071324
ENSG00000257446	ZNF878	ENSMUSG00000054519	ENSRNOG00000022431
ENSG00000257727	CNPY2	ENSMUSG00000025381	ENSRNOG00000003549
ENSG00000257743	MGAM2	ENSMUSG00000102802	ENSRNOG00000066165
ENSG00000257923	CUX1	ENSMUSG00000029705	ENSRNOG00000001424
ENSG00000257949	TEN1	ENSMUSG00000020778	ENSRNOG00000060307
ENSG00000257987	SPMIP11	ENSMUSG00000022993	ENSRNOG00000057264
ENSG00000258083	OR9A4	ENSMUSG00000045514	ENSRNOG00000077728
ENSG00000258223	PRSS58	ENSMUSG00000051936	ENSRNOG00000013132
ENSG00000258227	CLEC5A	ENSMUSG00000029915	ENSRNOG00000026306
ENSG00000258289	CHURC1	ENSMUSG00000090258	ENSRNOG00000007660
ENSG00000258315	BACC1	ENSMUSG00000020831	ENSRNOG00000018829
ENSG00000258366	RTEL1	ENSMUSG00000038685	ENSRNOG00000027513
ENSG00000258429	PDF	ENSMUSG00000078931	ENSRNOG00000022303
ENSG00000258436	RNASE12	ENSMUSG00000068407	ENSRNOG00000042612
ENSG00000258484	SPESP1	ENSMUSG00000046846	ENSRNOG00000025359
ENSG00000258818	RNASE4	ENSMUSG00000021876	ENSRNOG00000025625
ENSG00000258839	MC1R	ENSMUSG00000074037	ENSRNOG00000074229
ENSG00000258890	CEP95	ENSMUSG00000018372	ENSRNOG00000014354
ENSG00000258947	TUBB3	ENSMUSG00000062380	ENSRNOG00000017209
ENSG00000258986	TMEM179	ENSMUSG00000054013	ENSRNOG00000013128
ENSG00000259207	ITGB3	ENSMUSG00000020689	ENSRNOG00000048449
ENSG00000259330	INAFM2	ENSMUSG00000074918	ENSRNOG00000066025
ENSG00000259417	CTXND1	ENSMUSG00000097789	ENSRNOG00000084604
ENSG00000259431	THTPA	ENSMUSG00000045691	ENSRNOG00000018105
ENSG00000259494	MRPL46	ENSMUSG00000030612	ENSRNOG00000018547
ENSG00000259823	LYPD8	ENSMUSG00000013643	ENSRNOG00000026844
ENSG00000259956	RBM15B	ENSMUSG00000074102	ENSRNOG00000014161
ENSG00000260001	TGFBR3L	ENSMUSG00000089736	ENSRNOG00000050573
ENSG00000260027	HOXB7	ENSMUSG00000038721	ENSRNOG00000007611
ENSG00000260220	CCDC187	ENSMUSG00000048038	ENSRNOG00000027392
ENSG00000260230	FRRS1L	ENSMUSG00000045589	ENSRNOG00000043103
ENSG00000260286	ARMH2	ENSMUSG00000085861	ENSRNOG00000064812
ENSG00000260314	MRC1	ENSMUSG00000026712	ENSRNOG00000018251
ENSG00000260325	HSPB9	ENSMUSG00000017832	ENSRNOG00000036819
ENSG00000260428	SCX	ENSMUSG00000034161	ENSRNOG00000021812
ENSG00000260456	C16orf95	ENSMUSG00000031809	ENSRNOG00000050028
ENSG00000260734	TLE7	ENSMUSG00000095941	ENSRNOG00000038741
ENSG00000260802	SERTM2	ENSMUSG00000085139	ENSRNOG00000069564
ENSG00000260916	CCPG1	ENSMUSG00000034563	ENSRNOG00000053428
ENSG00000261115	TMEM178B	ENSMUSG00000057716	ENSRNOG00000047635
ENSG00000261150	EPPK1	ENSMUSG00000118671	ENSRNOG00000068431
ENSG00000261221	ZNF865	ENSMUSG00000074405	ENSRNOG00000028628
ENSG00000261236	BOP1	ENSMUSG00000022557	ENSRNOG00000021773
ENSG00000261308	FIGNL2	ENSMUSG00000095440	ENSRNOG00000032026
ENSG00000261341	SMIM47	ENSMUSG00000087376	ENSRNOG00000084936
ENSG00000261371	PECAM1	ENSMUSG00000020717	ENSRNOG00000066008
ENSG00000261587	CATSPERQ	ENSMUSG00000116376	ENSRNOG00000088314
ENSG00000261594	TPBGL	ENSMUSG00000096606	ENSRNOG00000090397
ENSG00000261609	GAN	ENSMUSG00000052557	ENSRNOG00000012671
ENSG00000261652	PIERCE2	ENSMUSG00000086158	ENSRNOG00000052869
ENSG00000261678	SCRT1	ENSMUSG00000048385	ENSRNOG00000025594
ENSG00000261787	TCF24	ENSMUSG00000099032	ENSRNOG00000087348
ENSG00000261857	MIA	ENSMUSG00000089661	ENSRNOG00000001499
ENSG00000261949	GFY	ENSMUSG00000095276	ENSRNOG00000047401
ENSG00000262152	GREP1	ENSMUSG00000043747	ENSRNOG00000065545
ENSG00000262165	C17orf114	ENSMUSG00000109833	ENSRNOG00000062768
ENSG00000262179	MYMX	ENSMUSG00000079471	ENSRNOG00000042497
ENSG00000262246	CORO7	ENSMUSG00000039637	ENSRNOG00000004146
ENSG00000262406	MMP12	ENSMUSG00000049723	ENSRNOG00000030187
ENSG00000262484	CCER2	ENSMUSG00000096257	ENSRNOG00000046971
ENSG00000262655	SPON1	ENSMUSG00000038156	ENSRNOG00000058003
ENSG00000262664	OVCA2	ENSMUSG00000038268	ENSRNOG00000082594
ENSG00000262814	MRPL12	ENSMUSG00000039640	ENSRNOG00000036695
ENSG00000262874	C19orf84	ENSMUSG00000118553	ENSRNOG00000068198
ENSG00000262919	CCNQ	ENSMUSG00000049489	ENSRNOG00000022582
ENSG00000263001	GTF2I	ENSMUSG00000060261	ENSRNOG00000001479
ENSG00000263155	MYZAP	ENSMUSG00000041361	ENSRNOG00000071258
ENSG00000263429	TMEM238L	ENSMUSG00000085683	ENSRNOG00000069550
ENSG00000263528	IKBKE	ENSMUSG00000042349	ENSRNOG00000025100
ENSG00000263639	MSMB	ENSMUSG00000021907	ENSRNOG00000039786
ENSG00000263761	GDF2	ENSMUSG00000072625	ENSRNOG00000057751
ENSG00000263776	SNORA4	ENSMUSG00000065208	ENSRNOG00000056026
ENSG00000264294	SNORD55	ENSMUSG00000092680	ENSRNOG00000054324
ENSG00000264364	DYNLL2	ENSMUSG00000020483	ENSRNOG00000008921
ENSG00000264522	OTUD7B	ENSMUSG00000038495	ENSRNOG00000042068
ENSG00000264994	SNORD92	ENSMUSG00000093289	ENSRNOG00000058488
ENSG00000265107	GJA5	ENSMUSG00000057123	ENSRNOG00000017484
ENSG00000265145	SNORD53	ENSMUSG00000092887	ENSRNOG00000054970
ENSG00000265203	RBP3	ENSMUSG00000041534	ENSRNOG00000051911
ENSG00000265236	SNORD84	ENSMUSG00000075770	ENSRNOG00000061767
ENSG00000265491	RNF115	ENSMUSG00000028098	ENSRNOG00000000098
ENSG00000265706	SNORD53B	ENSMUSG00000092713	ENSRNOG00000060589
ENSG00000265735	RN7SL5P	ENSMUSG00000092746	ENSRNOG00000055749
ENSG00000265763	ZNF488	ENSMUSG00000044519	ENSRNOG00000057542
ENSG00000265808	SEC22B	ENSMUSG00000027879	ENSRNOG00000018673
ENSG00000265972	TXNIP	ENSMUSG00000038393	ENSRNOG00000021201
ENSG00000266074	BAHCC1	ENSMUSG00000039741	ENSRNOG00000043102
ENSG00000266094	RASSF5	ENSMUSG00000026430	ENSRNOG00000005342
ENSG00000266173	STRADA	ENSMUSG00000069631	ENSRNOG00000008637
ENSG00000266200	PNLIPRP2	ENSMUSG00000025091	ENSRNOG00000017982
ENSG00000266265	KLF14	ENSMUSG00000073209	ENSRNOG00000027557
ENSG00000266412	NCOA4	ENSMUSG00000056234	ENSRNOG00000019768
ENSG00000266472	MRPS21	ENSMUSG00000054312	ENSRNOG00000024845
ENSG00000266524	GDF10	ENSMUSG00000021943	ENSRNOG00000051993
ENSG00000266714	MYO15B	ENSMUSG00000034427	ENSRNOG00000042445
ENSG00000266964	FXYD1	ENSMUSG00000036570	ENSRNOG00000021079
ENSG00000266967	AARSD1	ENSMUSG00000075528	ENSRNOG00000020658
ENSG00000267060	PTGES3L	ENSMUSG00000097487	ENSRNOG00000050347
ENSG00000267200	MIR132	ENSMUSG00000065537	ENSRNOG00000035516
ENSG00000267206	LCN6	ENSMUSG00000045684	ENSRNOG00000028095
ENSG00000267467	APOC4	ENSMUSG00000074336	ENSRNOG00000018405
ENSG00000267534	S1PR2	ENSMUSG00000043895	ENSRNOG00000020653
ENSG00000267673	FDX2	ENSMUSG00000079677	ENSRNOG00000023020
ENSG00000267710	EDDM13	ENSMUSG00000053367	ENSRNOG00000064702
ENSG00000267795	SMIM22	ENSMUSG00000096215	ENSRNOG00000080339
ENSG00000267796	LIN37	ENSMUSG00000036845	ENSRNOG00000020929
ENSG00000267909	CCDC177	ENSMUSG00000062961	ENSRNOG00000033973
ENSG00000268041	ERFL	ENSMUSG00000108367	ENSRNOG00000068986
ENSG00000268089	GABRQ	ENSMUSG00000031344	ENSRNOG00000053402
ENSG00000268182	SMIM17	ENSMUSG00000093536	ENSRNOG00000067119
ENSG00000268223	ARL14EPL	ENSMUSG00000073568	ENSRNOG00000025590
ENSG00000268480	NFILZ	ENSMUSG00000117495	ENSRNOG00000063608
ENSG00000269058	CALR3	ENSMUSG00000019732	ENSRNOG00000013260
ENSG00000269113	TRABD2B	ENSMUSG00000070867	ENSRNOG00000029141
ENSG00000269190	FBXO17	ENSMUSG00000030598	ENSRNOG00000019942
ENSG00000269313	MAGIX	ENSMUSG00000031147	ENSRNOG00000010092
ENSG00000269335	IKBKG	ENSMUSG00000004221	ENSRNOG00000060936
ENSG00000269404	SPIB	ENSMUSG00000008193	ENSRNOG00000019660
ENSG00000269556	TMEM185A	ENSMUSG00000073139	ENSRNOG00000011047
ENSG00000269720	CCDC194	ENSMUSG00000108900	ENSRNOG00000062469
ENSG00000269743	SLC25A53	ENSMUSG00000044348	ENSRNOG00000069699
ENSG00000269855	RNF225	ENSMUSG00000033967	ENSRNOG00000038445
ENSG00000269858	EGLN2	ENSMUSG00000058709	ENSRNOG00000020947
ENSG00000269964	MEI4	ENSMUSG00000043289	ENSRNOG00000023794
ENSG00000270170	NCBP2AS2	ENSMUSG00000107002	ENSRNOG00000067943
ENSG00000270276	H4C15	ENSMUSG00000069305	ENSRNOG00000065263
ENSG00000270379	HEATR9	ENSMUSG00000018925	ENSRNOG00000037100
ENSG00000270647	TAF15	ENSMUSG00000020680	ENSRNOG00000058393
ENSG00000270765	GAS2L2	ENSMUSG00000020686	ENSRNOG00000047546
ENSG00000270806	C17orf50	ENSMUSG00000035085	ENSRNOG00000049757
ENSG00000270885	RASL10B	ENSMUSG00000020684	ENSRNOG00000010302
ENSG00000271271	UGT2A2	ENSMUSG00000029268	ENSRNOG00000064759
ENSG00000271303	SRXN1	ENSMUSG00000032802	ENSRNOG00000031167
ENSG00000271447	MMP28	ENSMUSG00000020682	ENSRNOG00000047940
ENSG00000271601	LIX1L	ENSMUSG00000049288	ENSRNOG00000021213
ENSG00000271605	MILR1	ENSMUSG00000040528	ENSRNOG00000042524
ENSG00000271739	RNU1-29P	ENSMUSG00000064889	ENSRNOG00000056523
ENSG00000271824	SMIM32	ENSMUSG00000110086	ENSRNOG00000077112
ENSG00000271852	SNORD11B	ENSMUSG00000089512	ENSRNOG00000056779
ENSG00000271886	MIR98	ENSMUSG00000065536	ENSRNOG00000035656
ENSG00000271907	SNORA35B	ENSMUSG00000084421	ENSRNOG00000057745
ENSG00000272031	ANKRD34A	ENSMUSG00000049097	ENSRNOG00000033741
ENSG00000272036	MIR139	ENSMUSG00000065446	ENSRNOG00000035601
ENSG00000272080	MIR502	ENSMUSG00000070108	ENSRNOG00000036262
ENSG00000272160	RNU4-5P	ENSMUSG00000064419	ENSRNOG00000064124
ENSG00000272296	SNORD96A	ENSMUSG00000064725	ENSRNOG00000060502
ENSG00000272325	NUDT3	ENSMUSG00000024213	ENSRNOG00000061176
ENSG00000272333	KMT2B	ENSMUSG00000006307	ENSRNOG00000055525
ENSG00000272359	RNU4-89P	ENSMUSG00000065630	ENSRNOG00000067392
ENSG00000272398	CD24	ENSMUSG00000047139	ENSRNOG00000000321
ENSG00000272514	CFAP206	ENSMUSG00000028294	ENSRNOG00000009061
ENSG00000272573	MUSTN1	ENSMUSG00000042485	ENSRNOG00000017369
ENSG00000272636	DOC2B	ENSMUSG00000020848	ENSRNOG00000060054
ENSG00000272856	SCPPPQ1	ENSMUSG00000091034	ENSRNOG00000050047
ENSG00000272886	DCP1A	ENSMUSG00000021962	ENSRNOG00000016015
ENSG00000272899	SPMIP1	ENSMUSG00000090685	ENSRNOG00000086561
ENSG00000273079	GRIN2B	ENSMUSG00000030209	ENSRNOG00000008766
ENSG00000273111	LYPD4	ENSMUSG00000062732	ENSRNOG00000020098
ENSG00000273238	TMEM271	ENSMUSG00000105867	ENSRNOG00000076968
ENSG00000273274	ZBTB8B	ENSMUSG00000048485	ENSRNOG00000026898
ENSG00000273540	AGBL1	ENSMUSG00000025754	ENSRNOG00000022610
ENSG00000273559	CWC25	ENSMUSG00000018541	ENSRNOG00000004091
ENSG00000273604	EPOP	ENSMUSG00000043439	ENSRNOG00000048187
ENSG00000273706	LHX1	ENSMUSG00000018698	ENSRNOG00000002812
ENSG00000273749	CYFIP1	ENSMUSG00000030447	ENSRNOG00000011945
ENSG00000273777	CEACAM20	ENSMUSG00000070777	ENSRNOG00000019260
ENSG00000273820	USP27X	ENSMUSG00000046269	ENSRNOG00000002844
ENSG00000273899	NOL12	ENSMUSG00000033099	ENSRNOG00000010209
ENSG00000274070	CASTOR2	ENSMUSG00000015944	ENSRNOG00000067286
ENSG00000274180	NATD1	ENSMUSG00000018931	ENSRNOG00000089004
ENSG00000274209	ANTXRL	ENSMUSG00000047441	ENSRNOG00000052152
ENSG00000274211	SOCS7	ENSMUSG00000038485	ENSRNOG00000059008
ENSG00000274286	ADRA2B	ENSMUSG00000058620	ENSRNOG00000013887
ENSG00000274309	SNORA71E	ENSMUSG00000065840	ENSRNOG00000069717
ENSG00000274443	C8orf89	ENSMUSG00000067795	ENSRNOG00000047310
ENSG00000274523	RCC1L	ENSMUSG00000061979	ENSRNOG00000001483
ENSG00000274529	SEBOX	ENSMUSG00000001103	ENSRNOG00000009979
ENSG00000274588	DGKK	ENSMUSG00000062393	ENSRNOG00000039323
ENSG00000274705	MIR486-1	ENSMUSG00000070084	ENSRNOG00000062490
ENSG00000274749	KRTAP7-1	ENSMUSG00000056706	ENSRNOG00000043017
ENSG00000274755	U2	ENSMUSG00000084700	ENSRNOG00000057415
ENSG00000275004	ZNF280B	ENSMUSG00000049764	ENSRNOG00000028441
ENSG00000275023	MLLT6	ENSMUSG00000038437	ENSRNOG00000053285
ENSG00000275052	PPP4R3B	ENSMUSG00000020463	ENSRNOG00000003712
ENSG00000275066	SYNRG	ENSMUSG00000034940	ENSRNOG00000053814
ENSG00000275074	NUDT18	ENSMUSG00000045211	ENSRNOG00000011831
ENSG00000275111	ZNF2	ENSMUSG00000034800	ENSRNOG00000068677
ENSG00000275183	LENG9	ENSMUSG00000043432	ENSRNOG00000069605
ENSG00000275342	PRAG1	ENSMUSG00000050271	ENSRNOG00000011407
ENSG00000275410	HNF1B	ENSMUSG00000020679	ENSRNOG00000002598
ENSG00000275489	SPMAP1	ENSMUSG00000018543	ENSRNOG00000036888
ENSG00000275572	GRIFIN	ENSMUSG00000036586	ENSRNOG00000001251
ENSG00000275591	XKR5	ENSMUSG00000039814	ENSRNOG00000028636
ENSG00000275700	AATF	ENSMUSG00000018697	ENSRNOG00000002778
ENSG00000275722	LYZL6	ENSMUSG00000020945	ENSRNOG00000003501
ENSG00000275832	ARHGAP23	ENSMUSG00000049807	ENSRNOG00000022771
ENSG00000275835	TUBGCP5	ENSMUSG00000033790	ENSRNOG00000011480
ENSG00000275996	SNORD27	ENSMUSG00000065281	ENSRNOG00000054315
ENSG00000276043	UHRF1	ENSMUSG00000001228	ENSRNOG00000048411
ENSG00000276045	ORAI1	ENSMUSG00000049686	ENSRNOG00000001336
ENSG00000276168	RN7SL1	ENSMUSG00000118866	ENSRNOG00000085881
ENSG00000276231	PIK3R6	ENSMUSG00000046207	ENSRNOG00000003992
ENSG00000276234	TADA2A	ENSMUSG00000018651	ENSRNOG00000002757
ENSG00000276293	PIP4K2B	ENSMUSG00000018547	ENSRNOG00000013030
ENSG00000276314	SNORD107	ENSMUSG00000089375	ENSRNOG00000058701
ENSG00000276547	PCDHGB5	ENSMUSG00000103749	ENSRNOG00000063070
ENSG00000276600	RAB7B	ENSMUSG00000052688	ENSRNOG00000039754
ENSG00000276610	SNORD64	ENSMUSG00000077191	ENSRNOG00000064509
ENSG00000276644	DACH1	ENSMUSG00000055639	ENSRNOG00000008834
ENSG00000276747	PADI6	ENSMUSG00000040935	ENSRNOG00000037079
ENSG00000276788	SNORD26	ENSMUSG00000065392	ENSRNOG00000060079
ENSG00000276819	TRBV15	ENSMUSG00000076474	ENSRNOG00000067295
ENSG00000276950	GSTT4	ENSMUSG00000009093	ENSRNOG00000038300
ENSG00000277108	SNORD49B	ENSMUSG00000064437	ENSRNOG00000057240
ENSG00000277161	PIGW	ENSMUSG00000045140	ENSRNOG00000027857
ENSG00000277184	SNORA9	ENSMUSG00000064513	ENSRNOG00000056382
ENSG00000277200	CCDC92B	ENSMUSG00000069814	ENSRNOG00000069756
ENSG00000277363	SRCIN1	ENSMUSG00000038453	ENSRNOG00000011475
ENSG00000277370	SNORD49A	ENSMUSG00000065734	ENSRNOG00000058899
ENSG00000277399	GPR179	ENSMUSG00000070337	ENSRNOG00000085920
ENSG00000277443	MARCKS	ENSMUSG00000069662	ENSRNOG00000000579
ENSG00000277481	PKD1L3	ENSMUSG00000048827	ENSRNOG00000052310
ENSG00000277494	GPIHBP1	ENSMUSG00000022579	ENSRNOG00000064680
ENSG00000277531	PNMA8C	ENSMUSG00000108348	ENSRNOG00000085936
ENSG00000277586	NEFL	ENSMUSG00000022055	ENSRNOG00000013658
ENSG00000277846	SNORD30	ENSMUSG00000065782	ENSRNOG00000061138
ENSG00000277887	SNORA50C	ENSMUSG00000080540	ENSRNOG00000052344
ENSG00000277893	SRD5A2	ENSMUSG00000038541	ENSRNOG00000027042
ENSG00000277972	CISD3	ENSMUSG00000078695	ENSRNOG00000036894
ENSG00000278023	RDM1	ENSMUSG00000010362	ENSRNOG00000020751
ENSG00000278057	TEX28	ENSMUSG00000062564	ENSRNOG00000051438
ENSG00000278129	ZNF8	ENSMUSG00000060397	ENSRNOG00000031459
ENSG00000278195	SSTR3	ENSMUSG00000044933	ENSRNOG00000007332
ENSG00000278224	PRICKLE4	ENSMUSG00000096549	ENSRNOG00000014180
ENSG00000278259	MYO19	ENSMUSG00000020527	ENSRNOG00000002852
ENSG00000278311	GGNBP2	ENSMUSG00000020530	ENSRNOG00000027860
ENSG00000278505	C17orf78	ENSMUSG00000051452	ENSRNOG00000028116
ENSG00000278535	DHRS11	ENSMUSG00000034449	ENSRNOG00000027891
ENSG00000278540	ACACA	ENSMUSG00000020532	ENSRNOG00000034013
ENSG00000278570	NR2E3	ENSMUSG00000032292	ENSRNOG00000050690
ENSG00000278615	C11orf98	ENSMUSG00000071653	ENSRNOG00000019701
ENSG00000278619	MRM1	ENSMUSG00000018405	ENSRNOG00000027901
ENSG00000278685	DRC11L	ENSMUSG00000038199	ENSRNOG00000011092
ENSG00000278845	MRPL45	ENSMUSG00000018882	ENSRNOG00000010540
ENSG00000278870	OR51G1	ENSMUSG00000045792	ENSRNOG00000015673
ENSG00000279961	OR8U3	ENSMUSG00000050577	ENSRNOG00000031811
ENSG00000280090	OR8B4	ENSMUSG00000066747	ENSRNOG00000076835
ENSG00000280094	OR1B1	ENSMUSG00000075377	ENSRNOG00000089548
ENSG00000280165	PCDH20	ENSMUSG00000050505	ENSRNOG00000013306
ENSG00000281406	BLACAT1	ENSMUSG00000118219	ENSRNOG00000076186
ENSG00000281859	SNORD38B	ENSMUSG00000064542	ENSRNOG00000057993
ENSG00000281910	SNORA50A	ENSMUSG00000065211	ENSRNOG00000070143
ENSG00000282608	ADORA3	ENSMUSG00000000562	ENSRNOG00000015788
ENSG00000282872	C1orf232	ENSMUSG00000108398	ENSRNOG00000054734
ENSG00000282881	TMEM275	ENSMUSG00000034185	ENSRNOG00000066278
ENSG00000283136	U6	ENSMUSG00000088928	ENSRNOG00000059003
ENSG00000283159	MIR665	ENSMUSG00000076313	ENSRNOG00000040355
ENSG00000283199	C13orf46	ENSMUSG00000031452	ENSRNOG00000026740
ENSG00000283267	FAM237B	ENSMUSG00000073234	ENSRNOG00000039863
ENSG00000283288	SMIM33	ENSMUSG00000073598	ENSRNOG00000079652
ENSG00000283297	TEX52	ENSMUSG00000079304	ENSRNOG00000062735
ENSG00000283329	FAM240B	ENSMUSG00000096537	ENSRNOG00000050209
ENSG00000283369	U6	ENSMUSG00002076732	ENSRNOG00000065192
ENSG00000283428	CCDC195	ENSMUSG00000110100	ENSRNOG00000068281
ENSG00000283434	CSNK2A2IP	ENSMUSG00000068167	ENSRNOG00000068003
ENSG00000283439	SPEM3	ENSMUSG00000109737	ENSRNOG00000069891
ENSG00000283516	LITAFD	ENSMUSG00000107252	ENSRNOG00000055413
ENSG00000283526	PRRT1B	ENSMUSG00000079497	ENSRNOG00000046655
ENSG00000283551	SNORD98	ENSMUSG00000080469	ENSRNOG00000051927
ENSG00000283555	U2	ENSMUSG00000065742	ENSRNOG00000063003
ENSG00000283567	C19orf85	ENSMUSG00000110221	ENSRNOG00000069979
ENSG00000283632	EXOC3L2	ENSMUSG00000011263	ENSRNOG00000017448
ENSG00000283654	CIROP	ENSMUSG00000114865	ENSRNOG00000057827
ENSG00000283703	VSIG10L2	ENSMUSG00000098590	ENSRNOG00000055680
ENSG00000283706	PRSS50	ENSMUSG00000048752	ENSRNOG00000037175
ENSG00000283758	PMIS2	ENSMUSG00000049761	ENSRNOG00000082051
ENSG00000283762	MIR20A	ENSMUSG00000065442	ENSRNOG00000035605
ENSG00000283787	PRR33	ENSMUSG00000043795	ENSRNOG00000051534
ENSG00000283815	MIR18A	ENSMUSG00000065403	ENSRNOG00000035645
ENSG00000283819	MIR144	ENSMUSG00000065401	ENSRNOG00000035647
ENSG00000283824	MIR22	ENSMUSG00000065529	ENSRNOG00000035620
ENSG00000283844	MIR214	ENSMUSG00000065516	ENSRNOG00000035513
ENSG00000283891	MIR628	ENSMUSG00002075273	ENSRNOG00000056387
ENSG00000283899	MIR761	ENSMUSG00000076444	ENSRNOG00000040424
ENSG00000283904	MIR155	ENSMUSG00000065397	ENSRNOG00000050840
ENSG00000283926	MIR192	ENSMUSG00000065523	ENSRNOG00000035530
ENSG00000283990	MIRLET7A3	ENSMUSG00000065608	ENSRNOG00000035461
ENSG00000284024	MSANTD7	ENSMUSG00000051396	ENSRNOG00000065772
ENSG00000284027	MIR497	ENSMUSG00000105220	ENSRNOG00000036260
ENSG00000284038	MIR10A	ENSMUSG00000065519	ENSRNOG00000035535
ENSG00000284112	MIR195	ENSMUSG00000065411	ENSRNOG00000035638
ENSG00000284140	MIR3618	ENSMUSG00000093246	ENSRNOG00000049439
ENSG00000284179	MIR7-1	ENSMUSG00000065434	ENSRNOG00000035613
ENSG00000284202	MIR137	ENSMUSG00000065569	ENSRNOG00000035491
ENSG00000284203	MIR29B2	ENSMUSG00000065412	ENSRNOG00000035637
ENSG00000284204	MIR19A	ENSMUSG00000065416	ENSRNOG00000035578
ENSG00000284251	MIR711	ENSMUSG00000076142	ENSRNOG00000036531
ENSG00000284321	MIR124-1	ENSMUSG00000065597	ENSRNOG00000035471
ENSG00000284353	MIR142	ENSMUSG00000105196	ENSRNOG00000035633
ENSG00000284357	MIR34A	ENSMUSG00000065493	ENSRNOG00000035623
ENSG00000284375	MIR19B1	ENSMUSG00000076256	ENSRNOG00000035462
ENSG00000284386	MIR147B	ENSMUSG00000076309	ENSRNOG00000036445
ENSG00000284395	PERCC1	ENSMUSG00000114245	ENSRNOG00000065484
ENSG00000284536	MIR17	ENSMUSG00000065508	ENSRNOG00000035657
ENSG00000284544	MIR330	ENSMUSG00000065543	ENSRNOG00000035565
ENSG00000284567	MIR223	ENSMUSG00000076066	ENSRNOG00000035505
ENSG00000284638	SMIM44	ENSMUSG00000114004	ENSRNOG00000066999
ENSG00000284701	TMEM247	ENSMUSG00000037689	ENSRNOG00000046926
ENSG00000284713	SMIM38	ENSMUSG00000109305	ENSRNOG00000088291
ENSG00000284723	OR8S1	ENSMUSG00000062037	ENSRNOG00000078925
ENSG00000284753	EEF1AKMT4	ENSMUSG00000115219	ENSRNOG00000029529
ENSG00000284770	TBCE	ENSMUSG00000039233	ENSRNOG00000029667
ENSG00000284797	CIST1	ENSMUSG00000095026	ENSRNOG00000043249
ENSG00000284844	TOMT	ENSMUSG00000078630	ENSRNOG00000023434
ENSG00000284862	CCDC39	ENSMUSG00000027676	ENSRNOG00000011440
ENSG00000285946	LCE7A	ENSMUSG00000103523	ENSRNOG00000065845
ENSG00000286053	ASDURF	ENSMUSG00000117809	ENSRNOG00000065791
ENSG00000286105	TMEM217B	ENSMUSG00000091614	ENSRNOG00000065684
ENSG00000286140	DERPC	ENSMUSG00000117748	ENSRNOG00000047246
ENSG00000287080	H3C3	ENSMUSG00000099517	ENSRNOG00000087873
ENSG00000287363	CIMIP3	ENSMUSG00000047150	ENSRNOG00000015386
ENSG00000288611	NPBWR1	ENSMUSG00000033774	ENSRNOG00000071533
ENSG00000288649	ACTL10	ENSMUSG00000078129	ENSRNOG00000075669
ENSG00000288701	PRRC2B	ENSMUSG00000039262	ENSRNOG00000010217
ENSG00000288825	H2AC18	ENSMUSG00000064220	ENSRNOG00000062927
ENSG00000290292	HOMEZ	ENSMUSG00000057156	ENSRNOG00000014887
ENSG00000291237	SOD2	ENSMUSG00000006818	ENSRNOG00000086727
ENSG00000291317	TMEM276	ENSMUSG00000121584	ENSRNOG00000087425
ENSG00000310517	CAST	ENSMUSG00000021585	ENSRNOG00000010286
ENSG00000310560	PAXX	ENSMUSG00000047617	ENSRNOG00000015294
ENSG00000310576	FAM174C	ENSMUSG00000035595	ENSRNOG00000075371
ENSG00000310745	SNORD44	ENSMUSG00000084667	ENSRNOG00000055652
ENSG00000310749	SNORD74	ENSMUSG00000064440	ENSRNOG00000054347
